2025-12-17T19:55:59.962+0800	INFO	backend/main.go:32	===============================================
2025-12-17T19:55:59.977+0800	INFO	backend/main.go:33	logger init success...
2025-12-17T19:55:59.981+0800	INFO	backend/main.go:43	mysql init success...
2025-12-17T19:55:59.982+0800	INFO	backend/main.go:51	redis init success...
2025-12-17T19:56:13.019+0800	INFO	logger/logger.go:81	/	{"status": 200, "method": "GET", "path": "/", "query": "", "ip": "::1", "user-agent": "Mozilla/5.0 (Windows NT 10.0; Win64; x64) AppleWebKit/537.36 (KHTML, like Gecko) Chrome/143.0.0.0 Safari/537.36 Edg/143.0.0.0", "errors": "", "cost": 0}
2025-12-17T19:58:29.277+0800	INFO	backend/main.go:73	Shutdown server ...
2025-12-17T19:58:29.280+0800	INFO	backend/main.go:79	Server exiting
2025-12-17T19:58:32.281+0800	INFO	backend/main.go:32	===============================================
2025-12-17T19:58:32.292+0800	INFO	backend/main.go:33	logger init success...
2025-12-17T19:58:32.295+0800	INFO	backend/main.go:43	mysql init success...
2025-12-17T19:58:32.296+0800	INFO	backend/main.go:51	redis init success...
2025-12-17T20:34:52.882+0800	INFO	backend/main.go:73	Shutdown server ...
2025-12-17T20:34:52.883+0800	INFO	backend/main.go:79	Server exiting
2025-12-17T21:06:27.678+0800	INFO	backend/main.go:32	===============================================
2025-12-17T21:06:27.702+0800	INFO	backend/main.go:33	logger init success...
2025-12-17T21:06:27.715+0800	INFO	backend/main.go:43	mysql init success...
2025-12-17T21:06:27.717+0800	INFO	backend/main.go:51	redis init success...
2025-12-17T21:06:28.179+0800	INFO	backend/main.go:73	Shutdown server ...
2025-12-17T21:06:28.179+0800	INFO	backend/main.go:79	Server exiting
2025-12-17T21:06:43.519+0800	INFO	backend/main.go:33	===============================================
2025-12-17T21:06:43.532+0800	INFO	backend/main.go:34	logger init success...
2025-12-17T21:06:43.535+0800	INFO	backend/main.go:44	mysql init success...
2025-12-17T21:06:43.536+0800	INFO	backend/main.go:52	redis init success...
2025-12-17T21:06:43.537+0800	ERROR	backend/main.go:56	init snowflake failed, err: %v
	{"error": "parsing time \"\" as \"2006-01-02\": cannot parse \"\" as \"2006\""}
2025-12-17T21:12:27.577+0800	INFO	backend/main.go:33	===============================================
2025-12-17T21:12:27.593+0800	INFO	backend/main.go:34	logger init success...
2025-12-17T21:12:27.597+0800	INFO	backend/main.go:44	mysql init success...
2025-12-17T21:12:27.598+0800	INFO	backend/main.go:52	redis init success...
2025-12-17T21:12:27.599+0800	ERROR	snowflake/snowflake.go:17	time.Parse failed, err: 	{"error": "parsing time \"\" as \"2006-01-02\": cannot parse \"\" as \"2006\""}
2025-12-17T21:12:27.599+0800	ERROR	backend/main.go:56	init snowflake failed, err: 	{"error": "parsing time \"\" as \"2006-01-02\": cannot parse \"\" as \"2006\""}
2025-12-17T21:18:37.156+0800	INFO	backend/main.go:33	===============================================
2025-12-17T21:18:37.171+0800	INFO	backend/main.go:34	logger init success...
2025-12-17T21:18:37.175+0800	INFO	backend/main.go:44	mysql init success...
2025-12-17T21:18:37.177+0800	INFO	backend/main.go:52	redis init success...
2025-12-17T21:18:37.177+0800	ERROR	backend/main.go:56	init snowflake failed, err: 	{"error": "parsing time \"\" as \"2006-01-02\": cannot parse \"\" as \"2006\""}
2025-12-17T21:20:20.817+0800	INFO	backend/main.go:33	===============================================
2025-12-17T21:20:20.827+0800	INFO	backend/main.go:34	logger init success...
2025-12-17T21:20:20.829+0800	INFO	backend/main.go:44	mysql init success...
2025-12-17T21:20:20.830+0800	INFO	backend/main.go:52	redis init success...
2025-12-17T21:20:20.830+0800	ERROR	backend/main.go:56	init snowflake failed, err: 	{"error": "parsing time \"\" as \"2006-01-02\": cannot parse \"\" as \"2006\""}
2025-12-17T21:23:34.618+0800	INFO	backend/main.go:33	===============================================
2025-12-17T21:23:34.631+0800	INFO	backend/main.go:34	logger init success...
2025-12-17T21:23:34.635+0800	INFO	backend/main.go:44	mysql init success...
2025-12-17T21:23:34.636+0800	INFO	backend/main.go:52	redis init success...
2025-12-17T21:23:34.636+0800	ERROR	backend/main.go:58	init snowflake failed, err: 	{"error": "parsing time \"\" as \"2006-01-02\": cannot parse \"\" as \"2006\""}
2025-12-17T21:24:01.971+0800	INFO	backend/main.go:33	===============================================
2025-12-17T21:24:01.984+0800	INFO	backend/main.go:34	logger init success...
2025-12-17T21:24:01.988+0800	INFO	backend/main.go:44	mysql init success...
2025-12-17T21:24:01.989+0800	INFO	backend/main.go:52	redis init success...
2025-12-17T21:24:01.989+0800	ERROR	backend/main.go:58	init snowflake failed, err: 	{"error": "parsing time \"\" as \"2006-01-02\": cannot parse \"\" as \"2006\""}
2025-12-17T21:24:42.392+0800	INFO	backend/main.go:33	===============================================
2025-12-17T21:24:42.403+0800	INFO	backend/main.go:34	logger init success...
2025-12-17T21:24:42.405+0800	INFO	backend/main.go:44	mysql init success...
2025-12-17T21:24:42.406+0800	INFO	backend/main.go:52	redis init success...
2025-12-17T21:24:42.407+0800	ERROR	backend/main.go:58	init snowflake failed, err: 	{"error": "parsing time \"\" as \"2006-01-02\": cannot parse \"\" as \"2006\""}
2025-12-17T21:25:45.639+0800	INFO	backend/main.go:33	===============================================
2025-12-17T21:25:45.650+0800	INFO	backend/main.go:34	logger init success...
2025-12-17T21:25:45.653+0800	INFO	backend/main.go:44	mysql init success...
2025-12-17T21:25:45.653+0800	INFO	backend/main.go:52	redis init success...
2025-12-17T21:25:45.653+0800	ERROR	backend/main.go:59	init snowflake failed, err: 	{"error": "parsing time \"\" as \"2006-01-02\": cannot parse \"\" as \"2006\""}
2025-12-17T21:29:05.587+0800	INFO	backend/main.go:33	===============================================
2025-12-17T21:29:05.600+0800	INFO	backend/main.go:34	logger init success...
2025-12-17T21:29:05.602+0800	INFO	backend/main.go:44	mysql init success...
2025-12-17T21:29:05.603+0800	INFO	backend/main.go:52	redis init success...
2025-12-17T21:29:05.604+0800	INFO	backend/main.go:62	snowflake init success...
2025-12-17T21:31:28.300+0800	INFO	backend/main.go:85	Shutdown server ...
2025-12-17T21:31:28.301+0800	INFO	backend/main.go:91	Server exiting
2026-01-18T10:22:45.637+0800	INFO	backend/main.go:33	===============================================
2026-01-18T10:22:45.645+0800	INFO	backend/main.go:34	logger init success...
2026-01-18T10:22:45.667+0800	INFO	backend/main.go:44	mysql init success...
2026-01-18T10:22:45.667+0800	ERROR	backend/main.go:49	init redis failed, err: 	{"error": "dial tcp 127.0.0.1:6379: connectex: No connection could be made because the target machine actively refused it."}
2026-01-18T10:23:27.868+0800	INFO	backend/main.go:33	===============================================
2026-01-18T10:23:27.873+0800	INFO	backend/main.go:34	logger init success...
2026-01-18T10:23:27.885+0800	INFO	backend/main.go:44	mysql init success...
2026-01-18T10:23:27.885+0800	ERROR	backend/main.go:49	init redis failed, err: 	{"error": "dial tcp 127.0.0.1:6379: connectex: No connection could be made because the target machine actively refused it."}
2026-01-18T10:23:37.854+0800	INFO	backend/main.go:33	===============================================
2026-01-18T10:23:37.859+0800	INFO	backend/main.go:34	logger init success...
2026-01-18T10:23:37.862+0800	INFO	backend/main.go:44	mysql init success...
2026-01-18T10:23:37.862+0800	ERROR	backend/main.go:49	init redis failed, err: 	{"error": "dial tcp 127.0.0.1:6379: connectex: No connection could be made because the target machine actively refused it."}
2026-01-18T10:23:50.365+0800	INFO	backend/main.go:33	===============================================
2026-01-18T10:23:50.370+0800	INFO	backend/main.go:34	logger init success...
2026-01-18T10:23:50.371+0800	INFO	backend/main.go:44	mysql init success...
2026-01-18T10:23:50.372+0800	ERROR	backend/main.go:49	init redis failed, err: 	{"error": "dial tcp 127.0.0.1:6379: connectex: No connection could be made because the target machine actively refused it."}
2026-01-18T10:24:47.169+0800	INFO	backend/main.go:33	===============================================
2026-01-18T10:24:47.174+0800	INFO	backend/main.go:34	logger init success...
2026-01-18T10:24:47.176+0800	INFO	backend/main.go:44	mysql init success...
2026-01-18T10:24:47.177+0800	INFO	backend/main.go:52	redis init success...
2026-01-18T10:24:47.177+0800	INFO	backend/main.go:59	snowflake init success...
2026-01-18T10:35:26.346+0800	ERROR	controller/user.go:18	SignUp with invalid param	{"error": "EOF"}
2026-01-18T10:35:26.348+0800	INFO	logger/logger.go:81	/signup	{"status": 200, "method": "POST", "path": "/signup", "query": "", "ip": "::1", "user-agent": "PostmanRuntime/7.44.1", "errors": "", "cost": 0.0031721}
2026-01-18T10:36:34.303+0800	INFO	logger/logger.go:81	/signup	{"status": 200, "method": "POST", "path": "/signup", "query": "", "ip": "::1", "user-agent": "PostmanRuntime/7.44.1", "errors": "", "cost": 0.0131621}
2026-01-18T10:41:50.067+0800	INFO	backend/main.go:82	Shutdown server ...
2026-01-18T10:41:50.077+0800	INFO	backend/main.go:88	Server exiting
2026-01-18T10:41:59.348+0800	INFO	backend/main.go:33	===============================================
2026-01-18T10:41:59.352+0800	INFO	backend/main.go:34	logger init success...
2026-01-18T10:41:59.354+0800	INFO	backend/main.go:44	mysql init success...
2026-01-18T10:41:59.355+0800	INFO	backend/main.go:52	redis init success...
2026-01-18T10:41:59.355+0800	INFO	backend/main.go:59	snowflake init success...
2026-01-18T10:42:04.231+0800	INFO	logger/logger.go:81	/signup	{"status": 200, "method": "POST", "path": "/signup", "query": "", "ip": "::1", "user-agent": "PostmanRuntime/7.44.1", "errors": "", "cost": 0}
2026-01-18T10:42:08.652+0800	ERROR	controller/user.go:18	SignUp with invalid param	{"error": "invalid character '}' looking for beginning of object key string"}
2026-01-18T10:42:08.652+0800	ERROR	controller/user.go:26	SignUp with invalid param
2026-01-18T10:42:08.652+0800	INFO	logger/logger.go:81	/signup	{"status": 200, "method": "POST", "path": "/signup", "query": "", "ip": "::1", "user-agent": "PostmanRuntime/7.44.1", "errors": "", "cost": 0.0009484}
2026-01-18T10:42:47.370+0800	INFO	backend/main.go:82	Shutdown server ...
2026-01-18T10:42:47.370+0800	INFO	backend/main.go:88	Server exiting
2026-01-18T10:42:51.693+0800	INFO	backend/main.go:33	===============================================
2026-01-18T10:42:51.697+0800	INFO	backend/main.go:34	logger init success...
2026-01-18T10:42:51.699+0800	INFO	backend/main.go:44	mysql init success...
2026-01-18T10:42:51.699+0800	INFO	backend/main.go:52	redis init success...
2026-01-18T10:42:51.700+0800	INFO	backend/main.go:59	snowflake init success...
2026-01-18T10:42:56.933+0800	INFO	logger/logger.go:81	/signup	{"status": 200, "method": "POST", "path": "/signup", "query": "", "ip": "::1", "user-agent": "PostmanRuntime/7.44.1", "errors": "", "cost": 0}
2026-01-18T10:43:03.109+0800	INFO	backend/main.go:82	Shutdown server ...
2026-01-18T10:43:03.109+0800	INFO	backend/main.go:88	Server exiting
2026-01-18T10:43:06.430+0800	INFO	backend/main.go:33	===============================================
2026-01-18T10:43:06.435+0800	INFO	backend/main.go:34	logger init success...
2026-01-18T10:43:06.436+0800	INFO	backend/main.go:44	mysql init success...
2026-01-18T10:43:06.437+0800	INFO	backend/main.go:52	redis init success...
2026-01-18T10:43:06.437+0800	INFO	backend/main.go:59	snowflake init success...
2026-01-18T10:43:10.073+0800	ERROR	controller/user.go:26	SignUp with invalid param
2026-01-18T10:43:10.073+0800	INFO	logger/logger.go:81	/signup	{"status": 200, "method": "POST", "path": "/signup", "query": "", "ip": "::1", "user-agent": "PostmanRuntime/7.44.1", "errors": "", "cost": 0}
2026-01-18T10:49:47.709+0800	INFO	backend/main.go:82	Shutdown server ...
2026-01-18T10:49:47.709+0800	INFO	backend/main.go:88	Server exiting
2026-01-18T10:49:53.412+0800	INFO	backend/main.go:33	===============================================
2026-01-18T10:49:53.421+0800	INFO	backend/main.go:34	logger init success...
2026-01-18T10:49:53.422+0800	INFO	backend/main.go:44	mysql init success...
2026-01-18T10:49:53.423+0800	INFO	backend/main.go:52	redis init success...
2026-01-18T10:49:53.423+0800	INFO	backend/main.go:59	snowflake init success...
2026-01-18T10:50:07.945+0800	ERROR	controller/user.go:18	SignUp with invalid param	{"error": "Key: 'ParamSignUp.RePassword' Error:Field validation for 'RePassword' failed on the 'required' tag"}
2026-01-18T10:50:07.945+0800	INFO	logger/logger.go:81	/signup	{"status": 200, "method": "POST", "path": "/signup", "query": "", "ip": "::1", "user-agent": "PostmanRuntime/7.44.1", "errors": "", "cost": 0}
2026-01-18T10:50:13.627+0800	ERROR	controller/user.go:18	SignUp with invalid param	{"error": "Key: 'ParamSignUp.RePassword' Error:Field validation for 'RePassword' failed on the 'required' tag"}
2026-01-18T10:50:13.627+0800	INFO	logger/logger.go:81	/signup	{"status": 200, "method": "POST", "path": "/signup", "query": "", "ip": "::1", "user-agent": "PostmanRuntime/7.44.1", "errors": "", "cost": 0}
2026-01-18T10:50:17.483+0800	ERROR	controller/user.go:18	SignUp with invalid param	{"error": "Key: 'ParamSignUp.RePassword' Error:Field validation for 'RePassword' failed on the 'required' tag"}
2026-01-18T10:50:17.483+0800	INFO	logger/logger.go:81	/signup	{"status": 200, "method": "POST", "path": "/signup", "query": "", "ip": "::1", "user-agent": "PostmanRuntime/7.44.1", "errors": "", "cost": 0}
2026-01-18T10:51:17.994+0800	ERROR	controller/user.go:18	SignUp with invalid param	{"error": "Key: 'ParamSignUp.RePassword' Error:Field validation for 'RePassword' failed on the 'required' tag"}
2026-01-18T10:51:17.994+0800	INFO	logger/logger.go:81	/signup	{"status": 200, "method": "POST", "path": "/signup", "query": "", "ip": "::1", "user-agent": "PostmanRuntime/7.44.1", "errors": "", "cost": 0}
2026-01-18T10:51:43.228+0800	INFO	backend/main.go:82	Shutdown server ...
2026-01-18T10:51:43.228+0800	INFO	backend/main.go:88	Server exiting
2026-01-18T10:51:47.062+0800	INFO	backend/main.go:33	===============================================
2026-01-18T10:51:47.066+0800	INFO	backend/main.go:34	logger init success...
2026-01-18T10:51:47.068+0800	INFO	backend/main.go:44	mysql init success...
2026-01-18T10:51:47.069+0800	INFO	backend/main.go:52	redis init success...
2026-01-18T10:51:47.069+0800	INFO	backend/main.go:59	snowflake init success...
2026-01-18T10:51:49.666+0800	INFO	logger/logger.go:81	/signup	{"status": 200, "method": "POST", "path": "/signup", "query": "", "ip": "::1", "user-agent": "PostmanRuntime/7.44.1", "errors": "", "cost": 0}
2026-01-18T21:36:52.046+0800	INFO	backend/main.go:82	Shutdown server ...
2026-01-18T21:36:52.050+0800	INFO	backend/main.go:88	Server exiting
2026-03-27T13:10:10.331+0800	INFO	controller/init.go:26	===============================================
2026-03-27T13:10:10.337+0800	INFO	controller/init.go:27	logger init success...
2026-03-27T13:10:10.366+0800	INFO	controller/init.go:37	mysql init success...
2026-03-27T13:10:10.366+0800	ERROR	controller/init.go:42	init redis failed, err: 	{"error": "dial tcp 127.0.0.1:6379: connectex: No connection could be made because the target machine actively refused it."}
2026-03-27T13:13:37.262+0800	INFO	logger/logger.go:81	/singnup	{"status": 200, "method": "OPTIONS", "path": "/singnup", "query": "", "ip": "::1", "user-agent": "Mozilla/5.0 (Windows NT 10.0; Win64; x64) AppleWebKit/537.36 (KHTML, like Gecko) Chrome/146.0.0.0 Safari/537.36 Edg/146.0.0.0", "errors": "", "cost": 0}
2026-03-27T13:14:47.538+0800	INFO	logger/logger.go:81	/	{"status": 200, "method": "POST", "path": "/", "query": "", "ip": "::1", "user-agent": "Mozilla/5.0 (Windows NT 10.0; Win64; x64) AppleWebKit/537.36 (KHTML, like Gecko) Chrome/146.0.0.0 Safari/537.36 Edg/146.0.0.0", "errors": "", "cost": 0}
2026-03-27T13:15:03.558+0800	ERROR	controller/user.go:19	SignUp with invalid param	{"error": "Key: 'ParamSignUp.RePassword' Error:Field validation for 'RePassword' failed on the 'required' tag"}
2026-03-27T13:15:03.558+0800	INFO	logger/logger.go:81	/signup	{"status": 200, "method": "POST", "path": "/signup", "query": "", "ip": "::1", "user-agent": "Mozilla/5.0 (Windows NT 10.0; Win64; x64) AppleWebKit/537.36 (KHTML, like Gecko) Chrome/146.0.0.0 Safari/537.36 Edg/146.0.0.0", "errors": "", "cost": 0}
2026-03-27T17:05:37.834+0800	INFO	backend/main.go:41	Shutdown server ...
2026-03-27T17:05:37.835+0800	INFO	backend/main.go:47	Server exiting
2026-03-27T17:07:01.876+0800	INFO	controller/init.go:26	===============================================
2026-03-27T17:07:01.881+0800	INFO	controller/init.go:27	logger init success...
2026-03-27T17:07:01.884+0800	INFO	controller/init.go:37	mysql init success...
2026-03-27T17:07:01.885+0800	ERROR	controller/init.go:42	init redis failed, err: 	{"error": "dial tcp 127.0.0.1:6379: connectex: No connection could be made because the target machine actively refused it."}
2026-03-27T17:07:10.337+0800	ERROR	controller/user.go:19	SignUp with invalid param	{"error": "Key: 'ParamSignUp.RePassword' Error:Field validation for 'RePassword' failed on the 'required' tag"}
2026-03-27T17:07:10.338+0800	INFO	logger/logger.go:81	/signup	{"status": 200, "method": "POST", "path": "/signup", "query": "", "ip": "::1", "user-agent": "Mozilla/5.0 (Windows NT 10.0; Win64; x64) AppleWebKit/537.36 (KHTML, like Gecko) Chrome/146.0.0.0 Safari/537.36 Edg/146.0.0.0", "errors": "", "cost": 0.0005273}
2026-03-27T17:14:29.343+0800	INFO	backend/main.go:41	Shutdown server ...
2026-03-27T17:14:29.343+0800	INFO	backend/main.go:47	Server exiting
2026-03-27T17:14:51.342+0800	INFO	backend/main.go:33	===============================================
2026-03-27T17:14:51.347+0800	INFO	backend/main.go:34	logger init success...
2026-03-27T17:14:51.351+0800	INFO	backend/main.go:44	mysql init success...
2026-03-27T17:14:51.352+0800	ERROR	backend/main.go:49	init redis failed, err: 	{"error": "dial tcp 127.0.0.1:6379: connectex: No connection could be made because the target machine actively refused it."}
2026-03-27T17:15:10.620+0800	INFO	controller/init.go:26	===============================================
2026-03-27T17:15:10.625+0800	INFO	controller/init.go:27	logger init success...
2026-03-27T17:15:10.626+0800	INFO	controller/init.go:37	mysql init success...
2026-03-27T17:15:10.627+0800	ERROR	controller/init.go:42	init redis failed, err: 	{"error": "dial tcp 127.0.0.1:6379: connectex: No connection could be made because the target machine actively refused it."}
2026-03-27T17:15:31.146+0800	ERROR	controller/user.go:19	SignUp with invalid param	{"error": "Key: 'ParamSignUp.RePassword' Error:Field validation for 'RePassword' failed on the 'required' tag"}
2026-03-27T17:15:31.146+0800	INFO	logger/logger.go:81	/signup	{"status": 200, "method": "POST", "path": "/signup", "query": "", "ip": "::1", "user-agent": "Mozilla/5.0 (Windows NT 10.0; Win64; x64) AppleWebKit/537.36 (KHTML, like Gecko) Chrome/146.0.0.0 Safari/537.36 Edg/146.0.0.0", "errors": "", "cost": 0.0007726}
2026-03-27T17:16:52.459+0800	INFO	backend/main.go:41	Shutdown server ...
2026-03-27T17:16:52.459+0800	INFO	backend/main.go:47	Server exiting
2026-03-27T17:16:54.147+0800	INFO	controller/init.go:26	===============================================
2026-03-27T17:16:54.151+0800	INFO	controller/init.go:27	logger init success...
2026-03-27T17:16:54.154+0800	INFO	controller/init.go:37	mysql init success...
2026-03-27T17:16:54.155+0800	INFO	controller/init.go:45	redis init success...
2026-03-27T17:16:54.155+0800	INFO	controller/init.go:52	snowflake init success...
2026-03-27T17:16:54.156+0800	INFO	controller/init.go:61	trans init success...
2026-03-27T17:17:02.849+0800	ERROR	controller/user.go:19	SignUp with invalid param	{"error": "Key: 'ParamSignUp.re_password' Error:Field validation for 're_password' failed on the 'required' tag"}
2026-03-27T17:17:02.849+0800	INFO	logger/logger.go:81	/signup	{"status": 200, "method": "POST", "path": "/signup", "query": "", "ip": "::1", "user-agent": "Mozilla/5.0 (Windows NT 10.0; Win64; x64) AppleWebKit/537.36 (KHTML, like Gecko) Chrome/146.0.0.0 Safari/537.36 Edg/146.0.0.0", "errors": "", "cost": 0}
2026-03-27T17:20:05.969+0800	ERROR	controller/user.go:19	SignUp with invalid param	{"error": "Key: 'ParamSignUp.re_password' Error:Field validation for 're_password' failed on the 'required' tag"}
2026-03-27T17:20:05.970+0800	INFO	logger/logger.go:81	/signup	{"status": 200, "method": "POST", "path": "/signup", "query": "", "ip": "::1", "user-agent": "Mozilla/5.0 (Windows NT 10.0; Win64; x64) AppleWebKit/537.36 (KHTML, like Gecko) Chrome/146.0.0.0 Safari/537.36 Edg/146.0.0.0", "errors": "", "cost": 0.0010218}
2026-03-27T17:20:09.196+0800	ERROR	controller/user.go:19	SignUp with invalid param	{"error": "Key: 'ParamSignUp.re_password' Error:Field validation for 're_password' failed on the 'required' tag"}
2026-03-27T17:20:09.197+0800	INFO	logger/logger.go:81	/signup	{"status": 200, "method": "POST", "path": "/signup", "query": "", "ip": "::1", "user-agent": "Mozilla/5.0 (Windows NT 10.0; Win64; x64) AppleWebKit/537.36 (KHTML, like Gecko) Chrome/146.0.0.0 Safari/537.36 Edg/146.0.0.0", "errors": "", "cost": 0.0005066}
2026-03-27T17:20:14.366+0800	INFO	logger/logger.go:81	/signup	{"status": 200, "method": "POST", "path": "/signup", "query": "", "ip": "::1", "user-agent": "Mozilla/5.0 (Windows NT 10.0; Win64; x64) AppleWebKit/537.36 (KHTML, like Gecko) Chrome/146.0.0.0 Safari/537.36 Edg/146.0.0.0", "errors": "", "cost": 0}
2026-03-27T17:21:31.835+0800	INFO	backend/main.go:41	Shutdown server ...
2026-03-27T17:21:31.836+0800	INFO	backend/main.go:47	Server exiting
2026-03-27T17:21:39.879+0800	INFO	backend/main.go:33	===============================================
2026-03-27T17:21:39.884+0800	INFO	backend/main.go:34	logger init success...
2026-03-27T17:21:39.887+0800	INFO	backend/main.go:44	mysql init success...
2026-03-27T17:21:39.889+0800	INFO	backend/main.go:52	redis init success...
2026-03-27T17:21:39.893+0800	INFO	backend/main.go:59	snowflake init success...
2026-03-27T17:21:53.469+0800	INFO	logger/logger.go:81	/signup	{"status": 200, "method": "POST", "path": "/signup", "query": "", "ip": "::1", "user-agent": "Mozilla/5.0 (Windows NT 10.0; Win64; x64) AppleWebKit/537.36 (KHTML, like Gecko) Chrome/146.0.0.0 Safari/537.36 Edg/146.0.0.0", "errors": "", "cost": 0.0038081}
2026-03-27T17:22:07.812+0800	INFO	logger/logger.go:81	/signup	{"status": 200, "method": "POST", "path": "/signup", "query": "", "ip": "::1", "user-agent": "Mozilla/5.0 (Windows NT 10.0; Win64; x64) AppleWebKit/537.36 (KHTML, like Gecko) Chrome/146.0.0.0 Safari/537.36 Edg/146.0.0.0", "errors": "", "cost": 0}
2026-03-27T17:22:12.602+0800	INFO	logger/logger.go:81	/signup	{"status": 200, "method": "POST", "path": "/signup", "query": "", "ip": "::1", "user-agent": "Mozilla/5.0 (Windows NT 10.0; Win64; x64) AppleWebKit/537.36 (KHTML, like Gecko) Chrome/146.0.0.0 Safari/537.36 Edg/146.0.0.0", "errors": "", "cost": 0}
2026-03-27T17:22:45.343+0800	INFO	backend/main.go:82	Shutdown server ...
2026-03-27T17:22:45.343+0800	INFO	backend/main.go:88	Server exiting
2026-03-27T17:22:47.812+0800	INFO	backend/main.go:33	===============================================
2026-03-27T17:22:47.816+0800	INFO	backend/main.go:34	logger init success...
2026-03-27T17:22:47.818+0800	INFO	backend/main.go:44	mysql init success...
2026-03-27T17:22:47.819+0800	INFO	backend/main.go:52	redis init success...
2026-03-27T17:22:47.819+0800	INFO	backend/main.go:59	snowflake init success...
2026-03-27T17:22:51.566+0800	INFO	logger/logger.go:81	/signup	{"status": 200, "method": "POST", "path": "/signup", "query": "", "ip": "::1", "user-agent": "Mozilla/5.0 (Windows NT 10.0; Win64; x64) AppleWebKit/537.36 (KHTML, like Gecko) Chrome/146.0.0.0 Safari/537.36 Edg/146.0.0.0", "errors": "", "cost": 0}
2026-03-27T17:22:52.479+0800	INFO	logger/logger.go:81	/signup	{"status": 200, "method": "POST", "path": "/signup", "query": "", "ip": "::1", "user-agent": "Mozilla/5.0 (Windows NT 10.0; Win64; x64) AppleWebKit/537.36 (KHTML, like Gecko) Chrome/146.0.0.0 Safari/537.36 Edg/146.0.0.0", "errors": "", "cost": 0}
2026-03-27T17:22:56.424+0800	INFO	logger/logger.go:81	/signup	{"status": 200, "method": "POST", "path": "/signup", "query": "", "ip": "::1", "user-agent": "Mozilla/5.0 (Windows NT 10.0; Win64; x64) AppleWebKit/537.36 (KHTML, like Gecko) Chrome/146.0.0.0 Safari/537.36 Edg/146.0.0.0", "errors": "", "cost": 0}
2026-03-27T17:24:28.174+0800	INFO	backend/main.go:82	Shutdown server ...
2026-03-27T17:24:28.174+0800	INFO	backend/main.go:88	Server exiting
2026-03-27T17:24:33.446+0800	INFO	controller/init.go:26	===============================================
2026-03-27T17:24:33.451+0800	INFO	controller/init.go:27	logger init success...
2026-03-27T17:24:33.452+0800	INFO	controller/init.go:37	mysql init success...
2026-03-27T17:24:33.453+0800	INFO	controller/init.go:45	redis init success...
2026-03-27T17:24:33.453+0800	INFO	controller/init.go:52	snowflake init success...
2026-03-27T17:24:33.453+0800	INFO	controller/init.go:61	trans init success...
2026-03-27T17:24:40.917+0800	ERROR	controller/user.go:19	SignUp with invalid param	{"error": "Key: 'ParamSignUp.re_password' Error:Field validation for 're_password' failed on the 'eqfield' tag"}
2026-03-27T17:24:40.917+0800	INFO	logger/logger.go:81	/signup	{"status": 200, "method": "POST", "path": "/signup", "query": "", "ip": "::1", "user-agent": "Mozilla/5.0 (Windows NT 10.0; Win64; x64) AppleWebKit/537.36 (KHTML, like Gecko) Chrome/146.0.0.0 Safari/537.36 Edg/146.0.0.0", "errors": "", "cost": 0}
2026-03-27T17:24:43.371+0800	ERROR	controller/user.go:19	SignUp with invalid param	{"error": "Key: 'ParamSignUp.re_password' Error:Field validation for 're_password' failed on the 'eqfield' tag"}
2026-03-27T17:24:43.371+0800	INFO	logger/logger.go:81	/signup	{"status": 200, "method": "POST", "path": "/signup", "query": "", "ip": "::1", "user-agent": "Mozilla/5.0 (Windows NT 10.0; Win64; x64) AppleWebKit/537.36 (KHTML, like Gecko) Chrome/146.0.0.0 Safari/537.36 Edg/146.0.0.0", "errors": "", "cost": 0}
2026-03-27T21:54:46.856+0800	INFO	backend/main.go:41	Shutdown server ...
2026-03-27T21:54:46.888+0800	INFO	backend/main.go:47	Server exiting
2026-04-09T08:26:40.347+0800	INFO	controller/init.go:26	===============================================
2026-04-09T08:26:40.365+0800	INFO	controller/init.go:27	logger init success...
2026-04-09T08:26:40.429+0800	INFO	controller/init.go:37	mysql init success...
2026-04-09T08:26:40.430+0800	ERROR	controller/init.go:42	init redis failed, err: 	{"error": "dial tcp 127.0.0.1:6379: connectex: No connection could be made because the target machine actively refused it."}
2026-04-09T08:26:48.199+0800	INFO	logger/logger.go:81	/signup	{"status": 200, "method": "GET", "path": "/signup", "query": "", "ip": "::1", "user-agent": "Apifox/1.0.0 (https://apifox.com)", "errors": "", "cost": 0.0012234}
2026-04-09T08:27:04.074+0800	ERROR	controller/user.go:19	SignUp with invalid param	{"error": "Key: 'ParamSignUp.Password' Error:Field validation for 'Password' failed on the 'required' tag\nKey: 'ParamSignUp.RePassword' Error:Field validation for 'RePassword' failed on the 'eqfield' tag"}
2026-04-09T08:27:04.074+0800	INFO	logger/logger.go:81	/signup	{"status": 200, "method": "POST", "path": "/signup", "query": "", "ip": "::1", "user-agent": "Apifox/1.0.0 (https://apifox.com)", "errors": "", "cost": 0.1026604}
2026-04-09T08:27:49.632+0800	INFO	backend/main.go:41	Shutdown server ...
2026-04-09T08:27:49.632+0800	INFO	backend/main.go:47	Server exiting
2026-04-09T08:27:50.665+0800	INFO	controller/init.go:26	===============================================
2026-04-09T08:27:50.688+0800	INFO	controller/init.go:27	logger init success...
2026-04-09T08:27:50.694+0800	INFO	controller/init.go:37	mysql init success...
2026-04-09T08:27:50.695+0800	INFO	controller/init.go:45	redis init success...
2026-04-09T08:27:50.695+0800	INFO	controller/init.go:52	snowflake init success...
2026-04-09T08:27:50.709+0800	INFO	controller/init.go:60	trans init success...
2026-04-09T08:27:54.329+0800	ERROR	controller/user.go:19	SignUp with invalid param	{"error": "Key: 'ParamSignUp.password' Error:Field validation for 'password' failed on the 'required' tag\nKey: 'ParamSignUp.re_password' Error:Field validation for 're_password' failed on the 'eqfield' tag"}
2026-04-09T08:27:54.329+0800	INFO	logger/logger.go:81	/signup	{"status": 200, "method": "POST", "path": "/signup", "query": "", "ip": "::1", "user-agent": "Apifox/1.0.0 (https://apifox.com)", "errors": "", "cost": 0.0005089}
2026-04-09T08:28:14.825+0800	ERROR	controller/user.go:19	SignUp with invalid param	{"error": "invalid character '\"' after object key:value pair"}
2026-04-09T08:28:14.825+0800	INFO	logger/logger.go:81	/signup	{"status": 200, "method": "POST", "path": "/signup", "query": "", "ip": "::1", "user-agent": "Apifox/1.0.0 (https://apifox.com)", "errors": "", "cost": 0}
2026-04-09T08:31:26.591+0800	INFO	logger/logger.go:81	/signup	{"status": 200, "method": "POST", "path": "/signup", "query": "", "ip": "::1", "user-agent": "Apifox/1.0.0 (https://apifox.com)", "errors": "", "cost": 0}
2026-04-09T08:31:29.704+0800	ERROR	controller/user.go:19	SignUp with invalid param	{"error": "Key: 'ParamSignUp.password' Error:Field validation for 'password' failed on the 'required' tag\nKey: 'ParamSignUp.re_password' Error:Field validation for 're_password' failed on the 'eqfield' tag"}
2026-04-09T08:31:29.705+0800	INFO	logger/logger.go:81	/signup	{"status": 200, "method": "POST", "path": "/signup", "query": "", "ip": "::1", "user-agent": "Apifox/1.0.0 (https://apifox.com)", "errors": "", "cost": 0.0010172}
2026-04-09T08:38:50.948+0800	INFO	backend/main.go:41	Shutdown server ...
2026-04-09T08:38:50.949+0800	INFO	backend/main.go:47	Server exiting
2026-04-09T08:39:18.760+0800	INFO	controller/init.go:26	===============================================
2026-04-09T08:39:18.773+0800	INFO	controller/init.go:27	logger init success...
2026-04-09T08:39:18.779+0800	INFO	controller/init.go:37	mysql init success...
2026-04-09T08:39:18.781+0800	INFO	controller/init.go:45	redis init success...
2026-04-09T08:39:18.781+0800	INFO	controller/init.go:52	snowflake init success...
2026-04-09T08:39:18.781+0800	INFO	controller/init.go:60	trans init success...
2026-04-09T08:39:24.282+0800	ERROR	controller/user.go:19	SignUp with invalid param	{"error": "Key: 'ParamSignUp.password' Error:Field validation for 'password' failed on the 'required' tag\nKey: 'ParamSignUp.re_password' Error:Field validation for 're_password' failed on the 'eqfield' tag"}
2026-04-09T08:39:24.283+0800	ERROR	logger/logger.go:120	[Recovery from panic]	{"error": "assignment to entry in nil map", "request": "POST /signup HTTP/1.1\r\nHost: localhost:8080\r\nAccept: */*\r\nAccept-Encoding: gzip, deflate, br\r\nConnection: keep-alive\r\nContent-Length: 54\r\nContent-Type: application/json\r\nUser-Agent: Apifox/1.0.0 (https://apifox.com)\r\n\r\n", "stack": "goroutine 21 [running]:\nruntime/debug.Stack()\n\tD:/Tools/Golang/src/runtime/debug/stack.go:26 +0x5e\nweb/router.Setup.GinRecovery.func4.1()\n\tD:/Study/StudyProject/GoLang/StudyProject/bluebell/backend/logger/logger.go:123 +0x4e9\npanic({0x7ff66bd121e0?, 0x7ff66c7b2c00?})\n\tD:/Tools/Golang/src/runtime/panic.go:783 +0x132\nweb/controller.removeTopStruct(0xc00010b080?)\n\tD:/Study/StudyProject/GoLang/StudyProject/bluebell/backend/controller/validator.go:63 +0xde\nweb/controller.SingUpHandler(0xc000146300)\n\tD:/Study/StudyProject/GoLang/StudyProject/bluebell/backend/controller/user.go:30 +0x237\ngithub.com/gin-gonic/gin.(*Context).Next(0xc000146300)\n\tC:/Users/SZHuaJi/go/pkg/mod/github.com/gin-gonic/gin@v1.11.0/context.go:192 +0x4e\nweb/router.Setup.GinRecovery.func4(0xc0003b1648?)\n\tD:/Study/StudyProject/GoLang/StudyProject/bluebell/backend/logger/logger.go:134 +0x47\ngithub.com/gin-gonic/gin.(*Context).Next(0xc000146300)\n\tC:/Users/SZHuaJi/go/pkg/mod/github.com/gin-gonic/gin@v1.11.0/context.go:192 +0x4e\nweb/router.Setup.GinLogger.func3(0xc000146300)\n\tD:/Study/StudyProject/GoLang/StudyProject/bluebell/backend/logger/logger.go:78 +0x75\ngithub.com/gin-gonic/gin.(*Context).Next(0xc000146300)\n\tC:/Users/SZHuaJi/go/pkg/mod/github.com/gin-gonic/gin@v1.11.0/context.go:192 +0x4e\ngithub.com/gin-gonic/gin.(*Engine).handleHTTPRequest(0xc000380340, 0xc000146300)\n\tC:/Users/SZHuaJi/go/pkg/mod/github.com/gin-gonic/gin@v1.11.0/gin.go:689 +0x435\ngithub.com/gin-gonic/gin.(*Engine).ServeHTTP(0xc000380340, {0x7ff66c020300, 0xc00015a3c0}, 0xc000266780)\n\tC:/Users/SZHuaJi/go/pkg/mod/github.com/gin-gonic/gin@v1.11.0/gin.go:643 +0x1ad\nnet/http.serverHandler.ServeHTTP({0x7ff66c01d390?}, {0x7ff66c020300?, 0xc00015a3c0?}, 0x1?)\n\tD:/Tools/Golang/src/net/http/server.go:3340 +0x8e\nnet/http.(*conn).serve(0xc000356000, {0x7ff66c0214b8, 0xc0002c8e40})\n\tD:/Tools/Golang/src/net/http/server.go:2109 +0x665\ncreated by net/http.(*Server).Serve in goroutine 36\n\tD:/Tools/Golang/src/net/http/server.go:3493 +0x485\n"}
2026-04-09T08:39:24.292+0800	INFO	logger/logger.go:81	/signup	{"status": 500, "method": "POST", "path": "/signup", "query": "", "ip": "::1", "user-agent": "Apifox/1.0.0 (https://apifox.com)", "errors": "", "cost": 0.0105769}
2026-04-09T08:39:39.325+0800	ERROR	controller/user.go:19	SignUp with invalid param	{"error": "Key: 'ParamSignUp.password' Error:Field validation for 'password' failed on the 'required' tag\nKey: 'ParamSignUp.re_password' Error:Field validation for 're_password' failed on the 'eqfield' tag"}
2026-04-09T08:39:39.327+0800	ERROR	logger/logger.go:120	[Recovery from panic]	{"error": "assignment to entry in nil map", "request": "POST /signup HTTP/1.1\r\nHost: localhost:8080\r\nAccept: */*\r\nAccept-Encoding: gzip, deflate, br\r\nConnection: keep-alive\r\nContent-Length: 54\r\nContent-Type: application/json\r\nUser-Agent: Apifox/1.0.0 (https://apifox.com)\r\n\r\n", "stack": "goroutine 21 [running]:\nruntime/debug.Stack()\n\tD:/Tools/Golang/src/runtime/debug/stack.go:26 +0x5e\nweb/router.Setup.GinRecovery.func4.1()\n\tD:/Study/StudyProject/GoLang/StudyProject/bluebell/backend/logger/logger.go:123 +0x4e9\npanic({0x7ff66bd121e0?, 0x7ff66c7b2c00?})\n\tD:/Tools/Golang/src/runtime/panic.go:783 +0x132\nweb/controller.removeTopStruct(0xc00010b0e0?)\n\tD:/Study/StudyProject/GoLang/StudyProject/bluebell/backend/controller/validator.go:63 +0xde\nweb/controller.SingUpHandler(0xc000146300)\n\tD:/Study/StudyProject/GoLang/StudyProject/bluebell/backend/controller/user.go:30 +0x237\ngithub.com/gin-gonic/gin.(*Context).Next(0xc000146300)\n\tC:/Users/SZHuaJi/go/pkg/mod/github.com/gin-gonic/gin@v1.11.0/context.go:192 +0x4e\nweb/router.Setup.GinRecovery.func4(0xc0003b1648?)\n\tD:/Study/StudyProject/GoLang/StudyProject/bluebell/backend/logger/logger.go:134 +0x47\ngithub.com/gin-gonic/gin.(*Context).Next(0xc000146300)\n\tC:/Users/SZHuaJi/go/pkg/mod/github.com/gin-gonic/gin@v1.11.0/context.go:192 +0x4e\nweb/router.Setup.GinLogger.func3(0xc000146300)\n\tD:/Study/StudyProject/GoLang/StudyProject/bluebell/backend/logger/logger.go:78 +0x75\ngithub.com/gin-gonic/gin.(*Context).Next(0xc000146300)\n\tC:/Users/SZHuaJi/go/pkg/mod/github.com/gin-gonic/gin@v1.11.0/context.go:192 +0x4e\ngithub.com/gin-gonic/gin.(*Engine).handleHTTPRequest(0xc000380340, 0xc000146300)\n\tC:/Users/SZHuaJi/go/pkg/mod/github.com/gin-gonic/gin@v1.11.0/gin.go:689 +0x435\ngithub.com/gin-gonic/gin.(*Engine).ServeHTTP(0xc000380340, {0x7ff66c020300, 0xc00015a870}, 0xc0003ba280)\n\tC:/Users/SZHuaJi/go/pkg/mod/github.com/gin-gonic/gin@v1.11.0/gin.go:643 +0x1ad\nnet/http.serverHandler.ServeHTTP({0x7ff66c01d390?}, {0x7ff66c020300?, 0xc00015a870?}, 0x1?)\n\tD:/Tools/Golang/src/net/http/server.go:3340 +0x8e\nnet/http.(*conn).serve(0xc000356000, {0x7ff66c0214b8, 0xc0002c8e40})\n\tD:/Tools/Golang/src/net/http/server.go:2109 +0x665\ncreated by net/http.(*Server).Serve in goroutine 36\n\tD:/Tools/Golang/src/net/http/server.go:3493 +0x485\n"}
2026-04-09T08:39:39.327+0800	INFO	logger/logger.go:81	/signup	{"status": 500, "method": "POST", "path": "/signup", "query": "", "ip": "::1", "user-agent": "Apifox/1.0.0 (https://apifox.com)", "errors": "", "cost": 0.002243}
2026-04-09T08:39:55.134+0800	INFO	backend/main.go:41	Shutdown server ...
2026-04-09T08:39:55.135+0800	INFO	backend/main.go:47	Server exiting
2026-04-09T08:42:35.712+0800	INFO	controller/init.go:26	===============================================
2026-04-09T08:42:35.728+0800	INFO	controller/init.go:27	logger init success...
2026-04-09T08:42:35.733+0800	INFO	controller/init.go:37	mysql init success...
2026-04-09T08:42:35.734+0800	INFO	controller/init.go:45	redis init success...
2026-04-09T08:42:35.735+0800	INFO	controller/init.go:52	snowflake init success...
2026-04-09T08:42:35.736+0800	INFO	controller/init.go:60	trans init success...
2026-04-09T08:42:41.361+0800	ERROR	controller/user.go:19	SignUp with invalid param	{"error": "Key: 'ParamSignUp.password' Error:Field validation for 'password' failed on the 'required' tag\nKey: 'ParamSignUp.re_password' Error:Field validation for 're_password' failed on the 'eqfield' tag"}
2026-04-09T08:42:41.362+0800	INFO	logger/logger.go:81	/signup	{"status": 200, "method": "POST", "path": "/signup", "query": "", "ip": "::1", "user-agent": "Apifox/1.0.0 (https://apifox.com)", "errors": "", "cost": 0.000561}
2026-04-09T09:20:38.290+0800	INFO	backend/main.go:41	Shutdown server ...
2026-04-09T09:20:38.294+0800	INFO	backend/main.go:47	Server exiting
2026-04-09T10:45:27.049+0800	INFO	controller/init.go:26	===============================================
2026-04-09T10:45:27.054+0800	INFO	controller/init.go:27	logger init success...
2026-04-09T10:45:27.077+0800	INFO	controller/init.go:37	mysql init success...
2026-04-09T10:45:27.081+0800	INFO	controller/init.go:45	redis init success...
2026-04-09T10:45:27.081+0800	INFO	controller/init.go:52	snowflake init success...
2026-04-09T10:45:27.081+0800	INFO	controller/init.go:60	trans init success...
2026-04-09T10:45:39.068+0800	ERROR	controller/user.go:19	SignUp with invalid param	{"error": "Key: 'ParamSignUp.password' Error:Field validation for 'password' failed on the 'required' tag\nKey: 'ParamSignUp.re_password' Error:Field validation for 're_password' failed on the 'eqfield' tag"}
2026-04-09T10:45:39.068+0800	INFO	logger/logger.go:81	/signup	{"status": 200, "method": "POST", "path": "/signup", "query": "", "ip": "::1", "user-agent": "Apifox/1.0.0 (https://apifox.com)", "errors": "", "cost": 0}
2026-04-09T10:45:55.311+0800	INFO	logger/logger.go:81	/signup	{"status": 200, "method": "POST", "path": "/signup", "query": "", "ip": "::1", "user-agent": "Apifox/1.0.0 (https://apifox.com)", "errors": "", "cost": 0}
2026-04-09T10:48:26.096+0800	INFO	logger/logger.go:81	/signup	{"status": 200, "method": "POST", "path": "/signup", "query": "", "ip": "::1", "user-agent": "Apifox/1.0.0 (https://apifox.com)", "errors": "", "cost": 0}
2026-04-09T10:59:10.179+0800	INFO	backend/main.go:41	Shutdown server ...
2026-04-09T10:59:10.180+0800	INFO	backend/main.go:47	Server exiting
2026-04-09T10:59:42.361+0800	INFO	controller/init.go:26	===============================================
2026-04-09T10:59:42.366+0800	INFO	controller/init.go:27	logger init success...
2026-04-09T10:59:42.368+0800	INFO	controller/init.go:36	mysql init success...
2026-04-09T10:59:42.369+0800	INFO	controller/init.go:43	redis init success...
2026-04-09T10:59:42.369+0800	INFO	controller/init.go:50	snowflake init success...
2026-04-09T10:59:42.369+0800	INFO	controller/init.go:58	trans init success...
2026-04-09T11:11:53.789+0800	INFO	logger/logger.go:81	/signup	{"status": 200, "method": "POST", "path": "/signup", "query": "", "ip": "::1", "user-agent": "Apifox/1.0.0 (https://apifox.com)", "errors": "", "cost": 0.0074447}
2026-04-09T11:14:01.879+0800	INFO	backend/main.go:42	Shutdown server ...
2026-04-09T11:14:01.879+0800	INFO	backend/main.go:48	Server exiting
2026-04-09T11:14:06.459+0800	INFO	controller/init.go:26	===============================================
2026-04-09T11:14:06.464+0800	INFO	controller/init.go:27	logger init success...
2026-04-09T11:14:06.527+0800	INFO	controller/init.go:36	mysql init success...
2026-04-09T11:14:06.528+0800	INFO	controller/init.go:43	redis init success...
2026-04-09T11:14:06.528+0800	INFO	controller/init.go:50	snowflake init success...
2026-04-09T11:14:06.528+0800	INFO	controller/init.go:58	trans init success...
2026-04-09T11:14:09.970+0800	INFO	logger/logger.go:81	/signup	{"status": 200, "method": "POST", "path": "/signup", "query": "", "ip": "::1", "user-agent": "Apifox/1.0.0 (https://apifox.com)", "errors": "", "cost": 0.0013357}
2026-04-09T11:14:12.263+0800	INFO	logger/logger.go:81	/signup	{"status": 200, "method": "POST", "path": "/signup", "query": "", "ip": "::1", "user-agent": "Apifox/1.0.0 (https://apifox.com)", "errors": "", "cost": 0.0008648}
2026-04-09T11:17:22.116+0800	INFO	backend/main.go:42	Shutdown server ...
2026-04-09T11:17:22.117+0800	INFO	backend/main.go:48	Server exiting
2026-04-09T11:17:27.118+0800	INFO	controller/init.go:26	===============================================
2026-04-09T11:17:27.123+0800	INFO	controller/init.go:27	logger init success...
2026-04-09T11:17:27.142+0800	INFO	controller/init.go:36	mysql init success...
2026-04-09T11:17:27.142+0800	INFO	controller/init.go:43	redis init success...
2026-04-09T11:17:27.142+0800	INFO	controller/init.go:50	snowflake init success...
2026-04-09T11:17:27.142+0800	INFO	controller/init.go:58	trans init success...
2026-04-09T11:17:42.932+0800	INFO	backend/main.go:42	Shutdown server ...
2026-04-09T11:17:42.936+0800	INFO	backend/main.go:48	Server exiting
2026-04-09T11:17:45.518+0800	INFO	controller/init.go:26	===============================================
2026-04-09T11:17:45.523+0800	INFO	controller/init.go:27	logger init success...
2026-04-09T11:17:45.543+0800	INFO	controller/init.go:36	mysql init success...
2026-04-09T11:17:45.544+0800	INFO	controller/init.go:43	redis init success...
2026-04-09T11:17:45.544+0800	INFO	controller/init.go:50	snowflake init success...
2026-04-09T11:17:45.544+0800	INFO	controller/init.go:58	trans init success...
2026-04-09T11:17:48.058+0800	INFO	logger/logger.go:81	/signup	{"status": 200, "method": "POST", "path": "/signup", "query": "", "ip": "::1", "user-agent": "Apifox/1.0.0 (https://apifox.com)", "errors": "", "cost": 0.0014493}
2026-04-09T11:17:59.069+0800	INFO	backend/main.go:42	Shutdown server ...
2026-04-09T11:17:59.069+0800	INFO	backend/main.go:48	Server exiting
2026-04-09T11:18:02.631+0800	INFO	controller/init.go:26	===============================================
2026-04-09T11:18:02.636+0800	INFO	controller/init.go:27	logger init success...
2026-04-09T11:18:02.681+0800	INFO	controller/init.go:36	mysql init success...
2026-04-09T11:18:02.692+0800	INFO	controller/init.go:43	redis init success...
2026-04-09T11:18:02.692+0800	INFO	controller/init.go:50	snowflake init success...
2026-04-09T11:18:02.692+0800	INFO	controller/init.go:58	trans init success...
2026-04-09T11:18:06.611+0800	INFO	logger/logger.go:81	/signup	{"status": 200, "method": "POST", "path": "/signup", "query": "", "ip": "::1", "user-agent": "Apifox/1.0.0 (https://apifox.com)", "errors": "", "cost": 0.0286557}
2026-04-09T11:19:03.419+0800	INFO	backend/main.go:42	Shutdown server ...
2026-04-09T11:19:03.419+0800	INFO	backend/main.go:48	Server exiting
2026-04-09T11:19:06.981+0800	INFO	controller/init.go:26	===============================================
2026-04-09T11:19:06.986+0800	INFO	controller/init.go:27	logger init success...
2026-04-09T11:19:06.999+0800	INFO	controller/init.go:36	mysql init success...
2026-04-09T11:19:06.999+0800	INFO	controller/init.go:43	redis init success...
2026-04-09T11:19:06.999+0800	INFO	controller/init.go:50	snowflake init success...
2026-04-09T11:19:06.999+0800	INFO	controller/init.go:58	trans init success...
2026-04-09T11:19:08.970+0800	INFO	logger/logger.go:81	/signup	{"status": 200, "method": "POST", "path": "/signup", "query": "", "ip": "::1", "user-agent": "Apifox/1.0.0 (https://apifox.com)", "errors": "", "cost": 0.0165629}
2026-04-09T11:19:10.290+0800	INFO	logger/logger.go:81	/signup	{"status": 200, "method": "POST", "path": "/signup", "query": "", "ip": "::1", "user-agent": "Apifox/1.0.0 (https://apifox.com)", "errors": "", "cost": 0.0061068}
2026-04-09T11:19:19.245+0800	INFO	logger/logger.go:81	/signup	{"status": 200, "method": "POST", "path": "/signup", "query": "", "ip": "::1", "user-agent": "Apifox/1.0.0 (https://apifox.com)", "errors": "", "cost": 0.0059266}
2026-04-09T11:19:32.439+0800	INFO	logger/logger.go:81	/signup	{"status": 200, "method": "POST", "path": "/signup", "query": "", "ip": "::1", "user-agent": "Apifox/1.0.0 (https://apifox.com)", "errors": "", "cost": 0.0118565}
2026-04-09T11:23:56.742+0800	INFO	logger/logger.go:81	/signup	{"status": 200, "method": "POST", "path": "/signup", "query": "", "ip": "::1", "user-agent": "Apifox/1.0.0 (https://apifox.com)", "errors": "", "cost": 0.0119329}
2026-04-09T11:24:09.623+0800	INFO	logger/logger.go:81	/signup	{"status": 200, "method": "POST", "path": "/signup", "query": "", "ip": "::1", "user-agent": "Apifox/1.0.0 (https://apifox.com)", "errors": "", "cost": 0.0027893}
2026-04-09T11:24:15.814+0800	INFO	logger/logger.go:81	/signup	{"status": 200, "method": "POST", "path": "/signup", "query": "", "ip": "::1", "user-agent": "Apifox/1.0.0 (https://apifox.com)", "errors": "", "cost": 0.0005068}
2026-04-09T11:24:30.739+0800	INFO	logger/logger.go:81	/signup	{"status": 200, "method": "POST", "path": "/signup", "query": "", "ip": "::1", "user-agent": "Apifox/1.0.0 (https://apifox.com)", "errors": "", "cost": 0.0009839}
2026-04-09T11:25:41.095+0800	INFO	backend/main.go:42	Shutdown server ...
2026-04-09T11:25:41.095+0800	INFO	backend/main.go:48	Server exiting
2026-04-09T11:25:44.712+0800	INFO	controller/init.go:26	===============================================
2026-04-09T11:25:44.716+0800	INFO	controller/init.go:27	logger init success...
2026-04-09T11:25:44.729+0800	INFO	controller/init.go:36	mysql init success...
2026-04-09T11:25:44.730+0800	INFO	controller/init.go:43	redis init success...
2026-04-09T11:25:44.730+0800	INFO	controller/init.go:50	snowflake init success...
2026-04-09T11:25:44.730+0800	INFO	controller/init.go:58	trans init success...
2026-04-09T11:25:47.782+0800	INFO	logger/logger.go:81	/signup	{"status": 200, "method": "POST", "path": "/signup", "query": "", "ip": "::1", "user-agent": "Apifox/1.0.0 (https://apifox.com)", "errors": "", "cost": 0.0138154}
2026-04-09T11:25:52.513+0800	INFO	logger/logger.go:81	/signup	{"status": 200, "method": "POST", "path": "/signup", "query": "", "ip": "::1", "user-agent": "Apifox/1.0.0 (https://apifox.com)", "errors": "", "cost": 0.015307}
2026-04-09T11:26:02.614+0800	INFO	logger/logger.go:81	/signup	{"status": 200, "method": "POST", "path": "/signup", "query": "", "ip": "::1", "user-agent": "Apifox/1.0.0 (https://apifox.com)", "errors": "", "cost": 0.0146675}
2026-04-09T11:33:04.265+0800	INFO	backend/main.go:42	Shutdown server ...
2026-04-09T11:33:04.265+0800	INFO	backend/main.go:48	Server exiting
2026-04-09T11:33:08.368+0800	INFO	controller/init.go:26	===============================================
2026-04-09T11:33:08.373+0800	INFO	controller/init.go:27	logger init success...
2026-04-09T11:33:08.387+0800	INFO	controller/init.go:36	mysql init success...
2026-04-09T11:33:08.387+0800	INFO	controller/init.go:43	redis init success...
2026-04-09T11:33:08.387+0800	INFO	controller/init.go:50	snowflake init success...
2026-04-09T11:33:08.388+0800	INFO	controller/init.go:58	trans init success...
2026-04-09T11:33:13.219+0800	INFO	logger/logger.go:81	/signup	{"status": 200, "method": "POST", "path": "/signup", "query": "", "ip": "::1", "user-agent": "Apifox/1.0.0 (https://apifox.com)", "errors": "", "cost": 0.0147679}
2026-04-09T11:33:15.971+0800	INFO	logger/logger.go:81	/signup	{"status": 200, "method": "POST", "path": "/signup", "query": "", "ip": "::1", "user-agent": "Apifox/1.0.0 (https://apifox.com)", "errors": "", "cost": 0.0056239}
2026-04-09T12:20:19.292+0800	INFO	backend/main.go:42	Shutdown server ...
2026-04-09T12:20:19.293+0800	INFO	backend/main.go:48	Server exiting
2026-04-09T19:10:25.276+0800	INFO	controller/init.go:26	===============================================
2026-04-09T19:10:25.281+0800	INFO	controller/init.go:27	logger init success...
2026-04-09T19:10:25.299+0800	INFO	controller/init.go:36	mysql init success...
2026-04-09T19:10:25.299+0800	ERROR	controller/init.go:40	init redis failed, err: 	{"error": "dial tcp 127.0.0.1:6379: connectex: No connection could be made because the target machine actively refused it."}
2026-04-09T19:11:28.272+0800	ERROR	logger/logger.go:120	[Recovery from panic]	{"error": "runtime error: invalid memory address or nil pointer dereference", "request": "POST /signup HTTP/1.1\r\nHost: localhost:8080\r\nAccept: */*\r\nAccept-Encoding: gzip, deflate, br\r\nConnection: keep-alive\r\nContent-Length: 84\r\nContent-Type: application/json\r\nUser-Agent: Apifox/1.0.0 (https://apifox.com)\r\n\r\n", "stack": "goroutine 24 [running]:\nruntime/debug.Stack()\n\tD:/Tools/Golang/src/runtime/debug/stack.go:26 +0x5e\nweb/router.Setup.GinRecovery.func4.1()\n\tD:/Study/StudyProject/GoLang/StudyProject/bluebell/backend/logger/logger.go:123 +0x4e9\npanic({0x7ff7907f5440?, 0x7ff791298c50?})\n\tD:/Tools/Golang/src/runtime/panic.go:783 +0x132\ninternal/sync.(*Mutex).Lock(...)\n\tD:/Tools/Golang/src/internal/sync/mutex.go:63\nsync.(*Mutex).Lock(...)\n\tD:/Tools/Golang/src/sync/mutex.go:46\ngithub.com/bwmarrin/snowflake.(*Node).Generate(0x0)\n\tC:/Users/SZHuaJi/go/pkg/mod/github.com/bwmarrin/snowflake@v0.3.0/snowflake.go:137 +0x23\nweb/pkg/snowflake.GenID(...)\n\tD:/Study/StudyProject/GoLang/StudyProject/bluebell/backend/pkg/snowflake/snowflake.go:25\nweb/server.SignUp(0xc0002e5d40)\n\tD:/Study/StudyProject/GoLang/StudyProject/bluebell/backend/server/user.go:17 +0x54\nweb/controller.SingUpHandler(0xc00027c800)\n\tD:/Study/StudyProject/GoLang/StudyProject/bluebell/backend/controller/user.go:44 +0x3dd\ngithub.com/gin-gonic/gin.(*Context).Next(0xc00027c800)\n\tC:/Users/SZHuaJi/go/pkg/mod/github.com/gin-gonic/gin@v1.11.0/context.go:192 +0x4e\nweb/router.Setup.GinRecovery.func4(0xc000051648?)\n\tD:/Study/StudyProject/GoLang/StudyProject/bluebell/backend/logger/logger.go:134 +0x47\ngithub.com/gin-gonic/gin.(*Context).Next(0xc00027c800)\n\tC:/Users/SZHuaJi/go/pkg/mod/github.com/gin-gonic/gin@v1.11.0/context.go:192 +0x4e\nweb/router.Setup.GinLogger.func3(0xc00027c800)\n\tD:/Study/StudyProject/GoLang/StudyProject/bluebell/backend/logger/logger.go:78 +0x75\ngithub.com/gin-gonic/gin.(*Context).Next(0xc00027c800)\n\tC:/Users/SZHuaJi/go/pkg/mod/github.com/gin-gonic/gin@v1.11.0/context.go:192 +0x4e\ngithub.com/gin-gonic/gin.(*Engine).handleHTTPRequest(0xc0000ce9c0, 0xc00027c800)\n\tC:/Users/SZHuaJi/go/pkg/mod/github.com/gin-gonic/gin@v1.11.0/gin.go:689 +0x435\ngithub.com/gin-gonic/gin.(*Engine).ServeHTTP(0xc0000ce9c0, {0x7ff790b040e0, 0xc0001cee10}, 0xc0002788c0)\n\tC:/Users/SZHuaJi/go/pkg/mod/github.com/gin-gonic/gin@v1.11.0/gin.go:643 +0x1ad\nnet/http.serverHandler.ServeHTTP({0x7ff790b01170?}, {0x7ff790b040e0?, 0xc0001cee10?}, 0x1?)\n\tD:/Tools/Golang/src/net/http/server.go:3340 +0x8e\nnet/http.(*conn).serve(0xc00016eb40, {0x7ff790b05318, 0xc0002e5b00})\n\tD:/Tools/Golang/src/net/http/server.go:2109 +0x665\ncreated by net/http.(*Server).Serve in goroutine 7\n\tD:/Tools/Golang/src/net/http/server.go:3493 +0x485\n"}
2026-04-09T19:11:28.272+0800	INFO	logger/logger.go:81	/signup	{"status": 500, "method": "POST", "path": "/signup", "query": "", "ip": "::1", "user-agent": "Apifox/1.0.0 (https://apifox.com)", "errors": "", "cost": 0.0134914}
2026-04-09T19:13:23.965+0800	ERROR	logger/logger.go:120	[Recovery from panic]	{"error": "runtime error: invalid memory address or nil pointer dereference", "request": "POST /signup HTTP/1.1\r\nHost: localhost:8080\r\nAccept: */*\r\nAccept-Encoding: gzip, deflate, br\r\nConnection: keep-alive\r\nContent-Length: 84\r\nContent-Type: application/json\r\nUser-Agent: Apifox/1.0.0 (https://apifox.com)\r\n\r\n", "stack": "goroutine 24 [running]:\nruntime/debug.Stack()\n\tD:/Tools/Golang/src/runtime/debug/stack.go:26 +0x5e\nweb/router.Setup.GinRecovery.func4.1()\n\tD:/Study/StudyProject/GoLang/StudyProject/bluebell/backend/logger/logger.go:123 +0x4e9\npanic({0x7ff7907f5440?, 0x7ff791298c50?})\n\tD:/Tools/Golang/src/runtime/panic.go:783 +0x132\ninternal/sync.(*Mutex).Lock(...)\n\tD:/Tools/Golang/src/internal/sync/mutex.go:63\nsync.(*Mutex).Lock(...)\n\tD:/Tools/Golang/src/sync/mutex.go:46\ngithub.com/bwmarrin/snowflake.(*Node).Generate(0x0)\n\tC:/Users/SZHuaJi/go/pkg/mod/github.com/bwmarrin/snowflake@v0.3.0/snowflake.go:137 +0x23\nweb/pkg/snowflake.GenID(...)\n\tD:/Study/StudyProject/GoLang/StudyProject/bluebell/backend/pkg/snowflake/snowflake.go:25\nweb/server.SignUp(0xc00033a480)\n\tD:/Study/StudyProject/GoLang/StudyProject/bluebell/backend/server/user.go:17 +0x54\nweb/controller.SingUpHandler(0xc00027c800)\n\tD:/Study/StudyProject/GoLang/StudyProject/bluebell/backend/controller/user.go:44 +0x3dd\ngithub.com/gin-gonic/gin.(*Context).Next(0xc00027c800)\n\tC:/Users/SZHuaJi/go/pkg/mod/github.com/gin-gonic/gin@v1.11.0/context.go:192 +0x4e\nweb/router.Setup.GinRecovery.func4(0xc000051648?)\n\tD:/Study/StudyProject/GoLang/StudyProject/bluebell/backend/logger/logger.go:134 +0x47\ngithub.com/gin-gonic/gin.(*Context).Next(0xc00027c800)\n\tC:/Users/SZHuaJi/go/pkg/mod/github.com/gin-gonic/gin@v1.11.0/context.go:192 +0x4e\nweb/router.Setup.GinLogger.func3(0xc00027c800)\n\tD:/Study/StudyProject/GoLang/StudyProject/bluebell/backend/logger/logger.go:78 +0x75\ngithub.com/gin-gonic/gin.(*Context).Next(0xc00027c800)\n\tC:/Users/SZHuaJi/go/pkg/mod/github.com/gin-gonic/gin@v1.11.0/context.go:192 +0x4e\ngithub.com/gin-gonic/gin.(*Engine).handleHTTPRequest(0xc0000ce9c0, 0xc00027c800)\n\tC:/Users/SZHuaJi/go/pkg/mod/github.com/gin-gonic/gin@v1.11.0/gin.go:689 +0x435\ngithub.com/gin-gonic/gin.(*Engine).ServeHTTP(0xc0000ce9c0, {0x7ff790b040e0, 0xc0001cf1d0}, 0xc000278c80)\n\tC:/Users/SZHuaJi/go/pkg/mod/github.com/gin-gonic/gin@v1.11.0/gin.go:643 +0x1ad\nnet/http.serverHandler.ServeHTTP({0x7ff790b01170?}, {0x7ff790b040e0?, 0xc0001cf1d0?}, 0x1?)\n\tD:/Tools/Golang/src/net/http/server.go:3340 +0x8e\nnet/http.(*conn).serve(0xc00016eb40, {0x7ff790b05318, 0xc0002e5b00})\n\tD:/Tools/Golang/src/net/http/server.go:2109 +0x665\ncreated by net/http.(*Server).Serve in goroutine 7\n\tD:/Tools/Golang/src/net/http/server.go:3493 +0x485\n"}
2026-04-09T19:13:23.965+0800	INFO	logger/logger.go:81	/signup	{"status": 500, "method": "POST", "path": "/signup", "query": "", "ip": "::1", "user-agent": "Apifox/1.0.0 (https://apifox.com)", "errors": "", "cost": 0.0005077}
2026-04-09T19:13:25.172+0800	ERROR	logger/logger.go:120	[Recovery from panic]	{"error": "runtime error: invalid memory address or nil pointer dereference", "request": "POST /signup HTTP/1.1\r\nHost: localhost:8080\r\nAccept: */*\r\nAccept-Encoding: gzip, deflate, br\r\nConnection: keep-alive\r\nContent-Length: 84\r\nContent-Type: application/json\r\nUser-Agent: Apifox/1.0.0 (https://apifox.com)\r\n\r\n", "stack": "goroutine 24 [running]:\nruntime/debug.Stack()\n\tD:/Tools/Golang/src/runtime/debug/stack.go:26 +0x5e\nweb/router.Setup.GinRecovery.func4.1()\n\tD:/Study/StudyProject/GoLang/StudyProject/bluebell/backend/logger/logger.go:123 +0x4e9\npanic({0x7ff7907f5440?, 0x7ff791298c50?})\n\tD:/Tools/Golang/src/runtime/panic.go:783 +0x132\ninternal/sync.(*Mutex).Lock(...)\n\tD:/Tools/Golang/src/internal/sync/mutex.go:63\nsync.(*Mutex).Lock(...)\n\tD:/Tools/Golang/src/sync/mutex.go:46\ngithub.com/bwmarrin/snowflake.(*Node).Generate(0x0)\n\tC:/Users/SZHuaJi/go/pkg/mod/github.com/bwmarrin/snowflake@v0.3.0/snowflake.go:137 +0x23\nweb/pkg/snowflake.GenID(...)\n\tD:/Study/StudyProject/GoLang/StudyProject/bluebell/backend/pkg/snowflake/snowflake.go:25\nweb/server.SignUp(0xc000482180)\n\tD:/Study/StudyProject/GoLang/StudyProject/bluebell/backend/server/user.go:17 +0x54\nweb/controller.SingUpHandler(0xc0000de300)\n\tD:/Study/StudyProject/GoLang/StudyProject/bluebell/backend/controller/user.go:44 +0x3dd\ngithub.com/gin-gonic/gin.(*Context).Next(0xc0000de300)\n\tC:/Users/SZHuaJi/go/pkg/mod/github.com/gin-gonic/gin@v1.11.0/context.go:192 +0x4e\nweb/router.Setup.GinRecovery.func4(0xc000051648?)\n\tD:/Study/StudyProject/GoLang/StudyProject/bluebell/backend/logger/logger.go:134 +0x47\ngithub.com/gin-gonic/gin.(*Context).Next(0xc0000de300)\n\tC:/Users/SZHuaJi/go/pkg/mod/github.com/gin-gonic/gin@v1.11.0/context.go:192 +0x4e\nweb/router.Setup.GinLogger.func3(0xc0000de300)\n\tD:/Study/StudyProject/GoLang/StudyProject/bluebell/backend/logger/logger.go:78 +0x75\ngithub.com/gin-gonic/gin.(*Context).Next(0xc0000de300)\n\tC:/Users/SZHuaJi/go/pkg/mod/github.com/gin-gonic/gin@v1.11.0/context.go:192 +0x4e\ngithub.com/gin-gonic/gin.(*Engine).handleHTTPRequest(0xc0000ce9c0, 0xc0000de300)\n\tC:/Users/SZHuaJi/go/pkg/mod/github.com/gin-gonic/gin@v1.11.0/gin.go:689 +0x435\ngithub.com/gin-gonic/gin.(*Engine).ServeHTTP(0xc0000ce9c0, {0x7ff790b040e0, 0xc0000e2780}, 0xc0000e63c0)\n\tC:/Users/SZHuaJi/go/pkg/mod/github.com/gin-gonic/gin@v1.11.0/gin.go:643 +0x1ad\nnet/http.serverHandler.ServeHTTP({0x7ff790b01170?}, {0x7ff790b040e0?, 0xc0000e2780?}, 0x1?)\n\tD:/Tools/Golang/src/net/http/server.go:3340 +0x8e\nnet/http.(*conn).serve(0xc00016eb40, {0x7ff790b05318, 0xc0002e5b00})\n\tD:/Tools/Golang/src/net/http/server.go:2109 +0x665\ncreated by net/http.(*Server).Serve in goroutine 7\n\tD:/Tools/Golang/src/net/http/server.go:3493 +0x485\n"}
2026-04-09T19:13:25.172+0800	INFO	logger/logger.go:81	/signup	{"status": 500, "method": "POST", "path": "/signup", "query": "", "ip": "::1", "user-agent": "Apifox/1.0.0 (https://apifox.com)", "errors": "", "cost": 0.001123}
2026-04-09T19:13:34.518+0800	ERROR	logger/logger.go:120	[Recovery from panic]	{"error": "runtime error: invalid memory address or nil pointer dereference", "request": "POST /signup HTTP/1.1\r\nHost: localhost:8080\r\nAccept: */*\r\nAccept-Encoding: gzip, deflate, br\r\nConnection: keep-alive\r\nContent-Length: 84\r\nContent-Type: application/json\r\nUser-Agent: Apifox/1.0.0 (https://apifox.com)\r\n\r\n", "stack": "goroutine 24 [running]:\nruntime/debug.Stack()\n\tD:/Tools/Golang/src/runtime/debug/stack.go:26 +0x5e\nweb/router.Setup.GinRecovery.func4.1()\n\tD:/Study/StudyProject/GoLang/StudyProject/bluebell/backend/logger/logger.go:123 +0x4e9\npanic({0x7ff7907f5440?, 0x7ff791298c50?})\n\tD:/Tools/Golang/src/runtime/panic.go:783 +0x132\ninternal/sync.(*Mutex).Lock(...)\n\tD:/Tools/Golang/src/internal/sync/mutex.go:63\nsync.(*Mutex).Lock(...)\n\tD:/Tools/Golang/src/sync/mutex.go:46\ngithub.com/bwmarrin/snowflake.(*Node).Generate(0x0)\n\tC:/Users/SZHuaJi/go/pkg/mod/github.com/bwmarrin/snowflake@v0.3.0/snowflake.go:137 +0x23\nweb/pkg/snowflake.GenID(...)\n\tD:/Study/StudyProject/GoLang/StudyProject/bluebell/backend/pkg/snowflake/snowflake.go:25\nweb/server.SignUp(0xc00033a750)\n\tD:/Study/StudyProject/GoLang/StudyProject/bluebell/backend/server/user.go:17 +0x54\nweb/controller.SingUpHandler(0xc00027c800)\n\tD:/Study/StudyProject/GoLang/StudyProject/bluebell/backend/controller/user.go:44 +0x3dd\ngithub.com/gin-gonic/gin.(*Context).Next(0xc00027c800)\n\tC:/Users/SZHuaJi/go/pkg/mod/github.com/gin-gonic/gin@v1.11.0/context.go:192 +0x4e\nweb/router.Setup.GinRecovery.func4(0xc000051648?)\n\tD:/Study/StudyProject/GoLang/StudyProject/bluebell/backend/logger/logger.go:134 +0x47\ngithub.com/gin-gonic/gin.(*Context).Next(0xc00027c800)\n\tC:/Users/SZHuaJi/go/pkg/mod/github.com/gin-gonic/gin@v1.11.0/context.go:192 +0x4e\nweb/router.Setup.GinLogger.func3(0xc00027c800)\n\tD:/Study/StudyProject/GoLang/StudyProject/bluebell/backend/logger/logger.go:78 +0x75\ngithub.com/gin-gonic/gin.(*Context).Next(0xc00027c800)\n\tC:/Users/SZHuaJi/go/pkg/mod/github.com/gin-gonic/gin@v1.11.0/context.go:192 +0x4e\ngithub.com/gin-gonic/gin.(*Engine).handleHTTPRequest(0xc0000ce9c0, 0xc00027c800)\n\tC:/Users/SZHuaJi/go/pkg/mod/github.com/gin-gonic/gin@v1.11.0/gin.go:689 +0x435\ngithub.com/gin-gonic/gin.(*Engine).ServeHTTP(0xc0000ce9c0, {0x7ff790b040e0, 0xc0001cf4a0}, 0xc000278f00)\n\tC:/Users/SZHuaJi/go/pkg/mod/github.com/gin-gonic/gin@v1.11.0/gin.go:643 +0x1ad\nnet/http.serverHandler.ServeHTTP({0x7ff790b01170?}, {0x7ff790b040e0?, 0xc0001cf4a0?}, 0x1?)\n\tD:/Tools/Golang/src/net/http/server.go:3340 +0x8e\nnet/http.(*conn).serve(0xc00016eb40, {0x7ff790b05318, 0xc0002e5b00})\n\tD:/Tools/Golang/src/net/http/server.go:2109 +0x665\ncreated by net/http.(*Server).Serve in goroutine 7\n\tD:/Tools/Golang/src/net/http/server.go:3493 +0x485\n"}
2026-04-09T19:13:34.518+0800	INFO	logger/logger.go:81	/signup	{"status": 500, "method": "POST", "path": "/signup", "query": "", "ip": "::1", "user-agent": "Apifox/1.0.0 (https://apifox.com)", "errors": "", "cost": 0.0010187}
2026-04-09T19:13:35.304+0800	ERROR	logger/logger.go:120	[Recovery from panic]	{"error": "runtime error: invalid memory address or nil pointer dereference", "request": "POST /signup HTTP/1.1\r\nHost: localhost:8080\r\nAccept: */*\r\nAccept-Encoding: gzip, deflate, br\r\nConnection: keep-alive\r\nContent-Length: 84\r\nContent-Type: application/json\r\nUser-Agent: Apifox/1.0.0 (https://apifox.com)\r\n\r\n", "stack": "goroutine 24 [running]:\nruntime/debug.Stack()\n\tD:/Tools/Golang/src/runtime/debug/stack.go:26 +0x5e\nweb/router.Setup.GinRecovery.func4.1()\n\tD:/Study/StudyProject/GoLang/StudyProject/bluebell/backend/logger/logger.go:123 +0x4e9\npanic({0x7ff7907f5440?, 0x7ff791298c50?})\n\tD:/Tools/Golang/src/runtime/panic.go:783 +0x132\ninternal/sync.(*Mutex).Lock(...)\n\tD:/Tools/Golang/src/internal/sync/mutex.go:63\nsync.(*Mutex).Lock(...)\n\tD:/Tools/Golang/src/sync/mutex.go:46\ngithub.com/bwmarrin/snowflake.(*Node).Generate(0x0)\n\tC:/Users/SZHuaJi/go/pkg/mod/github.com/bwmarrin/snowflake@v0.3.0/snowflake.go:137 +0x23\nweb/pkg/snowflake.GenID(...)\n\tD:/Study/StudyProject/GoLang/StudyProject/bluebell/backend/pkg/snowflake/snowflake.go:25\nweb/server.SignUp(0xc000482450)\n\tD:/Study/StudyProject/GoLang/StudyProject/bluebell/backend/server/user.go:17 +0x54\nweb/controller.SingUpHandler(0xc0000de300)\n\tD:/Study/StudyProject/GoLang/StudyProject/bluebell/backend/controller/user.go:44 +0x3dd\ngithub.com/gin-gonic/gin.(*Context).Next(0xc0000de300)\n\tC:/Users/SZHuaJi/go/pkg/mod/github.com/gin-gonic/gin@v1.11.0/context.go:192 +0x4e\nweb/router.Setup.GinRecovery.func4(0xc000051648?)\n\tD:/Study/StudyProject/GoLang/StudyProject/bluebell/backend/logger/logger.go:134 +0x47\ngithub.com/gin-gonic/gin.(*Context).Next(0xc0000de300)\n\tC:/Users/SZHuaJi/go/pkg/mod/github.com/gin-gonic/gin@v1.11.0/context.go:192 +0x4e\nweb/router.Setup.GinLogger.func3(0xc0000de300)\n\tD:/Study/StudyProject/GoLang/StudyProject/bluebell/backend/logger/logger.go:78 +0x75\ngithub.com/gin-gonic/gin.(*Context).Next(0xc0000de300)\n\tC:/Users/SZHuaJi/go/pkg/mod/github.com/gin-gonic/gin@v1.11.0/context.go:192 +0x4e\ngithub.com/gin-gonic/gin.(*Engine).handleHTTPRequest(0xc0000ce9c0, 0xc0000de300)\n\tC:/Users/SZHuaJi/go/pkg/mod/github.com/gin-gonic/gin@v1.11.0/gin.go:689 +0x435\ngithub.com/gin-gonic/gin.(*Engine).ServeHTTP(0xc0000ce9c0, {0x7ff790b040e0, 0xc0000e2b40}, 0xc0000e6640)\n\tC:/Users/SZHuaJi/go/pkg/mod/github.com/gin-gonic/gin@v1.11.0/gin.go:643 +0x1ad\nnet/http.serverHandler.ServeHTTP({0x7ff790b01170?}, {0x7ff790b040e0?, 0xc0000e2b40?}, 0x1?)\n\tD:/Tools/Golang/src/net/http/server.go:3340 +0x8e\nnet/http.(*conn).serve(0xc00016eb40, {0x7ff790b05318, 0xc0002e5b00})\n\tD:/Tools/Golang/src/net/http/server.go:2109 +0x665\ncreated by net/http.(*Server).Serve in goroutine 7\n\tD:/Tools/Golang/src/net/http/server.go:3493 +0x485\n"}
2026-04-09T19:13:35.304+0800	INFO	logger/logger.go:81	/signup	{"status": 500, "method": "POST", "path": "/signup", "query": "", "ip": "::1", "user-agent": "Apifox/1.0.0 (https://apifox.com)", "errors": "", "cost": 0.0005715}
2026-04-09T19:13:40.705+0800	ERROR	logger/logger.go:120	[Recovery from panic]	{"error": "runtime error: invalid memory address or nil pointer dereference", "request": "POST /signup HTTP/1.1\r\nHost: localhost:8080\r\nAccept: */*\r\nAccept-Encoding: gzip, deflate, br\r\nConnection: keep-alive\r\nContent-Length: 84\r\nContent-Type: application/json\r\nUser-Agent: Apifox/1.0.0 (https://apifox.com)\r\n\r\n", "stack": "goroutine 24 [running]:\nruntime/debug.Stack()\n\tD:/Tools/Golang/src/runtime/debug/stack.go:26 +0x5e\nweb/router.Setup.GinRecovery.func4.1()\n\tD:/Study/StudyProject/GoLang/StudyProject/bluebell/backend/logger/logger.go:123 +0x4e9\npanic({0x7ff7907f5440?, 0x7ff791298c50?})\n\tD:/Tools/Golang/src/runtime/panic.go:783 +0x132\ninternal/sync.(*Mutex).Lock(...)\n\tD:/Tools/Golang/src/internal/sync/mutex.go:63\nsync.(*Mutex).Lock(...)\n\tD:/Tools/Golang/src/sync/mutex.go:46\ngithub.com/bwmarrin/snowflake.(*Node).Generate(0x0)\n\tC:/Users/SZHuaJi/go/pkg/mod/github.com/bwmarrin/snowflake@v0.3.0/snowflake.go:137 +0x23\nweb/pkg/snowflake.GenID(...)\n\tD:/Study/StudyProject/GoLang/StudyProject/bluebell/backend/pkg/snowflake/snowflake.go:25\nweb/server.SignUp(0xc000482720)\n\tD:/Study/StudyProject/GoLang/StudyProject/bluebell/backend/server/user.go:17 +0x54\nweb/controller.SingUpHandler(0xc0000de300)\n\tD:/Study/StudyProject/GoLang/StudyProject/bluebell/backend/controller/user.go:44 +0x3dd\ngithub.com/gin-gonic/gin.(*Context).Next(0xc0000de300)\n\tC:/Users/SZHuaJi/go/pkg/mod/github.com/gin-gonic/gin@v1.11.0/context.go:192 +0x4e\nweb/router.Setup.GinRecovery.func4(0xc000051648?)\n\tD:/Study/StudyProject/GoLang/StudyProject/bluebell/backend/logger/logger.go:134 +0x47\ngithub.com/gin-gonic/gin.(*Context).Next(0xc0000de300)\n\tC:/Users/SZHuaJi/go/pkg/mod/github.com/gin-gonic/gin@v1.11.0/context.go:192 +0x4e\nweb/router.Setup.GinLogger.func3(0xc0000de300)\n\tD:/Study/StudyProject/GoLang/StudyProject/bluebell/backend/logger/logger.go:78 +0x75\ngithub.com/gin-gonic/gin.(*Context).Next(0xc0000de300)\n\tC:/Users/SZHuaJi/go/pkg/mod/github.com/gin-gonic/gin@v1.11.0/context.go:192 +0x4e\ngithub.com/gin-gonic/gin.(*Engine).handleHTTPRequest(0xc0000ce9c0, 0xc0000de300)\n\tC:/Users/SZHuaJi/go/pkg/mod/github.com/gin-gonic/gin@v1.11.0/gin.go:689 +0x435\ngithub.com/gin-gonic/gin.(*Engine).ServeHTTP(0xc0000ce9c0, {0x7ff790b040e0, 0xc0000e2e10}, 0xc0000e68c0)\n\tC:/Users/SZHuaJi/go/pkg/mod/github.com/gin-gonic/gin@v1.11.0/gin.go:643 +0x1ad\nnet/http.serverHandler.ServeHTTP({0x7ff790b01170?}, {0x7ff790b040e0?, 0xc0000e2e10?}, 0x1?)\n\tD:/Tools/Golang/src/net/http/server.go:3340 +0x8e\nnet/http.(*conn).serve(0xc00016eb40, {0x7ff790b05318, 0xc0002e5b00})\n\tD:/Tools/Golang/src/net/http/server.go:2109 +0x665\ncreated by net/http.(*Server).Serve in goroutine 7\n\tD:/Tools/Golang/src/net/http/server.go:3493 +0x485\n"}
2026-04-09T19:13:40.705+0800	INFO	logger/logger.go:81	/signup	{"status": 500, "method": "POST", "path": "/signup", "query": "", "ip": "::1", "user-agent": "Apifox/1.0.0 (https://apifox.com)", "errors": "", "cost": 0.0010125}
2026-04-09T19:14:12.534+0800	ERROR	logger/logger.go:120	[Recovery from panic]	{"error": "runtime error: invalid memory address or nil pointer dereference", "request": "POST /signup HTTP/1.1\r\nHost: localhost:8080\r\nAccept: */*\r\nAccept-Encoding: gzip, deflate, br\r\nConnection: keep-alive\r\nContent-Length: 84\r\nContent-Type: application/json\r\nUser-Agent: Apifox/1.0.0 (https://apifox.com)\r\n\r\n", "stack": "goroutine 24 [running]:\nruntime/debug.Stack()\n\tD:/Tools/Golang/src/runtime/debug/stack.go:26 +0x5e\nweb/router.Setup.GinRecovery.func4.1()\n\tD:/Study/StudyProject/GoLang/StudyProject/bluebell/backend/logger/logger.go:123 +0x4e9\npanic({0x7ff7907f5440?, 0x7ff791298c50?})\n\tD:/Tools/Golang/src/runtime/panic.go:783 +0x132\ninternal/sync.(*Mutex).Lock(...)\n\tD:/Tools/Golang/src/internal/sync/mutex.go:63\nsync.(*Mutex).Lock(...)\n\tD:/Tools/Golang/src/sync/mutex.go:46\ngithub.com/bwmarrin/snowflake.(*Node).Generate(0x0)\n\tC:/Users/SZHuaJi/go/pkg/mod/github.com/bwmarrin/snowflake@v0.3.0/snowflake.go:137 +0x23\nweb/pkg/snowflake.GenID(...)\n\tD:/Study/StudyProject/GoLang/StudyProject/bluebell/backend/pkg/snowflake/snowflake.go:25\nweb/server.SignUp(0xc000410420)\n\tD:/Study/StudyProject/GoLang/StudyProject/bluebell/backend/server/user.go:17 +0x54\nweb/controller.SingUpHandler(0xc000424300)\n\tD:/Study/StudyProject/GoLang/StudyProject/bluebell/backend/controller/user.go:44 +0x3dd\ngithub.com/gin-gonic/gin.(*Context).Next(0xc000424300)\n\tC:/Users/SZHuaJi/go/pkg/mod/github.com/gin-gonic/gin@v1.11.0/context.go:192 +0x4e\nweb/router.Setup.GinRecovery.func4(0xc000051648?)\n\tD:/Study/StudyProject/GoLang/StudyProject/bluebell/backend/logger/logger.go:134 +0x47\ngithub.com/gin-gonic/gin.(*Context).Next(0xc000424300)\n\tC:/Users/SZHuaJi/go/pkg/mod/github.com/gin-gonic/gin@v1.11.0/context.go:192 +0x4e\nweb/router.Setup.GinLogger.func3(0xc000424300)\n\tD:/Study/StudyProject/GoLang/StudyProject/bluebell/backend/logger/logger.go:78 +0x75\ngithub.com/gin-gonic/gin.(*Context).Next(0xc000424300)\n\tC:/Users/SZHuaJi/go/pkg/mod/github.com/gin-gonic/gin@v1.11.0/context.go:192 +0x4e\ngithub.com/gin-gonic/gin.(*Engine).handleHTTPRequest(0xc0000ce9c0, 0xc000424300)\n\tC:/Users/SZHuaJi/go/pkg/mod/github.com/gin-gonic/gin@v1.11.0/gin.go:689 +0x435\ngithub.com/gin-gonic/gin.(*Engine).ServeHTTP(0xc0000ce9c0, {0x7ff790b040e0, 0xc00041a1e0}, 0xc00044e140)\n\tC:/Users/SZHuaJi/go/pkg/mod/github.com/gin-gonic/gin@v1.11.0/gin.go:643 +0x1ad\nnet/http.serverHandler.ServeHTTP({0x7ff790b01170?}, {0x7ff790b040e0?, 0xc00041a1e0?}, 0x1?)\n\tD:/Tools/Golang/src/net/http/server.go:3340 +0x8e\nnet/http.(*conn).serve(0xc00016eb40, {0x7ff790b05318, 0xc0002e5b00})\n\tD:/Tools/Golang/src/net/http/server.go:2109 +0x665\ncreated by net/http.(*Server).Serve in goroutine 7\n\tD:/Tools/Golang/src/net/http/server.go:3493 +0x485\n"}
2026-04-09T19:14:12.534+0800	INFO	logger/logger.go:81	/signup	{"status": 500, "method": "POST", "path": "/signup", "query": "", "ip": "::1", "user-agent": "Apifox/1.0.0 (https://apifox.com)", "errors": "", "cost": 0.0033201}
2026-04-09T19:14:14.600+0800	ERROR	logger/logger.go:120	[Recovery from panic]	{"error": "runtime error: invalid memory address or nil pointer dereference", "request": "POST /signup HTTP/1.1\r\nHost: localhost:8080\r\nAccept: */*\r\nAccept-Encoding: gzip, deflate, br\r\nConnection: keep-alive\r\nContent-Length: 84\r\nContent-Type: application/json\r\nUser-Agent: Apifox/1.0.0 (https://apifox.com)\r\n\r\n", "stack": "goroutine 24 [running]:\nruntime/debug.Stack()\n\tD:/Tools/Golang/src/runtime/debug/stack.go:26 +0x5e\nweb/router.Setup.GinRecovery.func4.1()\n\tD:/Study/StudyProject/GoLang/StudyProject/bluebell/backend/logger/logger.go:123 +0x4e9\npanic({0x7ff7907f5440?, 0x7ff791298c50?})\n\tD:/Tools/Golang/src/runtime/panic.go:783 +0x132\ninternal/sync.(*Mutex).Lock(...)\n\tD:/Tools/Golang/src/internal/sync/mutex.go:63\nsync.(*Mutex).Lock(...)\n\tD:/Tools/Golang/src/sync/mutex.go:46\ngithub.com/bwmarrin/snowflake.(*Node).Generate(0x0)\n\tC:/Users/SZHuaJi/go/pkg/mod/github.com/bwmarrin/snowflake@v0.3.0/snowflake.go:137 +0x23\nweb/pkg/snowflake.GenID(...)\n\tD:/Study/StudyProject/GoLang/StudyProject/bluebell/backend/pkg/snowflake/snowflake.go:25\nweb/server.SignUp(0xc0004829f0)\n\tD:/Study/StudyProject/GoLang/StudyProject/bluebell/backend/server/user.go:17 +0x54\nweb/controller.SingUpHandler(0xc0000de300)\n\tD:/Study/StudyProject/GoLang/StudyProject/bluebell/backend/controller/user.go:44 +0x3dd\ngithub.com/gin-gonic/gin.(*Context).Next(0xc0000de300)\n\tC:/Users/SZHuaJi/go/pkg/mod/github.com/gin-gonic/gin@v1.11.0/context.go:192 +0x4e\nweb/router.Setup.GinRecovery.func4(0xc000051648?)\n\tD:/Study/StudyProject/GoLang/StudyProject/bluebell/backend/logger/logger.go:134 +0x47\ngithub.com/gin-gonic/gin.(*Context).Next(0xc0000de300)\n\tC:/Users/SZHuaJi/go/pkg/mod/github.com/gin-gonic/gin@v1.11.0/context.go:192 +0x4e\nweb/router.Setup.GinLogger.func3(0xc0000de300)\n\tD:/Study/StudyProject/GoLang/StudyProject/bluebell/backend/logger/logger.go:78 +0x75\ngithub.com/gin-gonic/gin.(*Context).Next(0xc0000de300)\n\tC:/Users/SZHuaJi/go/pkg/mod/github.com/gin-gonic/gin@v1.11.0/context.go:192 +0x4e\ngithub.com/gin-gonic/gin.(*Engine).handleHTTPRequest(0xc0000ce9c0, 0xc0000de300)\n\tC:/Users/SZHuaJi/go/pkg/mod/github.com/gin-gonic/gin@v1.11.0/gin.go:689 +0x435\ngithub.com/gin-gonic/gin.(*Engine).ServeHTTP(0xc0000ce9c0, {0x7ff790b040e0, 0xc0000e30e0}, 0xc0000e6b40)\n\tC:/Users/SZHuaJi/go/pkg/mod/github.com/gin-gonic/gin@v1.11.0/gin.go:643 +0x1ad\nnet/http.serverHandler.ServeHTTP({0x7ff790b01170?}, {0x7ff790b040e0?, 0xc0000e30e0?}, 0x1?)\n\tD:/Tools/Golang/src/net/http/server.go:3340 +0x8e\nnet/http.(*conn).serve(0xc00016eb40, {0x7ff790b05318, 0xc0002e5b00})\n\tD:/Tools/Golang/src/net/http/server.go:2109 +0x665\ncreated by net/http.(*Server).Serve in goroutine 7\n\tD:/Tools/Golang/src/net/http/server.go:3493 +0x485\n"}
2026-04-09T19:14:14.600+0800	INFO	logger/logger.go:81	/signup	{"status": 500, "method": "POST", "path": "/signup", "query": "", "ip": "::1", "user-agent": "Apifox/1.0.0 (https://apifox.com)", "errors": "", "cost": 0.0009002}
2026-04-09T19:14:15.287+0800	ERROR	logger/logger.go:120	[Recovery from panic]	{"error": "runtime error: invalid memory address or nil pointer dereference", "request": "POST /signup HTTP/1.1\r\nHost: localhost:8080\r\nAccept: */*\r\nAccept-Encoding: gzip, deflate, br\r\nConnection: keep-alive\r\nContent-Length: 84\r\nContent-Type: application/json\r\nUser-Agent: Apifox/1.0.0 (https://apifox.com)\r\n\r\n", "stack": "goroutine 24 [running]:\nruntime/debug.Stack()\n\tD:/Tools/Golang/src/runtime/debug/stack.go:26 +0x5e\nweb/router.Setup.GinRecovery.func4.1()\n\tD:/Study/StudyProject/GoLang/StudyProject/bluebell/backend/logger/logger.go:123 +0x4e9\npanic({0x7ff7907f5440?, 0x7ff791298c50?})\n\tD:/Tools/Golang/src/runtime/panic.go:783 +0x132\ninternal/sync.(*Mutex).Lock(...)\n\tD:/Tools/Golang/src/internal/sync/mutex.go:63\nsync.(*Mutex).Lock(...)\n\tD:/Tools/Golang/src/sync/mutex.go:46\ngithub.com/bwmarrin/snowflake.(*Node).Generate(0x0)\n\tC:/Users/SZHuaJi/go/pkg/mod/github.com/bwmarrin/snowflake@v0.3.0/snowflake.go:137 +0x23\nweb/pkg/snowflake.GenID(...)\n\tD:/Study/StudyProject/GoLang/StudyProject/bluebell/backend/pkg/snowflake/snowflake.go:25\nweb/server.SignUp(0xc000482cc0)\n\tD:/Study/StudyProject/GoLang/StudyProject/bluebell/backend/server/user.go:17 +0x54\nweb/controller.SingUpHandler(0xc0000de300)\n\tD:/Study/StudyProject/GoLang/StudyProject/bluebell/backend/controller/user.go:44 +0x3dd\ngithub.com/gin-gonic/gin.(*Context).Next(0xc0000de300)\n\tC:/Users/SZHuaJi/go/pkg/mod/github.com/gin-gonic/gin@v1.11.0/context.go:192 +0x4e\nweb/router.Setup.GinRecovery.func4(0xc000051648?)\n\tD:/Study/StudyProject/GoLang/StudyProject/bluebell/backend/logger/logger.go:134 +0x47\ngithub.com/gin-gonic/gin.(*Context).Next(0xc0000de300)\n\tC:/Users/SZHuaJi/go/pkg/mod/github.com/gin-gonic/gin@v1.11.0/context.go:192 +0x4e\nweb/router.Setup.GinLogger.func3(0xc0000de300)\n\tD:/Study/StudyProject/GoLang/StudyProject/bluebell/backend/logger/logger.go:78 +0x75\ngithub.com/gin-gonic/gin.(*Context).Next(0xc0000de300)\n\tC:/Users/SZHuaJi/go/pkg/mod/github.com/gin-gonic/gin@v1.11.0/context.go:192 +0x4e\ngithub.com/gin-gonic/gin.(*Engine).handleHTTPRequest(0xc0000ce9c0, 0xc0000de300)\n\tC:/Users/SZHuaJi/go/pkg/mod/github.com/gin-gonic/gin@v1.11.0/gin.go:689 +0x435\ngithub.com/gin-gonic/gin.(*Engine).ServeHTTP(0xc0000ce9c0, {0x7ff790b040e0, 0xc0000e33b0}, 0xc0000e6dc0)\n\tC:/Users/SZHuaJi/go/pkg/mod/github.com/gin-gonic/gin@v1.11.0/gin.go:643 +0x1ad\nnet/http.serverHandler.ServeHTTP({0x7ff790b01170?}, {0x7ff790b040e0?, 0xc0000e33b0?}, 0x1?)\n\tD:/Tools/Golang/src/net/http/server.go:3340 +0x8e\nnet/http.(*conn).serve(0xc00016eb40, {0x7ff790b05318, 0xc0002e5b00})\n\tD:/Tools/Golang/src/net/http/server.go:2109 +0x665\ncreated by net/http.(*Server).Serve in goroutine 7\n\tD:/Tools/Golang/src/net/http/server.go:3493 +0x485\n"}
2026-04-09T19:14:15.287+0800	INFO	logger/logger.go:81	/signup	{"status": 500, "method": "POST", "path": "/signup", "query": "", "ip": "::1", "user-agent": "Apifox/1.0.0 (https://apifox.com)", "errors": "", "cost": 0.0005572}
2026-04-09T19:14:15.860+0800	ERROR	logger/logger.go:120	[Recovery from panic]	{"error": "runtime error: invalid memory address or nil pointer dereference", "request": "POST /signup HTTP/1.1\r\nHost: localhost:8080\r\nAccept: */*\r\nAccept-Encoding: gzip, deflate, br\r\nConnection: keep-alive\r\nContent-Length: 84\r\nContent-Type: application/json\r\nUser-Agent: Apifox/1.0.0 (https://apifox.com)\r\n\r\n", "stack": "goroutine 24 [running]:\nruntime/debug.Stack()\n\tD:/Tools/Golang/src/runtime/debug/stack.go:26 +0x5e\nweb/router.Setup.GinRecovery.func4.1()\n\tD:/Study/StudyProject/GoLang/StudyProject/bluebell/backend/logger/logger.go:123 +0x4e9\npanic({0x7ff7907f5440?, 0x7ff791298c50?})\n\tD:/Tools/Golang/src/runtime/panic.go:783 +0x132\ninternal/sync.(*Mutex).Lock(...)\n\tD:/Tools/Golang/src/internal/sync/mutex.go:63\nsync.(*Mutex).Lock(...)\n\tD:/Tools/Golang/src/sync/mutex.go:46\ngithub.com/bwmarrin/snowflake.(*Node).Generate(0x0)\n\tC:/Users/SZHuaJi/go/pkg/mod/github.com/bwmarrin/snowflake@v0.3.0/snowflake.go:137 +0x23\nweb/pkg/snowflake.GenID(...)\n\tD:/Study/StudyProject/GoLang/StudyProject/bluebell/backend/pkg/snowflake/snowflake.go:25\nweb/server.SignUp(0xc000482f90)\n\tD:/Study/StudyProject/GoLang/StudyProject/bluebell/backend/server/user.go:17 +0x54\nweb/controller.SingUpHandler(0xc0000de300)\n\tD:/Study/StudyProject/GoLang/StudyProject/bluebell/backend/controller/user.go:44 +0x3dd\ngithub.com/gin-gonic/gin.(*Context).Next(0xc0000de300)\n\tC:/Users/SZHuaJi/go/pkg/mod/github.com/gin-gonic/gin@v1.11.0/context.go:192 +0x4e\nweb/router.Setup.GinRecovery.func4(0xc000051648?)\n\tD:/Study/StudyProject/GoLang/StudyProject/bluebell/backend/logger/logger.go:134 +0x47\ngithub.com/gin-gonic/gin.(*Context).Next(0xc0000de300)\n\tC:/Users/SZHuaJi/go/pkg/mod/github.com/gin-gonic/gin@v1.11.0/context.go:192 +0x4e\nweb/router.Setup.GinLogger.func3(0xc0000de300)\n\tD:/Study/StudyProject/GoLang/StudyProject/bluebell/backend/logger/logger.go:78 +0x75\ngithub.com/gin-gonic/gin.(*Context).Next(0xc0000de300)\n\tC:/Users/SZHuaJi/go/pkg/mod/github.com/gin-gonic/gin@v1.11.0/context.go:192 +0x4e\ngithub.com/gin-gonic/gin.(*Engine).handleHTTPRequest(0xc0000ce9c0, 0xc0000de300)\n\tC:/Users/SZHuaJi/go/pkg/mod/github.com/gin-gonic/gin@v1.11.0/gin.go:689 +0x435\ngithub.com/gin-gonic/gin.(*Engine).ServeHTTP(0xc0000ce9c0, {0x7ff790b040e0, 0xc0000e3680}, 0xc0000e7040)\n\tC:/Users/SZHuaJi/go/pkg/mod/github.com/gin-gonic/gin@v1.11.0/gin.go:643 +0x1ad\nnet/http.serverHandler.ServeHTTP({0x7ff790b01170?}, {0x7ff790b040e0?, 0xc0000e3680?}, 0x1?)\n\tD:/Tools/Golang/src/net/http/server.go:3340 +0x8e\nnet/http.(*conn).serve(0xc00016eb40, {0x7ff790b05318, 0xc0002e5b00})\n\tD:/Tools/Golang/src/net/http/server.go:2109 +0x665\ncreated by net/http.(*Server).Serve in goroutine 7\n\tD:/Tools/Golang/src/net/http/server.go:3493 +0x485\n"}
2026-04-09T19:14:15.860+0800	INFO	logger/logger.go:81	/signup	{"status": 500, "method": "POST", "path": "/signup", "query": "", "ip": "::1", "user-agent": "Apifox/1.0.0 (https://apifox.com)", "errors": "", "cost": 0.0036438}
2026-04-09T19:14:22.147+0800	ERROR	logger/logger.go:120	[Recovery from panic]	{"error": "runtime error: invalid memory address or nil pointer dereference", "request": "POST /signup HTTP/1.1\r\nHost: localhost:8080\r\nAccept: */*\r\nAccept-Encoding: gzip, deflate, br\r\nConnection: keep-alive\r\nContent-Length: 84\r\nContent-Type: application/json\r\nUser-Agent: Apifox/1.0.0 (https://apifox.com)\r\n\r\n", "stack": "goroutine 24 [running]:\nruntime/debug.Stack()\n\tD:/Tools/Golang/src/runtime/debug/stack.go:26 +0x5e\nweb/router.Setup.GinRecovery.func4.1()\n\tD:/Study/StudyProject/GoLang/StudyProject/bluebell/backend/logger/logger.go:123 +0x4e9\npanic({0x7ff7907f5440?, 0x7ff791298c50?})\n\tD:/Tools/Golang/src/runtime/panic.go:783 +0x132\ninternal/sync.(*Mutex).Lock(...)\n\tD:/Tools/Golang/src/internal/sync/mutex.go:63\nsync.(*Mutex).Lock(...)\n\tD:/Tools/Golang/src/sync/mutex.go:46\ngithub.com/bwmarrin/snowflake.(*Node).Generate(0x0)\n\tC:/Users/SZHuaJi/go/pkg/mod/github.com/bwmarrin/snowflake@v0.3.0/snowflake.go:137 +0x23\nweb/pkg/snowflake.GenID(...)\n\tD:/Study/StudyProject/GoLang/StudyProject/bluebell/backend/pkg/snowflake/snowflake.go:25\nweb/server.SignUp(0xc000482120)\n\tD:/Study/StudyProject/GoLang/StudyProject/bluebell/backend/server/user.go:17 +0x54\nweb/controller.SingUpHandler(0xc0000de000)\n\tD:/Study/StudyProject/GoLang/StudyProject/bluebell/backend/controller/user.go:44 +0x3dd\ngithub.com/gin-gonic/gin.(*Context).Next(0xc0000de000)\n\tC:/Users/SZHuaJi/go/pkg/mod/github.com/gin-gonic/gin@v1.11.0/context.go:192 +0x4e\nweb/router.Setup.GinRecovery.func4(0xc000051648?)\n\tD:/Study/StudyProject/GoLang/StudyProject/bluebell/backend/logger/logger.go:134 +0x47\ngithub.com/gin-gonic/gin.(*Context).Next(0xc0000de000)\n\tC:/Users/SZHuaJi/go/pkg/mod/github.com/gin-gonic/gin@v1.11.0/context.go:192 +0x4e\nweb/router.Setup.GinLogger.func3(0xc0000de000)\n\tD:/Study/StudyProject/GoLang/StudyProject/bluebell/backend/logger/logger.go:78 +0x75\ngithub.com/gin-gonic/gin.(*Context).Next(0xc0000de000)\n\tC:/Users/SZHuaJi/go/pkg/mod/github.com/gin-gonic/gin@v1.11.0/context.go:192 +0x4e\ngithub.com/gin-gonic/gin.(*Engine).handleHTTPRequest(0xc0000ce9c0, 0xc0000de000)\n\tC:/Users/SZHuaJi/go/pkg/mod/github.com/gin-gonic/gin@v1.11.0/gin.go:689 +0x435\ngithub.com/gin-gonic/gin.(*Engine).ServeHTTP(0xc0000ce9c0, {0x7ff790b040e0, 0xc0000e2000}, 0xc0000e6000)\n\tC:/Users/SZHuaJi/go/pkg/mod/github.com/gin-gonic/gin@v1.11.0/gin.go:643 +0x1ad\nnet/http.serverHandler.ServeHTTP({0x7ff790b01170?}, {0x7ff790b040e0?, 0xc0000e2000?}, 0x1?)\n\tD:/Tools/Golang/src/net/http/server.go:3340 +0x8e\nnet/http.(*conn).serve(0xc00016eb40, {0x7ff790b05318, 0xc0002e5b00})\n\tD:/Tools/Golang/src/net/http/server.go:2109 +0x665\ncreated by net/http.(*Server).Serve in goroutine 7\n\tD:/Tools/Golang/src/net/http/server.go:3493 +0x485\n"}
2026-04-09T19:14:22.148+0800	INFO	logger/logger.go:81	/signup	{"status": 500, "method": "POST", "path": "/signup", "query": "", "ip": "::1", "user-agent": "Apifox/1.0.0 (https://apifox.com)", "errors": "", "cost": 0.0027149}
2026-04-09T19:14:23.221+0800	ERROR	logger/logger.go:120	[Recovery from panic]	{"error": "runtime error: invalid memory address or nil pointer dereference", "request": "POST /signup HTTP/1.1\r\nHost: localhost:8080\r\nAccept: */*\r\nAccept-Encoding: gzip, deflate, br\r\nConnection: keep-alive\r\nContent-Length: 84\r\nContent-Type: application/json\r\nUser-Agent: Apifox/1.0.0 (https://apifox.com)\r\n\r\n", "stack": "goroutine 24 [running]:\nruntime/debug.Stack()\n\tD:/Tools/Golang/src/runtime/debug/stack.go:26 +0x5e\nweb/router.Setup.GinRecovery.func4.1()\n\tD:/Study/StudyProject/GoLang/StudyProject/bluebell/backend/logger/logger.go:123 +0x4e9\npanic({0x7ff7907f5440?, 0x7ff791298c50?})\n\tD:/Tools/Golang/src/runtime/panic.go:783 +0x132\ninternal/sync.(*Mutex).Lock(...)\n\tD:/Tools/Golang/src/internal/sync/mutex.go:63\nsync.(*Mutex).Lock(...)\n\tD:/Tools/Golang/src/sync/mutex.go:46\ngithub.com/bwmarrin/snowflake.(*Node).Generate(0x0)\n\tC:/Users/SZHuaJi/go/pkg/mod/github.com/bwmarrin/snowflake@v0.3.0/snowflake.go:137 +0x23\nweb/pkg/snowflake.GenID(...)\n\tD:/Study/StudyProject/GoLang/StudyProject/bluebell/backend/pkg/snowflake/snowflake.go:25\nweb/server.SignUp(0xc000410300)\n\tD:/Study/StudyProject/GoLang/StudyProject/bluebell/backend/server/user.go:17 +0x54\nweb/controller.SingUpHandler(0xc000424000)\n\tD:/Study/StudyProject/GoLang/StudyProject/bluebell/backend/controller/user.go:44 +0x3dd\ngithub.com/gin-gonic/gin.(*Context).Next(0xc000424000)\n\tC:/Users/SZHuaJi/go/pkg/mod/github.com/gin-gonic/gin@v1.11.0/context.go:192 +0x4e\nweb/router.Setup.GinRecovery.func4(0xc000051648?)\n\tD:/Study/StudyProject/GoLang/StudyProject/bluebell/backend/logger/logger.go:134 +0x47\ngithub.com/gin-gonic/gin.(*Context).Next(0xc000424000)\n\tC:/Users/SZHuaJi/go/pkg/mod/github.com/gin-gonic/gin@v1.11.0/context.go:192 +0x4e\nweb/router.Setup.GinLogger.func3(0xc000424000)\n\tD:/Study/StudyProject/GoLang/StudyProject/bluebell/backend/logger/logger.go:78 +0x75\ngithub.com/gin-gonic/gin.(*Context).Next(0xc000424000)\n\tC:/Users/SZHuaJi/go/pkg/mod/github.com/gin-gonic/gin@v1.11.0/context.go:192 +0x4e\ngithub.com/gin-gonic/gin.(*Engine).handleHTTPRequest(0xc0000ce9c0, 0xc000424000)\n\tC:/Users/SZHuaJi/go/pkg/mod/github.com/gin-gonic/gin@v1.11.0/gin.go:689 +0x435\ngithub.com/gin-gonic/gin.(*Engine).ServeHTTP(0xc0000ce9c0, {0x7ff790b040e0, 0xc00041a000}, 0xc00044e280)\n\tC:/Users/SZHuaJi/go/pkg/mod/github.com/gin-gonic/gin@v1.11.0/gin.go:643 +0x1ad\nnet/http.serverHandler.ServeHTTP({0x7ff790b01170?}, {0x7ff790b040e0?, 0xc00041a000?}, 0x1?)\n\tD:/Tools/Golang/src/net/http/server.go:3340 +0x8e\nnet/http.(*conn).serve(0xc00016eb40, {0x7ff790b05318, 0xc0002e5b00})\n\tD:/Tools/Golang/src/net/http/server.go:2109 +0x665\ncreated by net/http.(*Server).Serve in goroutine 7\n\tD:/Tools/Golang/src/net/http/server.go:3493 +0x485\n"}
2026-04-09T19:14:23.221+0800	INFO	logger/logger.go:81	/signup	{"status": 500, "method": "POST", "path": "/signup", "query": "", "ip": "::1", "user-agent": "Apifox/1.0.0 (https://apifox.com)", "errors": "", "cost": 0.005063}
2026-04-09T19:14:28.176+0800	ERROR	logger/logger.go:120	[Recovery from panic]	{"error": "runtime error: invalid memory address or nil pointer dereference", "request": "POST /signup HTTP/1.1\r\nHost: localhost:8080\r\nAccept: */*\r\nAccept-Encoding: gzip, deflate, br\r\nConnection: keep-alive\r\nContent-Length: 84\r\nContent-Type: application/json\r\nUser-Agent: Apifox/1.0.0 (https://apifox.com)\r\n\r\n", "stack": "goroutine 24 [running]:\nruntime/debug.Stack()\n\tD:/Tools/Golang/src/runtime/debug/stack.go:26 +0x5e\nweb/router.Setup.GinRecovery.func4.1()\n\tD:/Study/StudyProject/GoLang/StudyProject/bluebell/backend/logger/logger.go:123 +0x4e9\npanic({0x7ff7907f5440?, 0x7ff791298c50?})\n\tD:/Tools/Golang/src/runtime/panic.go:783 +0x132\ninternal/sync.(*Mutex).Lock(...)\n\tD:/Tools/Golang/src/internal/sync/mutex.go:63\nsync.(*Mutex).Lock(...)\n\tD:/Tools/Golang/src/sync/mutex.go:46\ngithub.com/bwmarrin/snowflake.(*Node).Generate(0x0)\n\tC:/Users/SZHuaJi/go/pkg/mod/github.com/bwmarrin/snowflake@v0.3.0/snowflake.go:137 +0x23\nweb/pkg/snowflake.GenID(...)\n\tD:/Study/StudyProject/GoLang/StudyProject/bluebell/backend/pkg/snowflake/snowflake.go:25\nweb/server.SignUp(0xc00033a180)\n\tD:/Study/StudyProject/GoLang/StudyProject/bluebell/backend/server/user.go:17 +0x54\nweb/controller.SingUpHandler(0xc00027c200)\n\tD:/Study/StudyProject/GoLang/StudyProject/bluebell/backend/controller/user.go:44 +0x3dd\ngithub.com/gin-gonic/gin.(*Context).Next(0xc00027c200)\n\tC:/Users/SZHuaJi/go/pkg/mod/github.com/gin-gonic/gin@v1.11.0/context.go:192 +0x4e\nweb/router.Setup.GinRecovery.func4(0xc000051648?)\n\tD:/Study/StudyProject/GoLang/StudyProject/bluebell/backend/logger/logger.go:134 +0x47\ngithub.com/gin-gonic/gin.(*Context).Next(0xc00027c200)\n\tC:/Users/SZHuaJi/go/pkg/mod/github.com/gin-gonic/gin@v1.11.0/context.go:192 +0x4e\nweb/router.Setup.GinLogger.func3(0xc00027c200)\n\tD:/Study/StudyProject/GoLang/StudyProject/bluebell/backend/logger/logger.go:78 +0x75\ngithub.com/gin-gonic/gin.(*Context).Next(0xc00027c200)\n\tC:/Users/SZHuaJi/go/pkg/mod/github.com/gin-gonic/gin@v1.11.0/context.go:192 +0x4e\ngithub.com/gin-gonic/gin.(*Engine).handleHTTPRequest(0xc0000ce9c0, 0xc00027c200)\n\tC:/Users/SZHuaJi/go/pkg/mod/github.com/gin-gonic/gin@v1.11.0/gin.go:689 +0x435\ngithub.com/gin-gonic/gin.(*Engine).ServeHTTP(0xc0000ce9c0, {0x7ff790b040e0, 0xc0001ce000}, 0xc000278000)\n\tC:/Users/SZHuaJi/go/pkg/mod/github.com/gin-gonic/gin@v1.11.0/gin.go:643 +0x1ad\nnet/http.serverHandler.ServeHTTP({0x7ff790b01170?}, {0x7ff790b040e0?, 0xc0001ce000?}, 0x1?)\n\tD:/Tools/Golang/src/net/http/server.go:3340 +0x8e\nnet/http.(*conn).serve(0xc00016eb40, {0x7ff790b05318, 0xc0002e5b00})\n\tD:/Tools/Golang/src/net/http/server.go:2109 +0x665\ncreated by net/http.(*Server).Serve in goroutine 7\n\tD:/Tools/Golang/src/net/http/server.go:3493 +0x485\n"}
2026-04-09T19:14:28.176+0800	INFO	logger/logger.go:81	/signup	{"status": 500, "method": "POST", "path": "/signup", "query": "", "ip": "::1", "user-agent": "Apifox/1.0.0 (https://apifox.com)", "errors": "", "cost": 0.0022834}
2026-04-09T19:14:35.724+0800	ERROR	logger/logger.go:120	[Recovery from panic]	{"error": "runtime error: invalid memory address or nil pointer dereference", "request": "POST /signup HTTP/1.1\r\nHost: localhost:8080\r\nAccept: */*\r\nAccept-Encoding: gzip, deflate, br\r\nConnection: keep-alive\r\nContent-Length: 84\r\nContent-Type: application/json\r\nUser-Agent: Apifox/1.0.0 (https://apifox.com)\r\n\r\n", "stack": "goroutine 24 [running]:\nruntime/debug.Stack()\n\tD:/Tools/Golang/src/runtime/debug/stack.go:26 +0x5e\nweb/router.Setup.GinRecovery.func4.1()\n\tD:/Study/StudyProject/GoLang/StudyProject/bluebell/backend/logger/logger.go:123 +0x4e9\npanic({0x7ff7907f5440?, 0x7ff791298c50?})\n\tD:/Tools/Golang/src/runtime/panic.go:783 +0x132\ninternal/sync.(*Mutex).Lock(...)\n\tD:/Tools/Golang/src/internal/sync/mutex.go:63\nsync.(*Mutex).Lock(...)\n\tD:/Tools/Golang/src/sync/mutex.go:46\ngithub.com/bwmarrin/snowflake.(*Node).Generate(0x0)\n\tC:/Users/SZHuaJi/go/pkg/mod/github.com/bwmarrin/snowflake@v0.3.0/snowflake.go:137 +0x23\nweb/pkg/snowflake.GenID(...)\n\tD:/Study/StudyProject/GoLang/StudyProject/bluebell/backend/pkg/snowflake/snowflake.go:25\nweb/server.SignUp(0xc00033a5a0)\n\tD:/Study/StudyProject/GoLang/StudyProject/bluebell/backend/server/user.go:17 +0x54\nweb/controller.SingUpHandler(0xc00027c200)\n\tD:/Study/StudyProject/GoLang/StudyProject/bluebell/backend/controller/user.go:44 +0x3dd\ngithub.com/gin-gonic/gin.(*Context).Next(0xc00027c200)\n\tC:/Users/SZHuaJi/go/pkg/mod/github.com/gin-gonic/gin@v1.11.0/context.go:192 +0x4e\nweb/router.Setup.GinRecovery.func4(0xc000051648?)\n\tD:/Study/StudyProject/GoLang/StudyProject/bluebell/backend/logger/logger.go:134 +0x47\ngithub.com/gin-gonic/gin.(*Context).Next(0xc00027c200)\n\tC:/Users/SZHuaJi/go/pkg/mod/github.com/gin-gonic/gin@v1.11.0/context.go:192 +0x4e\nweb/router.Setup.GinLogger.func3(0xc00027c200)\n\tD:/Study/StudyProject/GoLang/StudyProject/bluebell/backend/logger/logger.go:78 +0x75\ngithub.com/gin-gonic/gin.(*Context).Next(0xc00027c200)\n\tC:/Users/SZHuaJi/go/pkg/mod/github.com/gin-gonic/gin@v1.11.0/context.go:192 +0x4e\ngithub.com/gin-gonic/gin.(*Engine).handleHTTPRequest(0xc0000ce9c0, 0xc00027c200)\n\tC:/Users/SZHuaJi/go/pkg/mod/github.com/gin-gonic/gin@v1.11.0/gin.go:689 +0x435\ngithub.com/gin-gonic/gin.(*Engine).ServeHTTP(0xc0000ce9c0, {0x7ff790b040e0, 0xc0001ce3c0}, 0xc000278280)\n\tC:/Users/SZHuaJi/go/pkg/mod/github.com/gin-gonic/gin@v1.11.0/gin.go:643 +0x1ad\nnet/http.serverHandler.ServeHTTP({0x7ff790b01170?}, {0x7ff790b040e0?, 0xc0001ce3c0?}, 0x1?)\n\tD:/Tools/Golang/src/net/http/server.go:3340 +0x8e\nnet/http.(*conn).serve(0xc00016eb40, {0x7ff790b05318, 0xc0002e5b00})\n\tD:/Tools/Golang/src/net/http/server.go:2109 +0x665\ncreated by net/http.(*Server).Serve in goroutine 7\n\tD:/Tools/Golang/src/net/http/server.go:3493 +0x485\n"}
2026-04-09T19:14:35.724+0800	INFO	logger/logger.go:81	/signup	{"status": 500, "method": "POST", "path": "/signup", "query": "", "ip": "::1", "user-agent": "Apifox/1.0.0 (https://apifox.com)", "errors": "", "cost": 0.00288}
2026-04-09T19:14:39.519+0800	ERROR	logger/logger.go:120	[Recovery from panic]	{"error": "runtime error: invalid memory address or nil pointer dereference", "request": "POST /signup HTTP/1.1\r\nHost: localhost:8080\r\nAccept: */*\r\nAccept-Encoding: gzip, deflate, br\r\nConnection: keep-alive\r\nContent-Length: 84\r\nContent-Type: application/json\r\nUser-Agent: Apifox/1.0.0 (https://apifox.com)\r\n\r\n", "stack": "goroutine 24 [running]:\nruntime/debug.Stack()\n\tD:/Tools/Golang/src/runtime/debug/stack.go:26 +0x5e\nweb/router.Setup.GinRecovery.func4.1()\n\tD:/Study/StudyProject/GoLang/StudyProject/bluebell/backend/logger/logger.go:123 +0x4e9\npanic({0x7ff7907f5440?, 0x7ff791298c50?})\n\tD:/Tools/Golang/src/runtime/panic.go:783 +0x132\ninternal/sync.(*Mutex).Lock(...)\n\tD:/Tools/Golang/src/internal/sync/mutex.go:63\nsync.(*Mutex).Lock(...)\n\tD:/Tools/Golang/src/sync/mutex.go:46\ngithub.com/bwmarrin/snowflake.(*Node).Generate(0x0)\n\tC:/Users/SZHuaJi/go/pkg/mod/github.com/bwmarrin/snowflake@v0.3.0/snowflake.go:137 +0x23\nweb/pkg/snowflake.GenID(...)\n\tD:/Study/StudyProject/GoLang/StudyProject/bluebell/backend/pkg/snowflake/snowflake.go:25\nweb/server.SignUp(0xc000410720)\n\tD:/Study/StudyProject/GoLang/StudyProject/bluebell/backend/server/user.go:17 +0x54\nweb/controller.SingUpHandler(0xc000424000)\n\tD:/Study/StudyProject/GoLang/StudyProject/bluebell/backend/controller/user.go:44 +0x3dd\ngithub.com/gin-gonic/gin.(*Context).Next(0xc000424000)\n\tC:/Users/SZHuaJi/go/pkg/mod/github.com/gin-gonic/gin@v1.11.0/context.go:192 +0x4e\nweb/router.Setup.GinRecovery.func4(0xc000051648?)\n\tD:/Study/StudyProject/GoLang/StudyProject/bluebell/backend/logger/logger.go:134 +0x47\ngithub.com/gin-gonic/gin.(*Context).Next(0xc000424000)\n\tC:/Users/SZHuaJi/go/pkg/mod/github.com/gin-gonic/gin@v1.11.0/context.go:192 +0x4e\nweb/router.Setup.GinLogger.func3(0xc000424000)\n\tD:/Study/StudyProject/GoLang/StudyProject/bluebell/backend/logger/logger.go:78 +0x75\ngithub.com/gin-gonic/gin.(*Context).Next(0xc000424000)\n\tC:/Users/SZHuaJi/go/pkg/mod/github.com/gin-gonic/gin@v1.11.0/context.go:192 +0x4e\ngithub.com/gin-gonic/gin.(*Engine).handleHTTPRequest(0xc0000ce9c0, 0xc000424000)\n\tC:/Users/SZHuaJi/go/pkg/mod/github.com/gin-gonic/gin@v1.11.0/gin.go:689 +0x435\ngithub.com/gin-gonic/gin.(*Engine).ServeHTTP(0xc0000ce9c0, {0x7ff790b040e0, 0xc00041a780}, 0xc00044e500)\n\tC:/Users/SZHuaJi/go/pkg/mod/github.com/gin-gonic/gin@v1.11.0/gin.go:643 +0x1ad\nnet/http.serverHandler.ServeHTTP({0x7ff790b01170?}, {0x7ff790b040e0?, 0xc00041a780?}, 0x1?)\n\tD:/Tools/Golang/src/net/http/server.go:3340 +0x8e\nnet/http.(*conn).serve(0xc00016eb40, {0x7ff790b05318, 0xc0002e5b00})\n\tD:/Tools/Golang/src/net/http/server.go:2109 +0x665\ncreated by net/http.(*Server).Serve in goroutine 7\n\tD:/Tools/Golang/src/net/http/server.go:3493 +0x485\n"}
2026-04-09T19:14:39.519+0800	INFO	logger/logger.go:81	/signup	{"status": 500, "method": "POST", "path": "/signup", "query": "", "ip": "::1", "user-agent": "Apifox/1.0.0 (https://apifox.com)", "errors": "", "cost": 0.0131625}
2026-04-09T19:14:49.987+0800	ERROR	logger/logger.go:120	[Recovery from panic]	{"error": "runtime error: invalid memory address or nil pointer dereference", "request": "POST /signup HTTP/1.1\r\nHost: localhost:8080\r\nAccept: */*\r\nAccept-Encoding: gzip, deflate, br\r\nConnection: keep-alive\r\nContent-Length: 84\r\nContent-Type: application/json\r\nUser-Agent: Apifox/1.0.0 (https://apifox.com)\r\n\r\n", "stack": "goroutine 24 [running]:\nruntime/debug.Stack()\n\tD:/Tools/Golang/src/runtime/debug/stack.go:26 +0x5e\nweb/router.Setup.GinRecovery.func4.1()\n\tD:/Study/StudyProject/GoLang/StudyProject/bluebell/backend/logger/logger.go:123 +0x4e9\npanic({0x7ff7907f5440?, 0x7ff791298c50?})\n\tD:/Tools/Golang/src/runtime/panic.go:783 +0x132\ninternal/sync.(*Mutex).Lock(...)\n\tD:/Tools/Golang/src/internal/sync/mutex.go:63\nsync.(*Mutex).Lock(...)\n\tD:/Tools/Golang/src/sync/mutex.go:46\ngithub.com/bwmarrin/snowflake.(*Node).Generate(0x0)\n\tC:/Users/SZHuaJi/go/pkg/mod/github.com/bwmarrin/snowflake@v0.3.0/snowflake.go:137 +0x23\nweb/pkg/snowflake.GenID(...)\n\tD:/Study/StudyProject/GoLang/StudyProject/bluebell/backend/pkg/snowflake/snowflake.go:25\nweb/server.SignUp(0xc00033a900)\n\tD:/Study/StudyProject/GoLang/StudyProject/bluebell/backend/server/user.go:17 +0x54\nweb/controller.SingUpHandler(0xc00027c200)\n\tD:/Study/StudyProject/GoLang/StudyProject/bluebell/backend/controller/user.go:44 +0x3dd\ngithub.com/gin-gonic/gin.(*Context).Next(0xc00027c200)\n\tC:/Users/SZHuaJi/go/pkg/mod/github.com/gin-gonic/gin@v1.11.0/context.go:192 +0x4e\nweb/router.Setup.GinRecovery.func4(0xc000051648?)\n\tD:/Study/StudyProject/GoLang/StudyProject/bluebell/backend/logger/logger.go:134 +0x47\ngithub.com/gin-gonic/gin.(*Context).Next(0xc00027c200)\n\tC:/Users/SZHuaJi/go/pkg/mod/github.com/gin-gonic/gin@v1.11.0/context.go:192 +0x4e\nweb/router.Setup.GinLogger.func3(0xc00027c200)\n\tD:/Study/StudyProject/GoLang/StudyProject/bluebell/backend/logger/logger.go:78 +0x75\ngithub.com/gin-gonic/gin.(*Context).Next(0xc00027c200)\n\tC:/Users/SZHuaJi/go/pkg/mod/github.com/gin-gonic/gin@v1.11.0/context.go:192 +0x4e\ngithub.com/gin-gonic/gin.(*Engine).handleHTTPRequest(0xc0000ce9c0, 0xc00027c200)\n\tC:/Users/SZHuaJi/go/pkg/mod/github.com/gin-gonic/gin@v1.11.0/gin.go:689 +0x435\ngithub.com/gin-gonic/gin.(*Engine).ServeHTTP(0xc0000ce9c0, {0x7ff790b040e0, 0xc0001ce690}, 0xc000278780)\n\tC:/Users/SZHuaJi/go/pkg/mod/github.com/gin-gonic/gin@v1.11.0/gin.go:643 +0x1ad\nnet/http.serverHandler.ServeHTTP({0x7ff790b01170?}, {0x7ff790b040e0?, 0xc0001ce690?}, 0x1?)\n\tD:/Tools/Golang/src/net/http/server.go:3340 +0x8e\nnet/http.(*conn).serve(0xc00016eb40, {0x7ff790b05318, 0xc0002e5b00})\n\tD:/Tools/Golang/src/net/http/server.go:2109 +0x665\ncreated by net/http.(*Server).Serve in goroutine 7\n\tD:/Tools/Golang/src/net/http/server.go:3493 +0x485\n"}
2026-04-09T19:14:49.987+0800	INFO	logger/logger.go:81	/signup	{"status": 500, "method": "POST", "path": "/signup", "query": "", "ip": "::1", "user-agent": "Apifox/1.0.0 (https://apifox.com)", "errors": "", "cost": 0.0028909}
2026-04-09T19:16:58.591+0800	ERROR	logger/logger.go:120	[Recovery from panic]	{"error": "runtime error: invalid memory address or nil pointer dereference", "request": "POST /signup HTTP/1.1\r\nHost: localhost:8080\r\nAccept: */*\r\nAccept-Encoding: gzip, deflate, br\r\nConnection: keep-alive\r\nContent-Length: 84\r\nContent-Type: application/json\r\nUser-Agent: Apifox/1.0.0 (https://apifox.com)\r\n\r\n", "stack": "goroutine 24 [running]:\nruntime/debug.Stack()\n\tD:/Tools/Golang/src/runtime/debug/stack.go:26 +0x5e\nweb/router.Setup.GinRecovery.func4.1()\n\tD:/Study/StudyProject/GoLang/StudyProject/bluebell/backend/logger/logger.go:123 +0x4e9\npanic({0x7ff7907f5440?, 0x7ff791298c50?})\n\tD:/Tools/Golang/src/runtime/panic.go:783 +0x132\ninternal/sync.(*Mutex).Lock(...)\n\tD:/Tools/Golang/src/internal/sync/mutex.go:63\nsync.(*Mutex).Lock(...)\n\tD:/Tools/Golang/src/sync/mutex.go:46\ngithub.com/bwmarrin/snowflake.(*Node).Generate(0x0)\n\tC:/Users/SZHuaJi/go/pkg/mod/github.com/bwmarrin/snowflake@v0.3.0/snowflake.go:137 +0x23\nweb/pkg/snowflake.GenID(...)\n\tD:/Study/StudyProject/GoLang/StudyProject/bluebell/backend/pkg/snowflake/snowflake.go:25\nweb/server.SignUp(0xc000410210)\n\tD:/Study/StudyProject/GoLang/StudyProject/bluebell/backend/server/user.go:17 +0x54\nweb/controller.SingUpHandler(0xc0000de000)\n\tD:/Study/StudyProject/GoLang/StudyProject/bluebell/backend/controller/user.go:44 +0x3dd\ngithub.com/gin-gonic/gin.(*Context).Next(0xc0000de000)\n\tC:/Users/SZHuaJi/go/pkg/mod/github.com/gin-gonic/gin@v1.11.0/context.go:192 +0x4e\nweb/router.Setup.GinRecovery.func4(0xc0004b7648?)\n\tD:/Study/StudyProject/GoLang/StudyProject/bluebell/backend/logger/logger.go:134 +0x47\ngithub.com/gin-gonic/gin.(*Context).Next(0xc0000de000)\n\tC:/Users/SZHuaJi/go/pkg/mod/github.com/gin-gonic/gin@v1.11.0/context.go:192 +0x4e\nweb/router.Setup.GinLogger.func3(0xc0000de000)\n\tD:/Study/StudyProject/GoLang/StudyProject/bluebell/backend/logger/logger.go:78 +0x75\ngithub.com/gin-gonic/gin.(*Context).Next(0xc0000de000)\n\tC:/Users/SZHuaJi/go/pkg/mod/github.com/gin-gonic/gin@v1.11.0/context.go:192 +0x4e\ngithub.com/gin-gonic/gin.(*Engine).handleHTTPRequest(0xc0000ce9c0, 0xc0000de000)\n\tC:/Users/SZHuaJi/go/pkg/mod/github.com/gin-gonic/gin@v1.11.0/gin.go:689 +0x435\ngithub.com/gin-gonic/gin.(*Engine).ServeHTTP(0xc0000ce9c0, {0x7ff790b040e0, 0xc00041a000}, 0xc00044e000)\n\tC:/Users/SZHuaJi/go/pkg/mod/github.com/gin-gonic/gin@v1.11.0/gin.go:643 +0x1ad\nnet/http.serverHandler.ServeHTTP({0x7ff790b01170?}, {0x7ff790b040e0?, 0xc00041a000?}, 0x1?)\n\tD:/Tools/Golang/src/net/http/server.go:3340 +0x8e\nnet/http.(*conn).serve(0xc00016eb40, {0x7ff790b05318, 0xc0002e5b00})\n\tD:/Tools/Golang/src/net/http/server.go:2109 +0x665\ncreated by net/http.(*Server).Serve in goroutine 7\n\tD:/Tools/Golang/src/net/http/server.go:3493 +0x485\n"}
2026-04-09T19:16:58.591+0800	INFO	logger/logger.go:81	/signup	{"status": 500, "method": "POST", "path": "/signup", "query": "", "ip": "::1", "user-agent": "Apifox/1.0.0 (https://apifox.com)", "errors": "", "cost": 0.0018176}
2026-04-09T19:17:01.156+0800	INFO	backend/main.go:42	Shutdown server ...
2026-04-09T19:17:01.156+0800	INFO	backend/main.go:48	Server exiting
2026-04-09T19:17:02.322+0800	INFO	controller/init.go:26	===============================================
2026-04-09T19:17:02.327+0800	INFO	controller/init.go:27	logger init success...
2026-04-09T19:17:02.347+0800	INFO	controller/init.go:36	mysql init success...
2026-04-09T19:17:02.348+0800	INFO	controller/init.go:43	redis init success...
2026-04-09T19:17:02.348+0800	INFO	controller/init.go:50	snowflake init success...
2026-04-09T19:17:02.351+0800	INFO	controller/init.go:58	trans init success...
2026-04-09T19:17:05.371+0800	INFO	logger/logger.go:81	/signup	{"status": 200, "method": "POST", "path": "/signup", "query": "", "ip": "::1", "user-agent": "Apifox/1.0.0 (https://apifox.com)", "errors": "", "cost": 0.0092094}
2026-04-09T19:17:07.282+0800	INFO	logger/logger.go:81	/signup	{"status": 200, "method": "POST", "path": "/signup", "query": "", "ip": "::1", "user-agent": "Apifox/1.0.0 (https://apifox.com)", "errors": "", "cost": 0.01401}
2026-04-09T19:17:08.405+0800	INFO	logger/logger.go:81	/signup	{"status": 200, "method": "POST", "path": "/signup", "query": "", "ip": "::1", "user-agent": "Apifox/1.0.0 (https://apifox.com)", "errors": "", "cost": 0.0063358}
2026-04-09T19:17:09.138+0800	INFO	logger/logger.go:81	/signup	{"status": 200, "method": "POST", "path": "/signup", "query": "", "ip": "::1", "user-agent": "Apifox/1.0.0 (https://apifox.com)", "errors": "", "cost": 0.0055781}
2026-04-09T19:17:10.478+0800	INFO	logger/logger.go:81	/signup	{"status": 200, "method": "POST", "path": "/signup", "query": "", "ip": "::1", "user-agent": "Apifox/1.0.0 (https://apifox.com)", "errors": "", "cost": 0.004518}
2026-04-09T19:17:11.158+0800	INFO	logger/logger.go:81	/signup	{"status": 200, "method": "POST", "path": "/signup", "query": "", "ip": "::1", "user-agent": "Apifox/1.0.0 (https://apifox.com)", "errors": "", "cost": 0.0046044}
2026-04-09T19:17:11.746+0800	INFO	logger/logger.go:81	/signup	{"status": 200, "method": "POST", "path": "/signup", "query": "", "ip": "::1", "user-agent": "Apifox/1.0.0 (https://apifox.com)", "errors": "", "cost": 0.0035327}
2026-04-09T19:17:12.164+0800	INFO	logger/logger.go:81	/signup	{"status": 200, "method": "POST", "path": "/signup", "query": "", "ip": "::1", "user-agent": "Apifox/1.0.0 (https://apifox.com)", "errors": "", "cost": 0.014082}
2026-04-09T19:17:12.519+0800	INFO	logger/logger.go:81	/signup	{"status": 200, "method": "POST", "path": "/signup", "query": "", "ip": "::1", "user-agent": "Apifox/1.0.0 (https://apifox.com)", "errors": "", "cost": 0.0055291}
2026-04-09T19:17:12.848+0800	INFO	logger/logger.go:81	/signup	{"status": 200, "method": "POST", "path": "/signup", "query": "", "ip": "::1", "user-agent": "Apifox/1.0.0 (https://apifox.com)", "errors": "", "cost": 0.0139357}
2026-04-09T19:17:14.427+0800	INFO	logger/logger.go:81	/signup	{"status": 200, "method": "POST", "path": "/signup", "query": "", "ip": "::1", "user-agent": "Apifox/1.0.0 (https://apifox.com)", "errors": "", "cost": 0.0140879}
2026-04-09T19:26:16.666+0800	INFO	backend/main.go:42	Shutdown server ...
2026-04-09T19:26:16.666+0800	INFO	backend/main.go:48	Server exiting
2026-04-09T19:26:20.706+0800	INFO	controller/init.go:26	===============================================
2026-04-09T19:26:20.711+0800	INFO	controller/init.go:27	logger init success...
2026-04-09T19:26:20.724+0800	INFO	controller/init.go:36	mysql init success...
2026-04-09T19:26:20.725+0800	INFO	controller/init.go:43	redis init success...
2026-04-09T19:26:20.725+0800	INFO	controller/init.go:50	snowflake init success...
2026-04-09T19:26:20.725+0800	INFO	controller/init.go:58	trans init success...
2026-04-09T19:26:27.362+0800	INFO	mysql/user.go:21	aaaaaaaaaaaaaaaaaaaaaaaaaaaa
2026-04-09T19:26:27.378+0800	INFO	logger/logger.go:81	/signup	{"status": 200, "method": "POST", "path": "/signup", "query": "", "ip": "::1", "user-agent": "Apifox/1.0.0 (https://apifox.com)", "errors": "", "cost": 0.016601}
2026-04-09T19:42:43.204+0800	INFO	backend/main.go:42	Shutdown server ...
2026-04-09T19:42:43.205+0800	INFO	backend/main.go:48	Server exiting
2026-04-09T19:42:54.375+0800	INFO	controller/init.go:26	===============================================
2026-04-09T19:42:54.380+0800	INFO	controller/init.go:27	logger init success...
2026-04-09T19:42:54.392+0800	INFO	controller/init.go:36	mysql init success...
2026-04-09T19:42:54.393+0800	INFO	controller/init.go:43	redis init success...
2026-04-09T19:42:54.393+0800	INFO	controller/init.go:50	snowflake init success...
2026-04-09T19:42:54.393+0800	INFO	controller/init.go:58	trans init success...
2026-04-09T19:42:57.974+0800	INFO	mysql/user.go:21	aaaaaaaaaaaaaaaaaaaaaaaaaaaa
2026-04-09T19:42:57.980+0800	INFO	logger/logger.go:81	/signup	{"status": 200, "method": "POST", "path": "/signup", "query": "", "ip": "::1", "user-agent": "Apifox/1.0.0 (https://apifox.com)", "errors": "", "cost": 0.0064124}
2026-04-09T19:42:59.570+0800	INFO	mysql/user.go:21	aaaaaaaaaaaaaaaaaaaaaaaaaaaa
2026-04-09T19:42:59.574+0800	INFO	logger/logger.go:81	/signup	{"status": 200, "method": "POST", "path": "/signup", "query": "", "ip": "::1", "user-agent": "Apifox/1.0.0 (https://apifox.com)", "errors": "", "cost": 0.0044595}
2026-04-09T19:50:40.334+0800	INFO	backend/main.go:42	Shutdown server ...
2026-04-09T19:50:40.335+0800	INFO	backend/main.go:48	Server exiting
2026-04-09T19:50:45.887+0800	INFO	controller/init.go:26	===============================================
2026-04-09T19:50:45.891+0800	INFO	controller/init.go:27	logger init success...
2026-04-09T19:50:45.907+0800	INFO	controller/init.go:36	mysql init success...
2026-04-09T19:50:45.908+0800	INFO	controller/init.go:43	redis init success...
2026-04-09T19:50:45.908+0800	INFO	controller/init.go:50	snowflake init success...
2026-04-09T19:50:45.908+0800	INFO	controller/init.go:58	trans init success...
2026-04-09T19:50:49.079+0800	INFO	mysql/user.go:23	{}

2026-04-09T19:50:49.095+0800	INFO	logger/logger.go:81	/signup	{"status": 200, "method": "POST", "path": "/signup", "query": "", "ip": "::1", "user-agent": "Apifox/1.0.0 (https://apifox.com)", "errors": "", "cost": 0.0177084}
2026-04-09T19:50:50.606+0800	INFO	mysql/user.go:23	{}

2026-04-09T19:50:50.611+0800	INFO	logger/logger.go:81	/signup	{"status": 200, "method": "POST", "path": "/signup", "query": "", "ip": "::1", "user-agent": "Apifox/1.0.0 (https://apifox.com)", "errors": "", "cost": 0.0070462}
2026-04-09T19:52:50.033+0800	INFO	backend/main.go:42	Shutdown server ...
2026-04-09T19:52:50.033+0800	INFO	backend/main.go:48	Server exiting
2026-04-09T19:52:54.698+0800	INFO	controller/init.go:26	===============================================
2026-04-09T19:52:54.704+0800	INFO	controller/init.go:27	logger init success...
2026-04-09T19:52:54.716+0800	INFO	controller/init.go:36	mysql init success...
2026-04-09T19:52:54.716+0800	INFO	controller/init.go:43	redis init success...
2026-04-09T19:52:54.716+0800	INFO	controller/init.go:50	snowflake init success...
2026-04-09T19:52:54.716+0800	INFO	controller/init.go:58	trans init success...
2026-04-09T19:53:05.079+0800	INFO	mysql/user.go:23	{}    true

2026-04-09T19:53:05.085+0800	INFO	logger/logger.go:81	/signup	{"status": 200, "method": "POST", "path": "/signup", "query": "", "ip": "::1", "user-agent": "Apifox/1.0.0 (https://apifox.com)", "errors": "", "cost": 0.006483}
2026-04-09T19:53:05.424+0800	INFO	mysql/user.go:23	{}    true

2026-04-09T19:53:05.428+0800	INFO	logger/logger.go:81	/signup	{"status": 200, "method": "POST", "path": "/signup", "query": "", "ip": "::1", "user-agent": "Apifox/1.0.0 (https://apifox.com)", "errors": "", "cost": 0.0042272}
2026-04-09T19:53:32.371+0800	INFO	backend/main.go:42	Shutdown server ...
2026-04-09T19:53:32.371+0800	INFO	backend/main.go:48	Server exiting
2026-04-09T19:53:38.853+0800	INFO	controller/init.go:26	===============================================
2026-04-09T19:53:38.858+0800	INFO	controller/init.go:27	logger init success...
2026-04-09T19:53:38.870+0800	INFO	controller/init.go:36	mysql init success...
2026-04-09T19:53:38.871+0800	INFO	controller/init.go:43	redis init success...
2026-04-09T19:53:38.871+0800	INFO	controller/init.go:50	snowflake init success...
2026-04-09T19:53:38.871+0800	INFO	controller/init.go:58	trans init success...
2026-04-09T19:53:42.625+0800	INFO	mysql/user.go:23	{}    false

2026-04-09T19:53:42.639+0800	INFO	logger/logger.go:81	/signup	{"status": 200, "method": "POST", "path": "/signup", "query": "", "ip": "::1", "user-agent": "Apifox/1.0.0 (https://apifox.com)", "errors": "", "cost": 0.0162592}
2026-04-09T19:55:11.984+0800	INFO	backend/main.go:42	Shutdown server ...
2026-04-09T19:55:11.984+0800	INFO	backend/main.go:48	Server exiting
2026-04-09T19:55:15.581+0800	INFO	controller/init.go:26	===============================================
2026-04-09T19:55:15.586+0800	INFO	controller/init.go:27	logger init success...
2026-04-09T19:55:15.598+0800	INFO	controller/init.go:36	mysql init success...
2026-04-09T19:55:15.599+0800	INFO	controller/init.go:43	redis init success...
2026-04-09T19:55:15.599+0800	INFO	controller/init.go:50	snowflake init success...
2026-04-09T19:55:15.600+0800	INFO	controller/init.go:58	trans init success...
2026-04-09T19:55:17.407+0800	INFO	mysql/user.go:23	{}    false

2026-04-09T19:55:17.420+0800	INFO	logger/logger.go:81	/signup	{"status": 200, "method": "POST", "path": "/signup", "query": "", "ip": "::1", "user-agent": "Apifox/1.0.0 (https://apifox.com)", "errors": "", "cost": 0.0143498}
2026-04-09T19:55:18.357+0800	INFO	mysql/user.go:23	{}    false

2026-04-09T19:55:18.362+0800	INFO	logger/logger.go:81	/signup	{"status": 200, "method": "POST", "path": "/signup", "query": "", "ip": "::1", "user-agent": "Apifox/1.0.0 (https://apifox.com)", "errors": "", "cost": 0.0048107}
2026-04-09T19:59:08.900+0800	INFO	backend/main.go:42	Shutdown server ...
2026-04-09T19:59:08.900+0800	INFO	backend/main.go:48	Server exiting
2026-04-09T19:59:13.554+0800	INFO	controller/init.go:26	===============================================
2026-04-09T19:59:13.559+0800	INFO	controller/init.go:27	logger init success...
2026-04-09T19:59:13.572+0800	INFO	controller/init.go:36	mysql init success...
2026-04-09T19:59:13.573+0800	INFO	controller/init.go:43	redis init success...
2026-04-09T19:59:13.573+0800	INFO	controller/init.go:50	snowflake init success...
2026-04-09T19:59:13.573+0800	INFO	controller/init.go:58	trans init success...
2026-04-09T19:59:17.942+0800	INFO	logger/logger.go:81	/signup	{"status": 200, "method": "POST", "path": "/signup", "query": "", "ip": "::1", "user-agent": "Apifox/1.0.0 (https://apifox.com)", "errors": "", "cost": 0.0011955}
2026-04-09T19:59:20.794+0800	INFO	logger/logger.go:81	/signup	{"status": 200, "method": "POST", "path": "/signup", "query": "", "ip": "::1", "user-agent": "Apifox/1.0.0 (https://apifox.com)", "errors": "", "cost": 0.0021231}
2026-04-09T19:59:48.727+0800	INFO	backend/main.go:42	Shutdown server ...
2026-04-09T19:59:48.727+0800	INFO	backend/main.go:48	Server exiting
2026-04-09T19:59:52.136+0800	INFO	controller/init.go:26	===============================================
2026-04-09T19:59:52.142+0800	INFO	controller/init.go:27	logger init success...
2026-04-09T19:59:52.158+0800	INFO	controller/init.go:36	mysql init success...
2026-04-09T19:59:52.158+0800	INFO	controller/init.go:43	redis init success...
2026-04-09T19:59:52.158+0800	INFO	controller/init.go:50	snowflake init success...
2026-04-09T19:59:52.159+0800	INFO	controller/init.go:58	trans init success...
2026-04-09T19:59:55.763+0800	INFO	logger/logger.go:81	/signup	{"status": 200, "method": "POST", "path": "/signup", "query": "", "ip": "::1", "user-agent": "Apifox/1.0.0 (https://apifox.com)", "errors": "", "cost": 0.0024611}
2026-04-09T20:01:09.813+0800	INFO	logger/logger.go:81	/signup	{"status": 200, "method": "POST", "path": "/signup", "query": "", "ip": "::1", "user-agent": "Apifox/1.0.0 (https://apifox.com)", "errors": "", "cost": 0.00053}
2026-04-09T20:03:20.752+0800	INFO	backend/main.go:42	Shutdown server ...
2026-04-09T20:03:20.752+0800	INFO	backend/main.go:48	Server exiting
2026-04-09T20:03:24.443+0800	INFO	controller/init.go:26	===============================================
2026-04-09T20:03:24.448+0800	INFO	controller/init.go:27	logger init success...
2026-04-09T20:03:24.459+0800	INFO	controller/init.go:36	mysql init success...
2026-04-09T20:03:24.459+0800	INFO	controller/init.go:43	redis init success...
2026-04-09T20:03:24.460+0800	INFO	controller/init.go:50	snowflake init success...
2026-04-09T20:03:24.460+0800	INFO	controller/init.go:58	trans init success...
2026-04-09T20:03:26.388+0800	WARN	server/user.go:16	sql: Scan error on column index 6, name "created_at": unsupported Scan, storing driver.Value type []uint8 into type *time.Time
2026-04-09T20:03:26.388+0800	INFO	logger/logger.go:81	/signup	{"status": 200, "method": "POST", "path": "/signup", "query": "", "ip": "::1", "user-agent": "Apifox/1.0.0 (https://apifox.com)", "errors": "", "cost": 0.0013244}
2026-04-09T20:05:19.868+0800	INFO	backend/main.go:42	Shutdown server ...
2026-04-09T20:05:19.868+0800	INFO	backend/main.go:48	Server exiting
2026-04-09T20:05:24.052+0800	INFO	controller/init.go:26	===============================================
2026-04-09T20:05:24.057+0800	INFO	controller/init.go:27	logger init success...
2026-04-09T20:05:24.069+0800	INFO	controller/init.go:36	mysql init success...
2026-04-09T20:05:24.069+0800	INFO	controller/init.go:43	redis init success...
2026-04-09T20:05:24.069+0800	INFO	controller/init.go:50	snowflake init success...
2026-04-09T20:05:24.070+0800	INFO	controller/init.go:58	trans init success...
2026-04-09T20:05:33.875+0800	INFO	logger/logger.go:81	/signup	{"status": 200, "method": "POST", "path": "/signup", "query": "", "ip": "::1", "user-agent": "Apifox/1.0.0 (https://apifox.com)", "errors": "", "cost": 0.0017556}
2026-04-09T20:05:41.276+0800	INFO	logger/logger.go:81	/signup	{"status": 200, "method": "POST", "path": "/signup", "query": "", "ip": "::1", "user-agent": "Apifox/1.0.0 (https://apifox.com)", "errors": "", "cost": 0.0277574}
2026-04-09T20:05:43.002+0800	INFO	logger/logger.go:81	/signup	{"status": 200, "method": "POST", "path": "/signup", "query": "", "ip": "::1", "user-agent": "Apifox/1.0.0 (https://apifox.com)", "errors": "", "cost": 0.0005045}
2026-04-09T20:05:48.069+0800	INFO	logger/logger.go:81	/signup	{"status": 200, "method": "POST", "path": "/signup", "query": "", "ip": "::1", "user-agent": "Apifox/1.0.0 (https://apifox.com)", "errors": "", "cost": 0.018576}
2026-04-09T20:05:51.998+0800	INFO	logger/logger.go:81	/signup	{"status": 200, "method": "POST", "path": "/signup", "query": "", "ip": "::1", "user-agent": "Apifox/1.0.0 (https://apifox.com)", "errors": "", "cost": 0.0100322}
2026-04-09T20:06:07.867+0800	INFO	logger/logger.go:81	/signup	{"status": 200, "method": "POST", "path": "/signup", "query": "", "ip": "::1", "user-agent": "Apifox/1.0.0 (https://apifox.com)", "errors": "", "cost": 0.0009591}
2026-04-09T20:06:08.142+0800	INFO	logger/logger.go:81	/signup	{"status": 200, "method": "POST", "path": "/signup", "query": "", "ip": "::1", "user-agent": "Apifox/1.0.0 (https://apifox.com)", "errors": "", "cost": 0.0011255}
2026-04-09T20:06:08.404+0800	INFO	logger/logger.go:81	/signup	{"status": 200, "method": "POST", "path": "/signup", "query": "", "ip": "::1", "user-agent": "Apifox/1.0.0 (https://apifox.com)", "errors": "", "cost": 0.0007367}
2026-04-09T20:06:08.718+0800	INFO	logger/logger.go:81	/signup	{"status": 200, "method": "POST", "path": "/signup", "query": "", "ip": "::1", "user-agent": "Apifox/1.0.0 (https://apifox.com)", "errors": "", "cost": 0.0006789}
2026-04-09T20:06:09.046+0800	INFO	logger/logger.go:81	/signup	{"status": 200, "method": "POST", "path": "/signup", "query": "", "ip": "::1", "user-agent": "Apifox/1.0.0 (https://apifox.com)", "errors": "", "cost": 0.0005054}
2026-04-09T20:16:57.375+0800	INFO	backend/main.go:42	Shutdown server ...
2026-04-09T20:16:57.375+0800	INFO	backend/main.go:48	Server exiting
2026-04-09T20:17:01.254+0800	INFO	controller/init.go:26	===============================================
2026-04-09T20:17:01.260+0800	INFO	controller/init.go:27	logger init success...
2026-04-09T20:17:01.275+0800	INFO	controller/init.go:36	mysql init success...
2026-04-09T20:17:01.275+0800	INFO	controller/init.go:43	redis init success...
2026-04-09T20:17:01.276+0800	INFO	controller/init.go:50	snowflake init success...
2026-04-09T20:17:01.276+0800	INFO	controller/init.go:58	trans init success...
2026-04-09T20:17:08.451+0800	INFO	logger/logger.go:93	/signup	{"status": 200, "method": "POST", "path": "/signup", "query": "", "ip": "::1", "user-agent": "Apifox/1.0.0 (https://apifox.com)", "errors": "", "cost": 0.002789}
2026-04-09T20:17:10.243+0800	INFO	logger/logger.go:93	/signup	{"status": 200, "method": "POST", "path": "/signup", "query": "", "ip": "::1", "user-agent": "Apifox/1.0.0 (https://apifox.com)", "errors": "", "cost": 0.0014191}
2026-04-09T20:18:07.852+0800	ERROR	controller/user.go:19	SignUp with invalid param	{"error": "Key: 'ParamSignUp.re_password' Error:Field validation for 're_password' failed on the 'required' tag"}
2026-04-09T20:18:07.852+0800	INFO	logger/logger.go:93	/signup	{"status": 200, "method": "POST", "path": "/signup", "query": "", "ip": "::1", "user-agent": "Apifox/1.0.0 (https://apifox.com)", "errors": "", "cost": 0}
2026-04-09T20:18:34.976+0800	INFO	logger/logger.go:93	/signup	{"status": 200, "method": "POST", "path": "/signup", "query": "", "ip": "::1", "user-agent": "Apifox/1.0.0 (https://apifox.com)", "errors": "", "cost": 0.0007441}
2026-04-09T20:21:11.095+0800	INFO	backend/main.go:42	Shutdown server ...
2026-04-09T20:21:11.096+0800	INFO	backend/main.go:48	Server exiting
2026-04-09T20:21:14.628+0800	INFO	controller/init.go:26	===============================================
2026-04-09T20:21:14.634+0800	INFO	controller/init.go:27	logger init success...
2026-04-09T20:21:14.648+0800	INFO	controller/init.go:36	mysql init success...
2026-04-09T20:21:14.649+0800	INFO	controller/init.go:43	redis init success...
2026-04-09T20:21:14.649+0800	INFO	controller/init.go:50	snowflake init success...
2026-04-09T20:21:14.649+0800	INFO	controller/init.go:58	trans init success...
2026-04-09T20:23:28.726+0800	INFO	backend/main.go:42	Shutdown server ...
2026-04-09T20:23:28.726+0800	INFO	backend/main.go:48	Server exiting
2026-04-09T20:23:31.530+0800	INFO	controller/init.go:26	===============================================
2026-04-09T20:23:31.535+0800	INFO	controller/init.go:27	logger init success...
2026-04-09T20:23:31.554+0800	INFO	controller/init.go:36	mysql init success...
2026-04-09T20:23:31.555+0800	INFO	controller/init.go:43	redis init success...
2026-04-09T20:23:31.556+0800	INFO	controller/init.go:50	snowflake init success...
2026-04-09T20:23:31.556+0800	INFO	controller/init.go:58	trans init success...
2026-04-09T20:24:35.676+0800	INFO	backend/main.go:42	Shutdown server ...
2026-04-09T20:24:35.676+0800	INFO	backend/main.go:48	Server exiting
2026-04-09T20:24:39.126+0800	INFO	controller/init.go:26	===============================================
2026-04-09T20:24:39.132+0800	INFO	controller/init.go:27	logger init success...
2026-04-09T20:24:39.145+0800	INFO	controller/init.go:36	mysql init success...
2026-04-09T20:24:39.146+0800	INFO	controller/init.go:43	redis init success...
2026-04-09T20:24:39.146+0800	INFO	controller/init.go:50	snowflake init success...
2026-04-09T20:24:39.146+0800	INFO	controller/init.go:57	trans init success...
2026-04-09T21:31:14.533+0800	INFO	backend/main.go:43	Shutdown server ...
2026-04-09T21:31:14.537+0800	INFO	backend/main.go:49	Server exiting
2026-04-10T10:27:39.280+0800	INFO	controller/init.go:26	===============================================
2026-04-10T10:27:39.312+0800	INFO	controller/init.go:27	logger init success...
2026-04-10T10:27:39.620+0800	INFO	controller/init.go:36	mysql init success...
2026-04-10T10:27:39.622+0800	ERROR	controller/init.go:40	init redis failed, err: 	{"error": "dial tcp 127.0.0.1:6379: connectex: No connection could be made because the target machine actively refused it."}
2026-04-10T14:05:54.854+0800	INFO	logger/logger.go:93	/login	{"status": 200, "method": "GET", "path": "/login", "query": "", "ip": "::1", "user-agent": "Apifox/1.0.0 (https://apifox.com)", "errors": "", "cost": 0.0028572}
2026-04-10T14:06:37.662+0800	INFO	backend/main.go:43	Shutdown server ...
2026-04-10T14:06:37.664+0800	INFO	backend/main.go:49	Server exiting
2026-04-10T14:06:44.446+0800	INFO	controller/init.go:25	===============================================
2026-04-10T14:06:44.453+0800	INFO	controller/init.go:26	logger init success...
2026-04-10T14:06:44.497+0800	INFO	controller/init.go:35	mysql init success...
2026-04-10T14:06:44.497+0800	INFO	controller/init.go:50	snowflake init success...
2026-04-10T14:06:44.498+0800	INFO	controller/init.go:57	trans init success...
2026-04-10T14:06:49.839+0800	INFO	logger/logger.go:93	/login	{"status": 200, "method": "GET", "path": "/login", "query": "", "ip": "::1", "user-agent": "Apifox/1.0.0 (https://apifox.com)", "errors": "", "cost": 0}
2026-04-10T14:08:04.012+0800	INFO	logger/logger.go:93	/login	{"status": 200, "method": "POST", "path": "/login", "query": "", "ip": "::1", "user-agent": "Apifox/1.0.0 (https://apifox.com)", "errors": "", "cost": 0.018761}
2026-04-10T14:08:09.154+0800	INFO	logger/logger.go:93	/login	{"status": 200, "method": "POST", "path": "/login", "query": "", "ip": "::1", "user-agent": "Apifox/1.0.0 (https://apifox.com)", "errors": "", "cost": 0.0012871}
2026-04-10T14:08:26.214+0800	INFO	logger/logger.go:93	/signup	{"status": 200, "method": "POST", "path": "/signup", "query": "", "ip": "::1", "user-agent": "Apifox/1.0.0 (https://apifox.com)", "errors": "", "cost": 0.0056305}
2026-04-10T14:08:37.051+0800	INFO	logger/logger.go:93	/login	{"status": 200, "method": "POST", "path": "/login", "query": "", "ip": "::1", "user-agent": "Apifox/1.0.0 (https://apifox.com)", "errors": "", "cost": 0.0092238}
2026-04-10T14:08:39.562+0800	INFO	logger/logger.go:93	/login	{"status": 200, "method": "POST", "path": "/login", "query": "", "ip": "::1", "user-agent": "Apifox/1.0.0 (https://apifox.com)", "errors": "", "cost": 0.002607}
2026-04-10T14:10:27.700+0800	INFO	backend/main.go:43	Shutdown server ...
2026-04-10T14:10:27.703+0800	INFO	backend/main.go:49	Server exiting
2026-04-10T14:11:03.985+0800	INFO	controller/init.go:25	===============================================
2026-04-10T14:11:03.999+0800	INFO	controller/init.go:26	logger init success...
2026-04-10T14:11:04.023+0800	INFO	controller/init.go:35	mysql init success...
2026-04-10T14:11:04.024+0800	INFO	controller/init.go:50	snowflake init success...
2026-04-10T14:11:04.024+0800	INFO	controller/init.go:57	trans init success...
2026-04-10T14:11:08.447+0800	INFO	logger/logger.go:93	/signup	{"status": 200, "method": "POST", "path": "/signup", "query": "", "ip": "::1", "user-agent": "Apifox/1.0.0 (https://apifox.com)", "errors": "", "cost": 0.0005678}
2026-04-10T14:11:11.977+0800	INFO	logger/logger.go:93	/login	{"status": 200, "method": "POST", "path": "/login", "query": "", "ip": "::1", "user-agent": "Apifox/1.0.0 (https://apifox.com)", "errors": "", "cost": 0.0043766}
2026-04-10T14:11:13.146+0800	INFO	logger/logger.go:93	/login	{"status": 200, "method": "POST", "path": "/login", "query": "", "ip": "::1", "user-agent": "Apifox/1.0.0 (https://apifox.com)", "errors": "", "cost": 0.0036267}
2026-04-10T14:13:31.258+0800	INFO	logger/logger.go:93	/signup	{"status": 200, "method": "POST", "path": "/signup", "query": "", "ip": "::1", "user-agent": "Apifox/1.0.0 (https://apifox.com)", "errors": "", "cost": 0.0029586}
2026-04-10T14:15:19.658+0800	INFO	backend/main.go:43	Shutdown server ...
2026-04-10T14:15:19.658+0800	INFO	backend/main.go:49	Server exiting
2026-04-10T14:15:22.804+0800	INFO	controller/init.go:25	===============================================
2026-04-10T14:15:22.814+0800	INFO	controller/init.go:26	logger init success...
2026-04-10T14:15:22.861+0800	INFO	controller/init.go:35	mysql init success...
2026-04-10T14:15:22.861+0800	INFO	controller/init.go:50	snowflake init success...
2026-04-10T14:15:22.861+0800	INFO	controller/init.go:57	trans init success...
2026-04-10T14:15:30.915+0800	INFO	logger/logger.go:93	/signup	{"status": 200, "method": "POST", "path": "/signup", "query": "", "ip": "::1", "user-agent": "Apifox/1.0.0 (https://apifox.com)", "errors": "", "cost": 0.0018979}
2026-04-10T14:17:55.912+0800	INFO	backend/main.go:43	Shutdown server ...
2026-04-10T14:17:55.913+0800	INFO	backend/main.go:49	Server exiting
2026-04-10T14:18:00.511+0800	INFO	controller/init.go:25	===============================================
2026-04-10T14:18:00.527+0800	INFO	controller/init.go:26	logger init success...
2026-04-10T14:18:00.570+0800	INFO	controller/init.go:35	mysql init success...
2026-04-10T14:18:00.571+0800	INFO	controller/init.go:50	snowflake init success...
2026-04-10T14:18:00.571+0800	INFO	controller/init.go:57	trans init success...
2026-04-10T14:18:04.899+0800	INFO	logger/logger.go:93	/signup	{"status": 200, "method": "POST", "path": "/signup", "query": "", "ip": "::1", "user-agent": "Apifox/1.0.0 (https://apifox.com)", "errors": "", "cost": 0.0011945}
2026-04-10T14:18:06.909+0800	INFO	logger/logger.go:93	/signup	{"status": 200, "method": "POST", "path": "/signup", "query": "", "ip": "::1", "user-agent": "Apifox/1.0.0 (https://apifox.com)", "errors": "", "cost": 0.0009438}
2026-04-10T14:23:15.685+0800	INFO	backend/main.go:43	Shutdown server ...
2026-04-10T14:23:15.686+0800	INFO	backend/main.go:49	Server exiting
2026-04-10T14:23:20.662+0800	INFO	controller/init.go:25	===============================================
2026-04-10T14:23:20.675+0800	INFO	controller/init.go:26	logger init success...
2026-04-10T14:23:20.705+0800	INFO	controller/init.go:35	mysql init success...
2026-04-10T14:23:20.706+0800	INFO	controller/init.go:50	snowflake init success...
2026-04-10T14:23:20.706+0800	INFO	controller/init.go:57	trans init success...
2026-04-10T14:23:23.817+0800	INFO	logger/logger.go:93	/signup	{"status": 200, "method": "POST", "path": "/signup", "query": "", "ip": "::1", "user-agent": "Apifox/1.0.0 (https://apifox.com)", "errors": "", "cost": 0.0036735}
2026-04-10T14:23:31.072+0800	INFO	logger/logger.go:93	/signup	{"status": 200, "method": "POST", "path": "/signup", "query": "", "ip": "::1", "user-agent": "Apifox/1.0.0 (https://apifox.com)", "errors": "", "cost": 0.0005084}
2026-04-10T14:23:51.725+0800	INFO	backend/main.go:43	Shutdown server ...
2026-04-10T14:23:51.740+0800	INFO	backend/main.go:49	Server exiting
2026-04-10T14:23:55.750+0800	INFO	controller/init.go:25	===============================================
2026-04-10T14:23:55.764+0800	INFO	controller/init.go:26	logger init success...
2026-04-10T14:23:55.802+0800	INFO	controller/init.go:35	mysql init success...
2026-04-10T14:23:55.803+0800	INFO	controller/init.go:50	snowflake init success...
2026-04-10T14:23:55.803+0800	INFO	controller/init.go:57	trans init success...
2026-04-10T14:23:57.579+0800	INFO	logger/logger.go:93	/signup	{"status": 200, "method": "POST", "path": "/signup", "query": "", "ip": "::1", "user-agent": "Apifox/1.0.0 (https://apifox.com)", "errors": "", "cost": 0.001979}
2026-04-10T14:24:31.881+0800	INFO	backend/main.go:43	Shutdown server ...
2026-04-10T14:24:31.882+0800	INFO	backend/main.go:49	Server exiting
2026-04-10T14:24:36.536+0800	INFO	controller/init.go:25	===============================================
2026-04-10T14:24:36.553+0800	INFO	controller/init.go:26	logger init success...
2026-04-10T14:24:36.585+0800	INFO	controller/init.go:35	mysql init success...
2026-04-10T14:24:36.585+0800	INFO	controller/init.go:50	snowflake init success...
2026-04-10T14:24:36.586+0800	INFO	controller/init.go:57	trans init success...
2026-04-10T14:24:38.957+0800	INFO	logger/logger.go:93	/signup	{"status": 200, "method": "POST", "path": "/signup", "query": "", "ip": "::1", "user-agent": "Apifox/1.0.0 (https://apifox.com)", "errors": "", "cost": 0.0014574}
2026-04-10T14:24:54.773+0800	INFO	backend/main.go:43	Shutdown server ...
2026-04-10T14:24:54.773+0800	INFO	backend/main.go:49	Server exiting
2026-04-10T14:24:59.193+0800	INFO	controller/init.go:25	===============================================
2026-04-10T14:24:59.204+0800	INFO	controller/init.go:26	logger init success...
2026-04-10T14:24:59.230+0800	INFO	controller/init.go:35	mysql init success...
2026-04-10T14:24:59.230+0800	INFO	controller/init.go:50	snowflake init success...
2026-04-10T14:24:59.231+0800	INFO	controller/init.go:57	trans init success...
2026-04-10T14:25:01.009+0800	INFO	logger/logger.go:93	/signup	{"status": 200, "method": "POST", "path": "/signup", "query": "", "ip": "::1", "user-agent": "Apifox/1.0.0 (https://apifox.com)", "errors": "", "cost": 0.0016909}
2026-04-10T14:26:04.933+0800	INFO	backend/main.go:43	Shutdown server ...
2026-04-10T14:26:04.933+0800	INFO	backend/main.go:49	Server exiting
2026-04-10T14:26:07.854+0800	INFO	controller/init.go:25	===============================================
2026-04-10T14:26:07.865+0800	INFO	controller/init.go:26	logger init success...
2026-04-10T14:26:08.008+0800	INFO	controller/init.go:35	mysql init success...
2026-04-10T14:26:08.008+0800	INFO	controller/init.go:50	snowflake init success...
2026-04-10T14:26:08.009+0800	INFO	controller/init.go:57	trans init success...
2026-04-10T14:26:17.216+0800	INFO	logger/logger.go:93	/signup	{"status": 200, "method": "POST", "path": "/signup", "query": "", "ip": "::1", "user-agent": "Apifox/1.0.0 (https://apifox.com)", "errors": "", "cost": 0.0034728}
2026-04-10T14:28:09.980+0800	INFO	backend/main.go:43	Shutdown server ...
2026-04-10T14:28:09.982+0800	INFO	backend/main.go:49	Server exiting
2026-04-10T14:28:13.160+0800	INFO	controller/init.go:25	===============================================
2026-04-10T14:28:13.171+0800	INFO	controller/init.go:26	logger init success...
2026-04-10T14:28:13.223+0800	INFO	controller/init.go:35	mysql init success...
2026-04-10T14:28:13.223+0800	INFO	controller/init.go:50	snowflake init success...
2026-04-10T14:28:13.224+0800	INFO	controller/init.go:57	trans init success...
2026-04-10T14:28:14.333+0800	INFO	backend/main.go:43	Shutdown server ...
2026-04-10T14:28:14.334+0800	INFO	backend/main.go:49	Server exiting
2026-04-10T14:28:20.851+0800	INFO	controller/init.go:25	===============================================
2026-04-10T14:28:20.865+0800	INFO	controller/init.go:26	logger init success...
2026-04-10T14:28:20.898+0800	INFO	controller/init.go:35	mysql init success...
2026-04-10T14:28:20.898+0800	INFO	controller/init.go:50	snowflake init success...
2026-04-10T14:28:20.899+0800	INFO	controller/init.go:57	trans init success...
2026-04-10T14:28:23.500+0800	INFO	logger/logger.go:93	/signup	{"status": 200, "method": "POST", "path": "/signup", "query": "", "ip": "::1", "user-agent": "Apifox/1.0.0 (https://apifox.com)", "errors": "", "cost": 0.0212289}
2026-04-10T14:28:26.315+0800	INFO	logger/logger.go:93	/login	{"status": 200, "method": "POST", "path": "/login", "query": "", "ip": "::1", "user-agent": "Apifox/1.0.0 (https://apifox.com)", "errors": "", "cost": 0.0005298}
2026-04-10T14:28:30.658+0800	INFO	logger/logger.go:93	/login	{"status": 200, "method": "POST", "path": "/login", "query": "", "ip": "::1", "user-agent": "Apifox/1.0.0 (https://apifox.com)", "errors": "", "cost": 0.0018519}
2026-04-10T17:06:16.291+0800	INFO	backend/main.go:43	Shutdown server ...
2026-04-10T17:06:16.292+0800	INFO	backend/main.go:49	Server exiting
2026-04-10T20:22:12.911+0800	INFO	controller/init.go:25	===============================================
2026-04-10T20:22:12.920+0800	INFO	controller/init.go:26	logger init success...
2026-04-10T20:22:12.996+0800	INFO	controller/init.go:35	mysql init success...
2026-04-10T20:22:12.996+0800	INFO	controller/init.go:50	snowflake init success...
2026-04-10T20:22:12.997+0800	INFO	controller/init.go:57	trans init success...
2026-04-10T20:22:24.715+0800	INFO	logger/logger.go:93	/signup	{"status": 200, "method": "POST", "path": "/signup", "query": "", "ip": "::1", "user-agent": "Apifox/1.0.0 (https://apifox.com)", "errors": "", "cost": 0.0263306}
2026-04-10T20:22:39.312+0800	ERROR	controller/user.go:40	server.SignUp failed	{"error": "用户已存在"}
2026-04-10T20:22:39.312+0800	INFO	logger/logger.go:93	/signup	{"status": 200, "method": "POST", "path": "/signup", "query": "", "ip": "::1", "user-agent": "Apifox/1.0.0 (https://apifox.com)", "errors": "", "cost": 0.0043746}
2026-04-10T20:24:29.375+0800	INFO	logger/logger.go:93	/login	{"status": 200, "method": "POST", "path": "/login", "query": "", "ip": "::1", "user-agent": "Apifox/1.0.0 (https://apifox.com)", "errors": "", "cost": 0.0032657}
2026-04-10T20:24:32.738+0800	INFO	logger/logger.go:93	/login	{"status": 200, "method": "POST", "path": "/login", "query": "", "ip": "::1", "user-agent": "Apifox/1.0.0 (https://apifox.com)", "errors": "", "cost": 0.0028548}
2026-04-10T20:24:36.485+0800	INFO	logger/logger.go:93	/login	{"status": 200, "method": "POST", "path": "/login", "query": "", "ip": "::1", "user-agent": "Apifox/1.0.0 (https://apifox.com)", "errors": "", "cost": 0.0037449}
2026-04-10T20:25:42.831+0800	INFO	backend/main.go:43	Shutdown server ...
2026-04-10T20:25:42.832+0800	INFO	backend/main.go:49	Server exiting
2026-04-10T20:25:47.821+0800	INFO	controller/init.go:25	===============================================
2026-04-10T20:25:47.829+0800	INFO	controller/init.go:26	logger init success...
2026-04-10T20:25:47.856+0800	INFO	controller/init.go:35	mysql init success...
2026-04-10T20:25:47.856+0800	INFO	controller/init.go:50	snowflake init success...
2026-04-10T20:25:47.856+0800	INFO	controller/init.go:57	trans init success...
2026-04-10T20:25:54.689+0800	INFO	logger/logger.go:93	/login	{"status": 200, "method": "POST", "path": "/login", "query": "", "ip": "::1", "user-agent": "Apifox/1.0.0 (https://apifox.com)", "errors": "", "cost": 0.0038572}
2026-04-10T20:56:08.437+0800	INFO	backend/main.go:43	Shutdown server ...
2026-04-10T20:56:08.445+0800	INFO	backend/main.go:49	Server exiting
2026-04-12T19:22:28.411+0800	INFO	controller/init.go:25	===============================================
2026-04-12T19:22:28.418+0800	INFO	controller/init.go:26	logger init success...
2026-04-12T19:22:28.446+0800	INFO	controller/init.go:35	mysql init success...
2026-04-12T19:22:28.446+0800	INFO	controller/init.go:50	snowflake init success...
2026-04-12T19:22:28.446+0800	INFO	controller/init.go:57	trans init success...
2026-04-12T19:22:40.979+0800	ERROR	controller/user.go:68	server.Login failed	{"error": "key is of invalid type"}
2026-04-12T19:22:40.980+0800	INFO	logger/logger.go:93	/login	{"status": 200, "method": "POST", "path": "/login", "query": "", "ip": "::1", "user-agent": "Apifox/1.0.0 (https://apifox.com)", "errors": "", "cost": 0.0127523}
2026-04-12T19:22:53.783+0800	ERROR	controller/user.go:68	server.Login failed	{"error": "密码错误"}
2026-04-12T19:22:53.794+0800	INFO	logger/logger.go:93	/login	{"status": 200, "method": "POST", "path": "/login", "query": "", "ip": "::1", "user-agent": "Apifox/1.0.0 (https://apifox.com)", "errors": "", "cost": 0.0115504}
2026-04-12T19:23:00.202+0800	ERROR	controller/user.go:40	server.SignUp failed	{"error": "用户已存在"}
2026-04-12T19:23:00.202+0800	INFO	logger/logger.go:93	/signup	{"status": 200, "method": "POST", "path": "/signup", "query": "", "ip": "::1", "user-agent": "Apifox/1.0.0 (https://apifox.com)", "errors": "", "cost": 0.001065}
2026-04-12T19:23:09.147+0800	ERROR	controller/user.go:68	server.Login failed	{"error": "key is of invalid type"}
2026-04-12T19:23:09.147+0800	INFO	logger/logger.go:93	/login	{"status": 200, "method": "POST", "path": "/login", "query": "", "ip": "::1", "user-agent": "Apifox/1.0.0 (https://apifox.com)", "errors": "", "cost": 0.0010305}
2026-04-12T19:23:41.187+0800	INFO	logger/logger.go:93	/signup	{"status": 200, "method": "POST", "path": "/signup", "query": "", "ip": "::1", "user-agent": "Apifox/1.0.0 (https://apifox.com)", "errors": "", "cost": 0.0291879}
2026-04-12T19:23:47.322+0800	ERROR	controller/user.go:68	server.Login failed	{"error": "key is of invalid type"}
2026-04-12T19:23:47.322+0800	INFO	logger/logger.go:93	/login	{"status": 200, "method": "POST", "path": "/login", "query": "", "ip": "::1", "user-agent": "Apifox/1.0.0 (https://apifox.com)", "errors": "", "cost": 0.0005227}
2026-04-12T19:23:48.586+0800	ERROR	controller/user.go:68	server.Login failed	{"error": "key is of invalid type"}
2026-04-12T19:23:48.586+0800	INFO	logger/logger.go:93	/login	{"status": 200, "method": "POST", "path": "/login", "query": "", "ip": "::1", "user-agent": "Apifox/1.0.0 (https://apifox.com)", "errors": "", "cost": 0.0012318}
2026-04-12T19:23:49.254+0800	ERROR	controller/user.go:68	server.Login failed	{"error": "key is of invalid type"}
2026-04-12T19:23:49.254+0800	INFO	logger/logger.go:93	/login	{"status": 200, "method": "POST", "path": "/login", "query": "", "ip": "::1", "user-agent": "Apifox/1.0.0 (https://apifox.com)", "errors": "", "cost": 0.0012344}
2026-04-12T19:27:35.361+0800	INFO	backend/main.go:43	Shutdown server ...
2026-04-12T19:27:35.362+0800	INFO	backend/main.go:49	Server exiting
2026-04-12T19:27:39.213+0800	INFO	controller/init.go:25	===============================================
2026-04-12T19:27:39.217+0800	INFO	controller/init.go:26	logger init success...
2026-04-12T19:27:39.230+0800	INFO	controller/init.go:35	mysql init success...
2026-04-12T19:27:39.230+0800	INFO	controller/init.go:50	snowflake init success...
2026-04-12T19:27:39.230+0800	INFO	controller/init.go:57	trans init success...
2026-04-12T19:27:45.286+0800	ERROR	controller/user.go:68	server.Login failed	{"error": "key is of invalid type"}
2026-04-12T19:27:45.287+0800	INFO	logger/logger.go:93	/login	{"status": 200, "method": "POST", "path": "/login", "query": "", "ip": "::1", "user-agent": "Apifox/1.0.0 (https://apifox.com)", "errors": "", "cost": 0.0013018}
2026-04-12T19:29:43.245+0800	INFO	backend/main.go:43	Shutdown server ...
2026-04-12T19:29:43.246+0800	INFO	backend/main.go:49	Server exiting
2026-04-12T19:29:46.381+0800	INFO	controller/init.go:25	===============================================
2026-04-12T19:29:46.385+0800	INFO	controller/init.go:26	logger init success...
2026-04-12T19:29:46.404+0800	INFO	controller/init.go:35	mysql init success...
2026-04-12T19:29:46.404+0800	INFO	controller/init.go:50	snowflake init success...
2026-04-12T19:29:46.404+0800	INFO	controller/init.go:57	trans init success...
2026-04-12T19:29:50.158+0800	ERROR	controller/user.go:68	server.Login failed	{"error": "key is of invalid type"}
2026-04-12T19:29:50.158+0800	INFO	logger/logger.go:93	/login	{"status": 200, "method": "POST", "path": "/login", "query": "", "ip": "::1", "user-agent": "Apifox/1.0.0 (https://apifox.com)", "errors": "", "cost": 0.0005422}
2026-04-12T19:30:32.101+0800	INFO	backend/main.go:43	Shutdown server ...
2026-04-12T19:30:32.101+0800	INFO	backend/main.go:49	Server exiting
2026-04-12T19:30:41.016+0800	INFO	controller/init.go:25	===============================================
2026-04-12T19:30:41.021+0800	INFO	controller/init.go:26	logger init success...
2026-04-12T19:30:41.035+0800	INFO	controller/init.go:35	mysql init success...
2026-04-12T19:30:41.035+0800	INFO	controller/init.go:50	snowflake init success...
2026-04-12T19:30:41.035+0800	INFO	controller/init.go:57	trans init success...
2026-04-12T19:30:47.424+0800	ERROR	controller/user.go:68	server.Login failed	{"error": "key is of invalid type"}
2026-04-12T19:30:47.424+0800	INFO	logger/logger.go:93	/login	{"status": 200, "method": "POST", "path": "/login", "query": "", "ip": "::1", "user-agent": "Apifox/1.0.0 (https://apifox.com)", "errors": "", "cost": 0.0017122}
2026-04-12T19:31:09.374+0800	INFO	backend/main.go:43	Shutdown server ...
2026-04-12T19:31:09.374+0800	INFO	backend/main.go:49	Server exiting
2026-04-12T19:31:10.284+0800	INFO	controller/init.go:25	===============================================
2026-04-12T19:31:10.293+0800	INFO	controller/init.go:26	logger init success...
2026-04-12T19:31:10.316+0800	INFO	controller/init.go:35	mysql init success...
2026-04-12T19:31:10.316+0800	INFO	controller/init.go:50	snowflake init success...
2026-04-12T19:31:10.317+0800	INFO	controller/init.go:57	trans init success...
2026-04-12T19:31:10.935+0800	INFO	backend/main.go:43	Shutdown server ...
2026-04-12T19:31:10.935+0800	INFO	backend/main.go:49	Server exiting
2026-04-12T19:31:14.597+0800	INFO	controller/init.go:25	===============================================
2026-04-12T19:31:14.602+0800	INFO	controller/init.go:26	logger init success...
2026-04-12T19:31:14.616+0800	INFO	controller/init.go:35	mysql init success...
2026-04-12T19:31:14.616+0800	INFO	controller/init.go:50	snowflake init success...
2026-04-12T19:31:14.617+0800	INFO	controller/init.go:57	trans init success...
2026-04-12T19:31:17.873+0800	ERROR	controller/user.go:68	server.Login failed	{"error": "key is of invalid type"}
2026-04-12T19:31:17.873+0800	INFO	logger/logger.go:93	/login	{"status": 200, "method": "POST", "path": "/login", "query": "", "ip": "::1", "user-agent": "Apifox/1.0.0 (https://apifox.com)", "errors": "", "cost": 0.0012447}
2026-04-12T19:32:34.988+0800	INFO	backend/main.go:43	Shutdown server ...
2026-04-12T19:32:34.988+0800	INFO	backend/main.go:49	Server exiting
2026-04-12T19:32:38.240+0800	INFO	controller/init.go:25	===============================================
2026-04-12T19:32:38.245+0800	INFO	controller/init.go:26	logger init success...
2026-04-12T19:32:38.258+0800	INFO	controller/init.go:35	mysql init success...
2026-04-12T19:32:38.258+0800	INFO	controller/init.go:50	snowflake init success...
2026-04-12T19:32:38.258+0800	INFO	controller/init.go:57	trans init success...
2026-04-12T19:32:40.588+0800	ERROR	controller/user.go:68	server.Login failed	{"error": "key is of invalid type"}
2026-04-12T19:32:40.588+0800	INFO	logger/logger.go:93	/login	{"status": 200, "method": "POST", "path": "/login", "query": "", "ip": "::1", "user-agent": "Apifox/1.0.0 (https://apifox.com)", "errors": "", "cost": 0.002473}
2026-04-12T19:33:54.023+0800	INFO	backend/main.go:43	Shutdown server ...
2026-04-12T19:33:54.023+0800	INFO	backend/main.go:49	Server exiting
2026-04-12T19:33:57.391+0800	INFO	controller/init.go:25	===============================================
2026-04-12T19:33:57.395+0800	INFO	controller/init.go:26	logger init success...
2026-04-12T19:33:57.409+0800	INFO	controller/init.go:35	mysql init success...
2026-04-12T19:33:57.409+0800	INFO	controller/init.go:50	snowflake init success...
2026-04-12T19:33:57.409+0800	INFO	controller/init.go:57	trans init success...
2026-04-12T19:33:59.360+0800	ERROR	server/user.go:55	aaaaaaaaaaaaaaaaaaaaaaa
2026-04-12T19:33:59.361+0800	ERROR	controller/user.go:68	server.Login failed	{"error": "key is of invalid type"}
2026-04-12T19:33:59.361+0800	INFO	logger/logger.go:93	/login	{"status": 200, "method": "POST", "path": "/login", "query": "", "ip": "::1", "user-agent": "Apifox/1.0.0 (https://apifox.com)", "errors": "", "cost": 0.0020182}
2026-04-12T19:34:06.147+0800	INFO	backend/main.go:43	Shutdown server ...
2026-04-12T19:34:06.147+0800	INFO	backend/main.go:49	Server exiting
2026-04-12T19:34:09.629+0800	INFO	controller/init.go:25	===============================================
2026-04-12T19:34:09.634+0800	INFO	controller/init.go:26	logger init success...
2026-04-12T19:34:09.647+0800	INFO	controller/init.go:35	mysql init success...
2026-04-12T19:34:09.647+0800	INFO	controller/init.go:50	snowflake init success...
2026-04-12T19:34:09.647+0800	INFO	controller/init.go:57	trans init success...
2026-04-12T19:34:11.169+0800	ERROR	server/user.go:55	aaaaaaaaaaaaaaaaaaaaaaa
2026-04-12T19:34:11.169+0800	ERROR	server/user.go:59	aaaaaaaaaaaaaaaaaaaaaaa
2026-04-12T19:34:11.170+0800	ERROR	controller/user.go:68	server.Login failed	{"error": "key is of invalid type"}
2026-04-12T19:34:11.170+0800	INFO	logger/logger.go:93	/login	{"status": 200, "method": "POST", "path": "/login", "query": "", "ip": "::1", "user-agent": "Apifox/1.0.0 (https://apifox.com)", "errors": "", "cost": 0.0027319}
2026-04-12T19:34:18.554+0800	INFO	backend/main.go:43	Shutdown server ...
2026-04-12T19:34:18.554+0800	INFO	backend/main.go:49	Server exiting
2026-04-12T19:34:22.543+0800	INFO	controller/init.go:25	===============================================
2026-04-12T19:34:22.548+0800	INFO	controller/init.go:26	logger init success...
2026-04-12T19:34:22.561+0800	INFO	controller/init.go:35	mysql init success...
2026-04-12T19:34:22.561+0800	INFO	controller/init.go:50	snowflake init success...
2026-04-12T19:34:22.561+0800	INFO	controller/init.go:57	trans init success...
2026-04-12T19:34:24.182+0800	ERROR	server/user.go:55	aaaaaaaaaaaaaaaaaaaaaaa
2026-04-12T19:34:24.182+0800	ERROR	server/user.go:59	aaaaaaaaaaaaaaaaaaaaaaa
2026-04-12T19:34:24.183+0800	ERROR	server/user.go:68	aaaaaaaaaaaaaaaaaaaaaaa
2026-04-12T19:34:24.183+0800	ERROR	controller/user.go:68	server.Login failed	{"error": "key is of invalid type"}
2026-04-12T19:34:24.183+0800	INFO	logger/logger.go:93	/login	{"status": 200, "method": "POST", "path": "/login", "query": "", "ip": "::1", "user-agent": "Apifox/1.0.0 (https://apifox.com)", "errors": "", "cost": 0.0016817}
2026-04-12T19:35:50.061+0800	INFO	backend/main.go:43	Shutdown server ...
2026-04-12T19:35:50.061+0800	INFO	backend/main.go:49	Server exiting
2026-04-12T19:35:56.351+0800	INFO	controller/init.go:25	===============================================
2026-04-12T19:35:56.356+0800	INFO	controller/init.go:26	logger init success...
2026-04-12T19:35:56.369+0800	INFO	controller/init.go:35	mysql init success...
2026-04-12T19:35:56.369+0800	INFO	controller/init.go:50	snowflake init success...
2026-04-12T19:35:56.369+0800	INFO	controller/init.go:57	trans init success...
2026-04-12T19:35:58.241+0800	ERROR	controller/user.go:68	server.Login failed	{"error": "生成token失败： key is of invalid type\n"}
2026-04-12T19:35:58.241+0800	INFO	logger/logger.go:93	/login	{"status": 200, "method": "POST", "path": "/login", "query": "", "ip": "::1", "user-agent": "Apifox/1.0.0 (https://apifox.com)", "errors": "", "cost": 0.0020802}
2026-04-12T19:37:41.150+0800	INFO	backend/main.go:43	Shutdown server ...
2026-04-12T19:37:41.151+0800	INFO	backend/main.go:49	Server exiting
2026-04-12T19:37:49.568+0800	INFO	controller/init.go:25	===============================================
2026-04-12T19:37:49.573+0800	INFO	controller/init.go:26	logger init success...
2026-04-12T19:37:49.586+0800	INFO	controller/init.go:35	mysql init success...
2026-04-12T19:37:49.586+0800	INFO	controller/init.go:50	snowflake init success...
2026-04-12T19:37:49.587+0800	INFO	controller/init.go:57	trans init success...
2026-04-12T19:37:51.200+0800	ERROR	controller/user.go:68	server.Login failed	{"error": "生成token失败：key is of invalid type"}
2026-04-12T19:37:51.200+0800	INFO	logger/logger.go:93	/login	{"status": 200, "method": "POST", "path": "/login", "query": "", "ip": "::1", "user-agent": "Apifox/1.0.0 (https://apifox.com)", "errors": "", "cost": 0.0023509}
2026-04-12T19:39:23.898+0800	INFO	backend/main.go:43	Shutdown server ...
2026-04-12T19:39:23.898+0800	INFO	backend/main.go:49	Server exiting
2026-04-12T19:39:27.287+0800	INFO	controller/init.go:25	===============================================
2026-04-12T19:39:27.292+0800	INFO	controller/init.go:26	logger init success...
2026-04-12T19:39:27.305+0800	INFO	controller/init.go:35	mysql init success...
2026-04-12T19:39:27.305+0800	INFO	controller/init.go:50	snowflake init success...
2026-04-12T19:39:27.306+0800	INFO	controller/init.go:57	trans init success...
2026-04-12T19:39:29.009+0800	ERROR	controller/user.go:68	server.Login failed	{"error": "生成token失败：key is of invalid type"}
2026-04-12T19:39:29.010+0800	INFO	logger/logger.go:93	/login	{"status": 200, "method": "POST", "path": "/login", "query": "", "ip": "::1", "user-agent": "Apifox/1.0.0 (https://apifox.com)", "errors": "", "cost": 0.0021437}
2026-04-12T19:41:43.665+0800	INFO	backend/main.go:43	Shutdown server ...
2026-04-12T19:41:43.665+0800	INFO	backend/main.go:49	Server exiting
2026-04-12T19:41:47.190+0800	INFO	controller/init.go:25	===============================================
2026-04-12T19:41:47.195+0800	INFO	controller/init.go:26	logger init success...
2026-04-12T19:41:47.210+0800	INFO	controller/init.go:35	mysql init success...
2026-04-12T19:41:47.211+0800	INFO	controller/init.go:50	snowflake init success...
2026-04-12T19:41:47.211+0800	INFO	controller/init.go:57	trans init success...
2026-04-12T19:41:49.663+0800	ERROR	controller/user.go:68	server.Login failed	{"error": "生成token失败：key is of invalid type"}
2026-04-12T19:41:49.663+0800	INFO	logger/logger.go:93	/login	{"status": 200, "method": "POST", "path": "/login", "query": "", "ip": "::1", "user-agent": "Apifox/1.0.0 (https://apifox.com)", "errors": "", "cost": 0.001132}
2026-04-12T19:44:02.722+0800	INFO	backend/main.go:43	Shutdown server ...
2026-04-12T19:44:02.724+0800	INFO	backend/main.go:49	Server exiting
2026-04-12T19:44:06.200+0800	INFO	controller/init.go:25	===============================================
2026-04-12T19:44:06.205+0800	INFO	controller/init.go:26	logger init success...
2026-04-12T19:44:06.216+0800	INFO	controller/init.go:35	mysql init success...
2026-04-12T19:44:06.216+0800	INFO	controller/init.go:50	snowflake init success...
2026-04-12T19:44:06.217+0800	INFO	controller/init.go:57	trans init success...
2026-04-12T19:44:11.549+0800	INFO	logger/logger.go:93	/login	{"status": 200, "method": "POST", "path": "/login", "query": "", "ip": "::1", "user-agent": "Apifox/1.0.0 (https://apifox.com)", "errors": "", "cost": 0.003608}
2026-04-12T19:57:02.829+0800	INFO	logger/logger.go:93	/login	{"status": 200, "method": "POST", "path": "/login", "query": "", "ip": "::1", "user-agent": "Apifox/1.0.0 (https://apifox.com)", "errors": "", "cost": 0.0058847}
2026-04-12T19:57:07.966+0800	INFO	logger/logger.go:93	/login	{"status": 200, "method": "POST", "path": "/login", "query": "", "ip": "::1", "user-agent": "Apifox/1.0.0 (https://apifox.com)", "errors": "", "cost": 0.0013029}
2026-04-12T19:57:09.100+0800	INFO	logger/logger.go:93	/login	{"status": 200, "method": "POST", "path": "/login", "query": "", "ip": "::1", "user-agent": "Apifox/1.0.0 (https://apifox.com)", "errors": "", "cost": 0.0013815}
2026-04-12T19:57:10.094+0800	INFO	logger/logger.go:93	/login	{"status": 200, "method": "POST", "path": "/login", "query": "", "ip": "::1", "user-agent": "Apifox/1.0.0 (https://apifox.com)", "errors": "", "cost": 0.0005283}
2026-04-12T20:37:41.267+0800	INFO	logger/logger.go:93	/ping	{"status": 200, "method": "GET", "path": "/ping", "query": "", "ip": "::1", "user-agent": "Apifox/1.0.0 (https://apifox.com)", "errors": "", "cost": 0.0010987}
2026-04-12T20:37:50.009+0800	INFO	logger/logger.go:93	/ping	{"status": 200, "method": "GET", "path": "/ping", "query": "", "ip": "::1", "user-agent": "Apifox/1.0.0 (https://apifox.com)", "errors": "", "cost": 0}
2026-04-12T20:37:51.444+0800	INFO	logger/logger.go:93	/ping	{"status": 200, "method": "GET", "path": "/ping", "query": "", "ip": "::1", "user-agent": "Apifox/1.0.0 (https://apifox.com)", "errors": "", "cost": 0}
2026-04-12T20:38:08.176+0800	INFO	logger/logger.go:93	/ping	{"status": 200, "method": "GET", "path": "/ping", "query": "", "ip": "::1", "user-agent": "Apifox/1.0.0 (https://apifox.com)", "errors": "", "cost": 0}
2026-04-12T20:38:09.375+0800	INFO	logger/logger.go:93	/ping	{"status": 200, "method": "GET", "path": "/ping", "query": "", "ip": "::1", "user-agent": "Apifox/1.0.0 (https://apifox.com)", "errors": "", "cost": 0}
2026-04-12T20:38:11.287+0800	INFO	backend/main.go:43	Shutdown server ...
2026-04-12T20:38:11.288+0800	INFO	backend/main.go:49	Server exiting
2026-04-12T20:38:17.784+0800	INFO	controller/init.go:25	===============================================
2026-04-12T20:38:17.789+0800	INFO	controller/init.go:26	logger init success...
2026-04-12T20:38:17.811+0800	INFO	controller/init.go:35	mysql init success...
2026-04-12T20:38:17.811+0800	INFO	controller/init.go:50	snowflake init success...
2026-04-12T20:38:17.811+0800	INFO	controller/init.go:57	trans init success...
2026-04-12T20:38:24.471+0800	INFO	logger/logger.go:93	/login	{"status": 200, "method": "POST", "path": "/login", "query": "", "ip": "::1", "user-agent": "Apifox/1.0.0 (https://apifox.com)", "errors": "", "cost": 0.0023556}
2026-04-12T20:38:32.692+0800	INFO	logger/logger.go:93	/ping	{"status": 200, "method": "GET", "path": "/ping", "query": "", "ip": "::1", "user-agent": "Apifox/1.0.0 (https://apifox.com)", "errors": "", "cost": 0}
2026-04-12T20:38:35.350+0800	INFO	logger/logger.go:93	/ping	{"status": 200, "method": "GET", "path": "/ping", "query": "", "ip": "::1", "user-agent": "Apifox/1.0.0 (https://apifox.com)", "errors": "", "cost": 0}
2026-04-12T20:38:38.214+0800	INFO	logger/logger.go:93	/ping	{"status": 200, "method": "GET", "path": "/ping", "query": "", "ip": "::1", "user-agent": "Apifox/1.0.0 (https://apifox.com)", "errors": "", "cost": 0}
2026-04-12T21:14:50.494+0800	INFO	backend/main.go:43	Shutdown server ...
2026-04-12T21:14:50.495+0800	INFO	backend/main.go:49	Server exiting
2026-04-13T11:04:06.251+0800	INFO	controller/init.go:25	===============================================
2026-04-13T11:04:06.258+0800	INFO	controller/init.go:26	logger init success...
2026-04-13T11:04:06.353+0800	INFO	controller/init.go:35	mysql init success...
2026-04-13T11:04:06.353+0800	INFO	controller/init.go:50	snowflake init success...
2026-04-13T11:04:06.354+0800	INFO	controller/init.go:57	trans init success...
2026-04-13T11:04:30.972+0800	INFO	logger/logger.go:93	/login	{"status": 200, "method": "POST", "path": "/login", "query": "", "ip": "::1", "user-agent": "Apifox/1.0.0 (https://apifox.com)", "errors": "", "cost": 0.0115279}
2026-04-13T11:04:40.059+0800	INFO	logger/logger.go:93	/ping	{"status": 200, "method": "GET", "path": "/ping", "query": "", "ip": "::1", "user-agent": "Apifox/1.0.0 (https://apifox.com)", "errors": "", "cost": 0}
2026-04-13T11:04:51.898+0800	INFO	logger/logger.go:93	/ping	{"status": 200, "method": "GET", "path": "/ping", "query": "", "ip": "::1", "user-agent": "Apifox/1.0.0 (https://apifox.com)", "errors": "", "cost": 0}
2026-04-13T11:04:59.852+0800	INFO	logger/logger.go:93	/login	{"status": 200, "method": "POST", "path": "/login", "query": "", "ip": "::1", "user-agent": "Apifox/1.0.0 (https://apifox.com)", "errors": "", "cost": 0.0016794}
2026-04-13T11:05:02.123+0800	INFO	logger/logger.go:93	/login	{"status": 200, "method": "POST", "path": "/login", "query": "", "ip": "::1", "user-agent": "Apifox/1.0.0 (https://apifox.com)", "errors": "", "cost": 0.0021696}
2026-04-13T11:05:20.104+0800	INFO	logger/logger.go:93	/ping	{"status": 200, "method": "GET", "path": "/ping", "query": "", "ip": "::1", "user-agent": "Apifox/1.0.0 (https://apifox.com)", "errors": "", "cost": 0}
2026-04-13T11:05:22.688+0800	INFO	logger/logger.go:93	/login	{"status": 200, "method": "POST", "path": "/login", "query": "", "ip": "::1", "user-agent": "Apifox/1.0.0 (https://apifox.com)", "errors": "", "cost": 0.0019852}
2026-04-13T11:05:24.896+0800	INFO	logger/logger.go:93	/ping	{"status": 200, "method": "GET", "path": "/ping", "query": "", "ip": "::1", "user-agent": "Apifox/1.0.0 (https://apifox.com)", "errors": "", "cost": 0}
2026-04-13T11:05:26.365+0800	INFO	logger/logger.go:93	/ping	{"status": 200, "method": "GET", "path": "/ping", "query": "", "ip": "::1", "user-agent": "Apifox/1.0.0 (https://apifox.com)", "errors": "", "cost": 0}
2026-04-13T11:05:28.618+0800	INFO	logger/logger.go:93	/login	{"status": 200, "method": "POST", "path": "/login", "query": "", "ip": "::1", "user-agent": "Apifox/1.0.0 (https://apifox.com)", "errors": "", "cost": 0.0010115}
2026-04-13T11:05:29.385+0800	INFO	logger/logger.go:93	/login	{"status": 200, "method": "POST", "path": "/login", "query": "", "ip": "::1", "user-agent": "Apifox/1.0.0 (https://apifox.com)", "errors": "", "cost": 0.0017809}
2026-04-13T11:05:30.206+0800	INFO	logger/logger.go:93	/login	{"status": 200, "method": "POST", "path": "/login", "query": "", "ip": "::1", "user-agent": "Apifox/1.0.0 (https://apifox.com)", "errors": "", "cost": 0.0010631}
2026-04-13T11:05:32.852+0800	INFO	logger/logger.go:93	/ping	{"status": 200, "method": "GET", "path": "/ping", "query": "", "ip": "::1", "user-agent": "Apifox/1.0.0 (https://apifox.com)", "errors": "", "cost": 0.00062}
2026-04-13T11:05:33.473+0800	INFO	logger/logger.go:93	/ping	{"status": 200, "method": "GET", "path": "/ping", "query": "", "ip": "::1", "user-agent": "Apifox/1.0.0 (https://apifox.com)", "errors": "", "cost": 0}
2026-04-13T11:44:48.656+0800	INFO	backend/main.go:43	Shutdown server ...
2026-04-13T11:44:48.656+0800	INFO	backend/main.go:49	Server exiting
2026-04-13T11:48:35.625+0800	INFO	controller/init.go:26	===============================================
2026-04-13T11:48:35.630+0800	INFO	controller/init.go:27	logger init success...
2026-04-13T11:48:35.647+0800	INFO	controller/init.go:36	mysql init success...
2026-04-13T11:48:35.648+0800	INFO	controller/init.go:44	redis init success...
2026-04-13T11:48:35.648+0800	INFO	controller/init.go:51	snowflake init success...
2026-04-13T11:48:35.648+0800	INFO	controller/init.go:58	trans init success...
2026-04-13T11:48:46.655+0800	INFO	logger/logger.go:93	/ping	{"status": 200, "method": "GET", "path": "/ping", "query": "", "ip": "::1", "user-agent": "Apifox/1.0.0 (https://apifox.com)", "errors": "", "cost": 0.0012398}
2026-04-13T11:48:49.499+0800	INFO	logger/logger.go:93	/login	{"status": 200, "method": "POST", "path": "/login", "query": "", "ip": "::1", "user-agent": "Apifox/1.0.0 (https://apifox.com)", "errors": "", "cost": 0.0020443}
2026-04-13T11:48:55.577+0800	INFO	logger/logger.go:93	/ping	{"status": 200, "method": "GET", "path": "/ping", "query": "", "ip": "::1", "user-agent": "Apifox/1.0.0 (https://apifox.com)", "errors": "", "cost": 0.0010491}
2026-04-13T11:48:58.708+0800	INFO	logger/logger.go:93	/login	{"status": 200, "method": "POST", "path": "/login", "query": "", "ip": "::1", "user-agent": "Apifox/1.0.0 (https://apifox.com)", "errors": "", "cost": 0.0015941}
2026-04-13T11:49:00.602+0800	INFO	logger/logger.go:93	/ping	{"status": 200, "method": "GET", "path": "/ping", "query": "", "ip": "::1", "user-agent": "Apifox/1.0.0 (https://apifox.com)", "errors": "", "cost": 0}
2026-04-13T16:00:02.529+0800	INFO	backend/main.go:43	Shutdown server ...
2026-04-13T16:00:02.557+0800	INFO	backend/main.go:49	Server exiting
2026-04-13T16:20:02.830+0800	INFO	controller/init.go:26	===============================================
2026-04-13T16:20:02.841+0800	INFO	controller/init.go:27	logger init success...
2026-04-13T16:20:03.182+0800	INFO	controller/init.go:36	mysql init success...
2026-04-13T16:20:03.194+0800	INFO	controller/init.go:44	redis init success...
2026-04-13T16:20:03.201+0800	INFO	controller/init.go:51	snowflake init success...
2026-04-13T16:20:03.202+0800	INFO	controller/init.go:58	trans init success...
2026-04-13T16:20:27.581+0800	INFO	backend/main.go:43	Shutdown server ...
2026-04-13T16:20:27.582+0800	INFO	backend/main.go:49	Server exiting
2026-04-13T21:17:54.683+0800	INFO	controller/init.go:26	===============================================
2026-04-13T21:17:54.691+0800	INFO	controller/init.go:27	logger init success...
2026-04-13T21:17:54.763+0800	INFO	controller/init.go:36	mysql init success...
2026-04-13T21:17:54.763+0800	ERROR	controller/init.go:40	init redis failed, err: 	{"error": "dial tcp 127.0.0.1:6379: connectex: No connection could be made because the target machine actively refused it."}
2026-04-13T21:18:49.192+0800	INFO	controller/init.go:26	===============================================
2026-04-13T21:18:49.197+0800	INFO	controller/init.go:27	logger init success...
2026-04-13T21:18:49.217+0800	INFO	controller/init.go:36	mysql init success...
2026-04-13T21:18:49.218+0800	ERROR	controller/init.go:40	init redis failed, err: 	{"error": "dial tcp 127.0.0.1:6379: connectex: No connection could be made because the target machine actively refused it."}
2026-04-13T21:18:58.919+0800	INFO	controller/init.go:26	===============================================
2026-04-13T21:18:58.924+0800	INFO	controller/init.go:27	logger init success...
2026-04-13T21:18:58.941+0800	INFO	controller/init.go:36	mysql init success...
2026-04-13T21:18:58.942+0800	ERROR	controller/init.go:40	init redis failed, err: 	{"error": "dial tcp 127.0.0.1:6379: connectex: No connection could be made because the target machine actively refused it."}
2026-04-13T21:31:11.810+0800	INFO	backend/main.go:43	Shutdown server ...
2026-04-13T21:31:11.811+0800	INFO	backend/main.go:49	Server exiting
2026-04-15T12:41:46.449+0800	INFO	controller/init.go:26	===============================================
2026-04-15T12:41:46.454+0800	INFO	controller/init.go:27	logger init success...
2026-04-15T12:41:46.567+0800	INFO	controller/init.go:36	mysql init success...
2026-04-15T12:41:46.567+0800	ERROR	controller/init.go:40	init redis failed, err: 	{"error": "dial tcp 127.0.0.1:6379: connectex: No connection could be made because the target machine actively refused it."}
2026-04-15T12:41:54.322+0800	INFO	backend/main.go:43	Shutdown server ...
2026-04-15T12:41:54.322+0800	INFO	backend/main.go:49	Server exiting
2026-04-15T12:41:58.817+0800	INFO	controller/init.go:26	===============================================
2026-04-15T12:41:58.822+0800	INFO	controller/init.go:27	logger init success...
2026-04-15T12:41:58.847+0800	INFO	controller/init.go:36	mysql init success...
2026-04-15T12:41:58.847+0800	ERROR	controller/init.go:40	init redis failed, err: 	{"error": "dial tcp 127.0.0.1:6379: connectex: No connection could be made because the target machine actively refused it."}
2026-04-15T12:43:55.686+0800	INFO	logger/logger.go:93	/api/v1/community	{"status": 200, "method": "GET", "path": "/api/v1/community", "query": "", "ip": "::1", "user-agent": "Apifox/1.0.0 (https://apifox.com)", "errors": "", "cost": 0}
2026-04-15T12:43:59.713+0800	ERROR	controller/user.go:69	server.Login failed	{"error": "生成token失败：redis存储token失败: dial tcp 127.0.0.1:6379: connectex: No connection could be made because the target machine actively refused it."}
2026-04-15T12:43:59.714+0800	INFO	logger/logger.go:93	/api/v1/login	{"status": 200, "method": "POST", "path": "/api/v1/login", "query": "", "ip": "::1", "user-agent": "Apifox/1.0.0 (https://apifox.com)", "errors": "", "cost": 0.0044998}
2026-04-15T12:44:04.190+0800	ERROR	controller/user.go:41	server.SignUp failed	{"error": "用户已存在"}
2026-04-15T12:44:04.191+0800	INFO	logger/logger.go:93	/api/v1/signup	{"status": 200, "method": "POST", "path": "/api/v1/signup", "query": "", "ip": "::1", "user-agent": "Apifox/1.0.0 (https://apifox.com)", "errors": "", "cost": 0.001161}
2026-04-15T12:44:10.087+0800	ERROR	controller/user.go:69	server.Login failed	{"error": "生成token失败：redis存储token失败: dial tcp 127.0.0.1:6379: connectex: No connection could be made because the target machine actively refused it."}
2026-04-15T12:44:10.087+0800	INFO	logger/logger.go:93	/api/v1/login	{"status": 200, "method": "POST", "path": "/api/v1/login", "query": "", "ip": "::1", "user-agent": "Apifox/1.0.0 (https://apifox.com)", "errors": "", "cost": 0.0027786}
2026-04-15T12:44:51.481+0800	ERROR	logger/logger.go:132	[Recovery from panic]	{"error": "runtime error: invalid memory address or nil pointer dereference", "request": "POST /api/v1/signup HTTP/1.1\r\nHost: localhost:8080\r\nAccept: */*\r\nAccept-Encoding: gzip, deflate, br\r\nConnection: keep-alive\r\nContent-Length: 85\r\nContent-Type: application/json\r\nUser-Agent: Apifox/1.0.0 (https://apifox.com)\r\n\r\n", "stack": "goroutine 24 [running]:\nruntime/debug.Stack()\n\tD:/Tools/Golang/src/runtime/debug/stack.go:26 +0x5e\nweb/router.Setup.GinRecovery.func4.1()\n\tD:/Study/StudyProject/GoLang/StudyProject/bluebell/backend/logger/logger.go:135 +0x4e9\npanic({0x7ff7d109d240?, 0x7ff7d1b49d60?})\n\tD:/Tools/Golang/src/runtime/panic.go:783 +0x132\ninternal/sync.(*Mutex).Lock(...)\n\tD:/Tools/Golang/src/internal/sync/mutex.go:63\nsync.(*Mutex).Lock(...)\n\tD:/Tools/Golang/src/sync/mutex.go:46\ngithub.com/bwmarrin/snowflake.(*Node).Generate(0x0)\n\tC:/Users/SZHuaJi/go/pkg/mod/github.com/bwmarrin/snowflake@v0.3.0/snowflake.go:137 +0x23\nweb/pkg/snowflake.GenID(...)\n\tD:/Study/StudyProject/GoLang/StudyProject/bluebell/backend/pkg/snowflake/snowflake.go:25\nweb/server.SignUp(0xc00049c780)\n\tD:/Study/StudyProject/GoLang/StudyProject/bluebell/backend/server/user.go:27 +0x5f\nweb/controller.SingUpHandler(0xc00027a200)\n\tD:/Study/StudyProject/GoLang/StudyProject/bluebell/backend/controller/user.go:40 +0x2db\ngithub.com/gin-gonic/gin.(*Context).Next(0xc00027a200)\n\tC:/Users/SZHuaJi/go/pkg/mod/github.com/gin-gonic/gin@v1.11.0/context.go:192 +0x4e\nweb/router.Setup.GinRecovery.func4(0xc00045f648?)\n\tD:/Study/StudyProject/GoLang/StudyProject/bluebell/backend/logger/logger.go:146 +0x47\ngithub.com/gin-gonic/gin.(*Context).Next(0xc00027a200)\n\tC:/Users/SZHuaJi/go/pkg/mod/github.com/gin-gonic/gin@v1.11.0/context.go:192 +0x4e\nweb/router.Setup.GinLogger.func3(0xc00027a200)\n\tD:/Study/StudyProject/GoLang/StudyProject/bluebell/backend/logger/logger.go:90 +0x75\ngithub.com/gin-gonic/gin.(*Context).Next(0xc00027a200)\n\tC:/Users/SZHuaJi/go/pkg/mod/github.com/gin-gonic/gin@v1.11.0/context.go:192 +0x4e\ngithub.com/gin-gonic/gin.(*Engine).handleHTTPRequest(0xc0000dc4e0, 0xc00027a200)\n\tC:/Users/SZHuaJi/go/pkg/mod/github.com/gin-gonic/gin@v1.11.0/gin.go:689 +0x435\ngithub.com/gin-gonic/gin.(*Engine).ServeHTTP(0xc0000dc4e0, {0x7ff7d13ae840, 0xc00000c2d0}, 0xc000450640)\n\tC:/Users/SZHuaJi/go/pkg/mod/github.com/gin-gonic/gin@v1.11.0/gin.go:643 +0x1ad\nnet/http.serverHandler.ServeHTTP({0x7ff7d13ab8d0?}, {0x7ff7d13ae840?, 0xc00000c2d0?}, 0x1?)\n\tD:/Tools/Golang/src/net/http/server.go:3340 +0x8e\nnet/http.(*conn).serve(0xc00016ebd0, {0x7ff7d13afb68, 0xc00031e810})\n\tD:/Tools/Golang/src/net/http/server.go:2109 +0x665\ncreated by net/http.(*Server).Serve in goroutine 7\n\tD:/Tools/Golang/src/net/http/server.go:3493 +0x485\n"}
2026-04-15T12:44:51.481+0800	INFO	logger/logger.go:93	/api/v1/signup	{"status": 500, "method": "POST", "path": "/api/v1/signup", "query": "", "ip": "::1", "user-agent": "Apifox/1.0.0 (https://apifox.com)", "errors": "", "cost": 0.0023062}
2026-04-15T12:45:43.262+0800	INFO	backend/main.go:43	Shutdown server ...
2026-04-15T12:45:43.262+0800	INFO	backend/main.go:49	Server exiting
2026-04-15T12:45:44.991+0800	INFO	controller/init.go:26	===============================================
2026-04-15T12:45:44.996+0800	INFO	controller/init.go:27	logger init success...
2026-04-15T12:45:45.020+0800	INFO	controller/init.go:36	mysql init success...
2026-04-15T12:45:45.021+0800	INFO	controller/init.go:44	redis init success...
2026-04-15T12:45:45.021+0800	INFO	controller/init.go:51	snowflake init success...
2026-04-15T12:45:45.021+0800	INFO	controller/init.go:58	trans init success...
2026-04-15T12:45:48.902+0800	INFO	logger/logger.go:93	/api/v1/signup	{"status": 200, "method": "POST", "path": "/api/v1/signup", "query": "", "ip": "::1", "user-agent": "Apifox/1.0.0 (https://apifox.com)", "errors": "", "cost": 0.0190289}
2026-04-15T12:45:51.979+0800	INFO	logger/logger.go:93	/api/v1/login	{"status": 200, "method": "POST", "path": "/api/v1/login", "query": "", "ip": "::1", "user-agent": "Apifox/1.0.0 (https://apifox.com)", "errors": "", "cost": 0.0111696}
2026-04-15T12:45:54.978+0800	INFO	logger/logger.go:93	/api/v1/ping	{"status": 200, "method": "GET", "path": "/api/v1/ping", "query": "", "ip": "::1", "user-agent": "Apifox/1.0.0 (https://apifox.com)", "errors": "", "cost": 0}
2026-04-15T12:46:19.921+0800	INFO	controller/init.go:26	===============================================
2026-04-15T12:46:19.926+0800	INFO	controller/init.go:27	logger init success...
2026-04-15T12:46:19.950+0800	INFO	controller/init.go:36	mysql init success...
2026-04-15T12:46:19.951+0800	INFO	controller/init.go:44	redis init success...
2026-04-15T12:46:19.951+0800	INFO	controller/init.go:51	snowflake init success...
2026-04-15T12:46:19.951+0800	INFO	controller/init.go:58	trans init success...
2026-04-15T12:46:22.085+0800	INFO	logger/logger.go:93	/api/v1/ping	{"status": 200, "method": "GET", "path": "/api/v1/ping", "query": "", "ip": "::1", "user-agent": "Apifox/1.0.0 (https://apifox.com)", "errors": "", "cost": 0}
2026-04-15T12:46:22.975+0800	INFO	logger/logger.go:93	/api/v1/ping	{"status": 200, "method": "GET", "path": "/api/v1/ping", "query": "", "ip": "::1", "user-agent": "Apifox/1.0.0 (https://apifox.com)", "errors": "", "cost": 0}
2026-04-15T12:46:23.726+0800	INFO	logger/logger.go:93	/api/v1/ping	{"status": 200, "method": "GET", "path": "/api/v1/ping", "query": "", "ip": "::1", "user-agent": "Apifox/1.0.0 (https://apifox.com)", "errors": "", "cost": 0}
2026-04-15T12:47:11.437+0800	INFO	controller/init.go:26	===============================================
2026-04-15T12:47:11.443+0800	INFO	controller/init.go:27	logger init success...
2026-04-15T12:47:11.479+0800	INFO	controller/init.go:36	mysql init success...
2026-04-15T12:47:11.481+0800	INFO	controller/init.go:44	redis init success...
2026-04-15T12:47:11.481+0800	INFO	controller/init.go:51	snowflake init success...
2026-04-15T12:47:11.482+0800	INFO	controller/init.go:58	trans init success...
2026-04-15T12:47:13.979+0800	INFO	logger/logger.go:93	/api/v1/ping	{"status": 200, "method": "GET", "path": "/api/v1/ping", "query": "", "ip": "::1", "user-agent": "Apifox/1.0.0 (https://apifox.com)", "errors": "", "cost": 0}
2026-04-15T12:47:16.861+0800	INFO	logger/logger.go:93	/api/v1/login	{"status": 200, "method": "POST", "path": "/api/v1/login", "query": "", "ip": "::1", "user-agent": "Apifox/1.0.0 (https://apifox.com)", "errors": "", "cost": 0.01312}
2026-04-15T12:47:18.690+0800	INFO	logger/logger.go:93	/api/v1/ping	{"status": 200, "method": "GET", "path": "/api/v1/ping", "query": "", "ip": "::1", "user-agent": "Apifox/1.0.0 (https://apifox.com)", "errors": "", "cost": 0}
2026-04-15T12:47:33.647+0800	INFO	logger/logger.go:93	/api/v1/ping	{"status": 200, "method": "GET", "path": "/api/v1/ping", "query": "", "ip": "::1", "user-agent": "Apifox/1.0.0 (https://apifox.com)", "errors": "", "cost": 0.0011639}
2026-04-15T12:48:14.730+0800	ERROR	controller/community.go:15	server.GetCommunityList() failed	{"error": "Error 1146 (42S02): Table 'bluebell.community' doesn't exist"}
2026-04-15T12:48:14.730+0800	INFO	logger/logger.go:93	/api/v1/community	{"status": 200, "method": "GET", "path": "/api/v1/community", "query": "", "ip": "::1", "user-agent": "Apifox/1.0.0 (https://apifox.com)", "errors": "", "cost": 0.0024453}
2026-04-15T12:48:58.923+0800	INFO	controller/init.go:26	===============================================
2026-04-15T12:48:58.928+0800	INFO	controller/init.go:27	logger init success...
2026-04-15T12:48:58.953+0800	INFO	controller/init.go:36	mysql init success...
2026-04-15T12:48:58.953+0800	INFO	controller/init.go:44	redis init success...
2026-04-15T12:48:58.953+0800	INFO	controller/init.go:51	snowflake init success...
2026-04-15T12:48:58.954+0800	INFO	controller/init.go:58	trans init success...
2026-04-15T12:49:03.649+0800	ERROR	controller/community.go:15	server.GetCommunityList() failed	{"error": "Error 1146 (42S02): Table 'bluebell.communitys' doesn't exist"}
2026-04-15T12:49:03.650+0800	INFO	logger/logger.go:93	/api/v1/community	{"status": 200, "method": "GET", "path": "/api/v1/community", "query": "", "ip": "::1", "user-agent": "Apifox/1.0.0 (https://apifox.com)", "errors": "", "cost": 0.0030363}
2026-04-15T12:49:10.049+0800	ERROR	controller/community.go:15	server.GetCommunityList() failed	{"error": "Error 1146 (42S02): Table 'bluebell.communitys' doesn't exist"}
2026-04-15T12:49:10.049+0800	INFO	logger/logger.go:93	/api/v1/community	{"status": 200, "method": "GET", "path": "/api/v1/community", "query": "", "ip": "::1", "user-agent": "Apifox/1.0.0 (https://apifox.com)", "errors": "", "cost": 0.0010525}
2026-04-15T12:49:23.942+0800	INFO	controller/init.go:26	===============================================
2026-04-15T12:49:23.947+0800	INFO	controller/init.go:27	logger init success...
2026-04-15T12:49:23.989+0800	INFO	controller/init.go:36	mysql init success...
2026-04-15T12:49:23.990+0800	INFO	controller/init.go:44	redis init success...
2026-04-15T12:49:23.990+0800	INFO	controller/init.go:51	snowflake init success...
2026-04-15T12:49:23.990+0800	INFO	controller/init.go:58	trans init success...
2026-04-15T12:49:28.089+0800	ERROR	controller/community.go:15	server.GetCommunityList() failed	{"error": "Error 1146 (42S02): Table 'bluebell.communitys' doesn't exist"}
2026-04-15T12:49:28.090+0800	INFO	logger/logger.go:93	/api/v1/community	{"status": 200, "method": "GET", "path": "/api/v1/community", "query": "", "ip": "::1", "user-agent": "Apifox/1.0.0 (https://apifox.com)", "errors": "", "cost": 0.0024475}
2026-04-15T12:50:07.676+0800	INFO	controller/init.go:26	===============================================
2026-04-15T12:50:07.682+0800	INFO	controller/init.go:27	logger init success...
2026-04-15T12:50:07.704+0800	INFO	controller/init.go:36	mysql init success...
2026-04-15T12:50:07.705+0800	INFO	controller/init.go:44	redis init success...
2026-04-15T12:50:07.705+0800	INFO	controller/init.go:51	snowflake init success...
2026-04-15T12:50:07.705+0800	INFO	controller/init.go:58	trans init success...
2026-04-15T12:50:12.332+0800	INFO	logger/logger.go:93	/api/v1/community	{"status": 200, "method": "GET", "path": "/api/v1/community", "query": "", "ip": "::1", "user-agent": "Apifox/1.0.0 (https://apifox.com)", "errors": "", "cost": 0.0011599}
2026-04-15T12:50:36.298+0800	INFO	controller/init.go:26	===============================================
2026-04-15T12:50:36.304+0800	INFO	controller/init.go:27	logger init success...
2026-04-15T12:50:36.346+0800	INFO	controller/init.go:36	mysql init success...
2026-04-15T12:50:36.347+0800	INFO	controller/init.go:44	redis init success...
2026-04-15T12:50:36.348+0800	INFO	controller/init.go:51	snowflake init success...
2026-04-15T12:50:36.348+0800	INFO	controller/init.go:58	trans init success...
2026-04-15T12:50:38.208+0800	INFO	controller/init.go:26	===============================================
2026-04-15T12:50:38.214+0800	INFO	controller/init.go:27	logger init success...
2026-04-15T12:50:38.241+0800	INFO	controller/init.go:36	mysql init success...
2026-04-15T12:50:38.241+0800	INFO	controller/init.go:44	redis init success...
2026-04-15T12:50:38.241+0800	INFO	controller/init.go:51	snowflake init success...
2026-04-15T12:50:38.242+0800	INFO	controller/init.go:58	trans init success...
2026-04-15T12:50:44.800+0800	ERROR	controller/user.go:41	server.SignUp failed	{"error": "用户已存在"}
2026-04-15T12:50:44.800+0800	INFO	logger/logger.go:93	/api/v1/signup	{"status": 200, "method": "POST", "path": "/api/v1/signup", "query": "", "ip": "::1", "user-agent": "Apifox/1.0.0 (https://apifox.com)", "errors": "", "cost": 0.0010962}
2026-04-15T12:50:47.703+0800	INFO	logger/logger.go:93	/api/v1/login	{"status": 200, "method": "POST", "path": "/api/v1/login", "query": "", "ip": "::1", "user-agent": "Apifox/1.0.0 (https://apifox.com)", "errors": "", "cost": 0.0013364}
2026-04-15T12:50:53.129+0800	INFO	logger/logger.go:93	/api/v1/ping	{"status": 200, "method": "GET", "path": "/api/v1/ping", "query": "", "ip": "::1", "user-agent": "Apifox/1.0.0 (https://apifox.com)", "errors": "", "cost": 0.0009703}
2026-04-15T12:50:55.419+0800	INFO	logger/logger.go:93	/api/v1/ping	{"status": 200, "method": "GET", "path": "/api/v1/ping", "query": "", "ip": "::1", "user-agent": "Apifox/1.0.0 (https://apifox.com)", "errors": "", "cost": 0.0005046}
2026-04-15T12:50:58.373+0800	INFO	logger/logger.go:93	/api/v1/community	{"status": 200, "method": "GET", "path": "/api/v1/community", "query": "", "ip": "::1", "user-agent": "Apifox/1.0.0 (https://apifox.com)", "errors": "", "cost": 0}
2026-04-15T12:51:01.861+0800	INFO	logger/logger.go:93	/api/v1/community	{"status": 200, "method": "GET", "path": "/api/v1/community", "query": "", "ip": "::1", "user-agent": "Apifox/1.0.0 (https://apifox.com)", "errors": "", "cost": 0.0014352}
2026-04-15T12:53:17.382+0800	INFO	controller/init.go:26	===============================================
2026-04-15T12:53:17.387+0800	INFO	controller/init.go:27	logger init success...
2026-04-15T12:53:17.417+0800	INFO	controller/init.go:36	mysql init success...
2026-04-15T12:53:17.418+0800	INFO	controller/init.go:44	redis init success...
2026-04-15T12:53:17.419+0800	INFO	controller/init.go:51	snowflake init success...
2026-04-15T12:53:17.419+0800	INFO	controller/init.go:58	trans init success...
2026-04-15T12:58:19.687+0800	INFO	logger/logger.go:93	/api/v1/community	{"status": 200, "method": "GET", "path": "/api/v1/community", "query": "", "ip": "::1", "user-agent": "Apifox/1.0.0 (https://apifox.com)", "errors": "", "cost": 0.0039429}
2026-04-15T13:05:42.559+0800	INFO	logger/logger.go:93	/api/v1/community	{"status": 200, "method": "GET", "path": "/api/v1/community", "query": "", "ip": "::1", "user-agent": "Apifox/1.0.0 (https://apifox.com)", "errors": "", "cost": 0.0027811}
2026-04-15T13:07:10.439+0800	INFO	controller/init.go:26	===============================================
2026-04-15T13:07:10.444+0800	INFO	controller/init.go:27	logger init success...
2026-04-15T13:07:10.483+0800	INFO	controller/init.go:36	mysql init success...
2026-04-15T13:07:10.484+0800	INFO	controller/init.go:44	redis init success...
2026-04-15T13:07:10.484+0800	INFO	controller/init.go:51	snowflake init success...
2026-04-15T13:07:10.484+0800	INFO	controller/init.go:58	trans init success...
2026-04-15T13:07:47.736+0800	INFO	controller/init.go:26	===============================================
2026-04-15T13:07:47.742+0800	INFO	controller/init.go:27	logger init success...
2026-04-15T13:07:47.764+0800	INFO	controller/init.go:36	mysql init success...
2026-04-15T13:07:47.765+0800	INFO	controller/init.go:44	redis init success...
2026-04-15T13:07:47.766+0800	INFO	controller/init.go:51	snowflake init success...
2026-04-15T13:07:47.766+0800	INFO	controller/init.go:58	trans init success...
2026-04-15T13:07:49.608+0800	INFO	logger/logger.go:93	/api/v1/login	{"status": 200, "method": "POST", "path": "/api/v1/login", "query": "", "ip": "::1", "user-agent": "Apifox/1.0.0 (https://apifox.com)", "errors": "", "cost": 0.0017533}
2026-04-15T13:07:56.342+0800	INFO	logger/logger.go:93	/api/v1/community	{"status": 200, "method": "GET", "path": "/api/v1/community", "query": "", "ip": "::1", "user-agent": "Apifox/1.0.0 (https://apifox.com)", "errors": "", "cost": 0.0005029}
2026-04-15T13:09:27.027+0800	INFO	controller/init.go:26	===============================================
2026-04-15T13:09:27.032+0800	INFO	controller/init.go:27	logger init success...
2026-04-15T13:09:27.069+0800	INFO	controller/init.go:36	mysql init success...
2026-04-15T13:09:27.070+0800	INFO	controller/init.go:44	redis init success...
2026-04-15T13:09:27.071+0800	INFO	controller/init.go:51	snowflake init success...
2026-04-15T13:09:27.071+0800	INFO	controller/init.go:58	trans init success...
2026-04-15T13:09:27.378+0800	INFO	backend/main.go:43	Shutdown server ...
2026-04-15T13:09:27.378+0800	INFO	backend/main.go:49	Server exiting
2026-04-15T17:32:04.178+0800	INFO	controller/init.go:26	===============================================
2026-04-15T17:32:04.184+0800	INFO	controller/init.go:27	logger init success...
2026-04-15T17:32:04.290+0800	INFO	controller/init.go:36	mysql init success...
2026-04-15T17:32:04.292+0800	INFO	controller/init.go:44	redis init success...
2026-04-15T17:32:04.292+0800	INFO	controller/init.go:51	snowflake init success...
2026-04-15T17:32:04.292+0800	INFO	controller/init.go:58	trans init success...
2026-04-15T17:34:25.285+0800	INFO	logger/logger.go:93	/api/v1/login	{"status": 200, "method": "POST", "path": "/api/v1/login", "query": "", "ip": "::1", "user-agent": "Apifox/1.0.0 (https://apifox.com)", "errors": "", "cost": 0.0027217}
2026-04-15T17:35:13.807+0800	INFO	logger/logger.go:93	/api/v1/community	{"status": 200, "method": "GET", "path": "/api/v1/community", "query": "", "ip": "::1", "user-agent": "Apifox/1.0.0 (https://apifox.com)", "errors": "", "cost": 0.0036269}
2026-04-15T17:35:39.754+0800	INFO	logger/logger.go:93	/api/v1/community/2	{"status": 200, "method": "GET", "path": "/api/v1/community/2", "query": "", "ip": "::1", "user-agent": "Apifox/1.0.0 (https://apifox.com)", "errors": "", "cost": 0}
2026-04-15T17:35:48.828+0800	INFO	logger/logger.go:93	/api/v1/community/2	{"status": 200, "method": "GET", "path": "/api/v1/community/2", "query": "", "ip": "::1", "user-agent": "Apifox/1.0.0 (https://apifox.com)", "errors": "", "cost": 0.0010231}
2026-04-15T17:36:03.074+0800	INFO	logger/logger.go:93	/api/v1/community/1	{"status": 200, "method": "GET", "path": "/api/v1/community/1", "query": "", "ip": "::1", "user-agent": "Apifox/1.0.0 (https://apifox.com)", "errors": "", "cost": 0.0010787}
2026-04-15T17:36:04.468+0800	INFO	logger/logger.go:93	/api/v1/community/1	{"status": 200, "method": "GET", "path": "/api/v1/community/1", "query": "", "ip": "::1", "user-agent": "Apifox/1.0.0 (https://apifox.com)", "errors": "", "cost": 0.0017105}
2026-04-15T17:36:39.746+0800	INFO	controller/init.go:26	===============================================
2026-04-15T17:36:39.751+0800	INFO	controller/init.go:27	logger init success...
2026-04-15T17:36:39.776+0800	INFO	controller/init.go:36	mysql init success...
2026-04-15T17:36:39.777+0800	INFO	controller/init.go:44	redis init success...
2026-04-15T17:36:39.777+0800	INFO	controller/init.go:51	snowflake init success...
2026-04-15T17:36:39.778+0800	INFO	controller/init.go:58	trans init success...
2026-04-15T17:36:43.189+0800	INFO	logger/logger.go:93	/api/v1/community/1	{"status": 200, "method": "GET", "path": "/api/v1/community/1", "query": "", "ip": "::1", "user-agent": "Apifox/1.0.0 (https://apifox.com)", "errors": "", "cost": 0.0018358}
2026-04-15T17:36:45.398+0800	INFO	logger/logger.go:93	/api/v1/community/1	{"status": 200, "method": "GET", "path": "/api/v1/community/1", "query": "", "ip": "::1", "user-agent": "Apifox/1.0.0 (https://apifox.com)", "errors": "", "cost": 0.001034}
2026-04-15T17:36:48.621+0800	INFO	logger/logger.go:93	/api/v1/community/2	{"status": 200, "method": "GET", "path": "/api/v1/community/2", "query": "", "ip": "::1", "user-agent": "Apifox/1.0.0 (https://apifox.com)", "errors": "", "cost": 0.0015084}
2026-04-15T17:36:49.856+0800	INFO	logger/logger.go:93	/api/v1/community/2	{"status": 200, "method": "GET", "path": "/api/v1/community/2", "query": "", "ip": "::1", "user-agent": "Apifox/1.0.0 (https://apifox.com)", "errors": "", "cost": 0.0005046}
2026-04-15T17:38:50.563+0800	INFO	controller/init.go:26	===============================================
2026-04-15T17:38:50.568+0800	INFO	controller/init.go:27	logger init success...
2026-04-15T17:38:50.630+0800	INFO	controller/init.go:36	mysql init success...
2026-04-15T17:38:50.631+0800	INFO	controller/init.go:44	redis init success...
2026-04-15T17:38:50.631+0800	INFO	controller/init.go:51	snowflake init success...
2026-04-15T17:38:50.631+0800	INFO	controller/init.go:58	trans init success...
2026-04-15T17:39:37.108+0800	INFO	controller/init.go:26	===============================================
2026-04-15T17:39:37.113+0800	INFO	controller/init.go:27	logger init success...
2026-04-15T17:39:37.139+0800	INFO	controller/init.go:36	mysql init success...
2026-04-15T17:39:37.140+0800	INFO	controller/init.go:44	redis init success...
2026-04-15T17:39:37.140+0800	INFO	controller/init.go:51	snowflake init success...
2026-04-15T17:39:37.140+0800	INFO	controller/init.go:58	trans init success...
2026-04-15T17:39:53.184+0800	INFO	logger/logger.go:93	/api/v1/community/2	{"status": 200, "method": "GET", "path": "/api/v1/community/2", "query": "", "ip": "::1", "user-agent": "Apifox/1.0.0 (https://apifox.com)", "errors": "", "cost": 0.0016663}
2026-04-15T17:39:59.030+0800	INFO	logger/logger.go:93	/api/v1/community/3	{"status": 200, "method": "GET", "path": "/api/v1/community/3", "query": "", "ip": "::1", "user-agent": "Apifox/1.0.0 (https://apifox.com)", "errors": "", "cost": 0.0012234}
2026-04-15T17:54:32.015+0800	INFO	controller/init.go:26	===============================================
2026-04-15T17:54:32.020+0800	INFO	controller/init.go:27	logger init success...
2026-04-15T17:54:32.073+0800	INFO	controller/init.go:36	mysql init success...
2026-04-15T17:54:32.075+0800	INFO	controller/init.go:44	redis init success...
2026-04-15T17:54:32.075+0800	INFO	controller/init.go:51	snowflake init success...
2026-04-15T17:54:32.075+0800	INFO	controller/init.go:58	trans init success...
2026-04-15T17:54:36.863+0800	INFO	controller/init.go:26	===============================================
2026-04-15T17:54:36.869+0800	INFO	controller/init.go:27	logger init success...
2026-04-15T17:54:36.901+0800	INFO	controller/init.go:36	mysql init success...
2026-04-15T17:54:36.901+0800	INFO	controller/init.go:44	redis init success...
2026-04-15T17:54:36.902+0800	INFO	controller/init.go:51	snowflake init success...
2026-04-15T17:54:36.902+0800	INFO	controller/init.go:58	trans init success...
2026-04-15T18:10:23.905+0800	INFO	backend/main.go:43	Shutdown server ...
2026-04-15T18:10:23.906+0800	INFO	backend/main.go:49	Server exiting
2026-04-16T20:32:09.332+0800	INFO	controller/init.go:26	===============================================
2026-04-16T20:32:09.337+0800	INFO	controller/init.go:27	logger init success...
2026-04-16T20:32:09.422+0800	INFO	controller/init.go:36	mysql init success...
2026-04-16T20:32:09.423+0800	ERROR	controller/init.go:40	init redis failed, err: 	{"error": "dial tcp 127.0.0.1:6379: connectex: No connection could be made because the target machine actively refused it."}
2026-04-16T20:32:48.783+0800	INFO	backend/main.go:43	Shutdown server ...
2026-04-16T20:32:48.783+0800	INFO	backend/main.go:49	Server exiting
2026-04-16T20:32:50.741+0800	INFO	controller/init.go:26	===============================================
2026-04-16T20:32:50.746+0800	INFO	controller/init.go:27	logger init success...
2026-04-16T20:32:50.773+0800	INFO	controller/init.go:36	mysql init success...
2026-04-16T20:32:50.774+0800	INFO	controller/init.go:44	redis init success...
2026-04-16T20:32:50.774+0800	INFO	controller/init.go:51	snowflake init success...
2026-04-16T20:32:50.774+0800	INFO	controller/init.go:58	trans init success...
2026-04-16T20:33:08.717+0800	INFO	logger/logger.go:93	/api/v1/login	{"status": 200, "method": "POST", "path": "/api/v1/login", "query": "", "ip": "::1", "user-agent": "Apifox/1.0.0 (https://apifox.com)", "errors": "", "cost": 0.0049142}
2026-04-16T20:33:17.773+0800	INFO	logger/logger.go:93	/api/v1/ping	{"status": 200, "method": "GET", "path": "/api/v1/ping", "query": "", "ip": "::1", "user-agent": "Apifox/1.0.0 (https://apifox.com)", "errors": "", "cost": 0.0009167}
2026-04-16T20:33:24.439+0800	INFO	logger/logger.go:93	/api/v1/community	{"status": 200, "method": "GET", "path": "/api/v1/community", "query": "", "ip": "::1", "user-agent": "Apifox/1.0.0 (https://apifox.com)", "errors": "", "cost": 0.0004286}
2026-04-16T20:33:30.666+0800	INFO	logger/logger.go:93	/api/v1/community	{"status": 200, "method": "GET", "path": "/api/v1/community", "query": "", "ip": "::1", "user-agent": "Apifox/1.0.0 (https://apifox.com)", "errors": "", "cost": 0.0018089}
2026-04-16T20:34:33.764+0800	INFO	logger/logger.go:93	/api/v1/community/2	{"status": 200, "method": "GET", "path": "/api/v1/community/2", "query": "", "ip": "::1", "user-agent": "Apifox/1.0.0 (https://apifox.com)", "errors": "", "cost": 0.0009649}
2026-04-16T20:34:45.236+0800	INFO	logger/logger.go:93	/api/v1/community/3	{"status": 200, "method": "GET", "path": "/api/v1/community/3", "query": "", "ip": "::1", "user-agent": "Apifox/1.0.0 (https://apifox.com)", "errors": "", "cost": 0.0010337}
2026-04-16T20:35:13.758+0800	INFO	controller/init.go:26	===============================================
2026-04-16T20:35:13.763+0800	INFO	controller/init.go:27	logger init success...
2026-04-16T20:35:13.796+0800	INFO	controller/init.go:36	mysql init success...
2026-04-16T20:35:13.796+0800	INFO	controller/init.go:44	redis init success...
2026-04-16T20:35:13.797+0800	INFO	controller/init.go:51	snowflake init success...
2026-04-16T20:35:13.797+0800	INFO	controller/init.go:58	trans init success...
2026-04-16T20:35:16.095+0800	INFO	logger/logger.go:93	/api/v1/community/3	{"status": 200, "method": "GET", "path": "/api/v1/community/3", "query": "", "ip": "::1", "user-agent": "Apifox/1.0.0 (https://apifox.com)", "errors": "", "cost": 0.0005239}
2026-04-16T20:35:17.370+0800	INFO	logger/logger.go:93	/api/v1/community/3	{"status": 200, "method": "GET", "path": "/api/v1/community/3", "query": "", "ip": "::1", "user-agent": "Apifox/1.0.0 (https://apifox.com)", "errors": "", "cost": 0.0016978}
2026-04-16T20:35:18.116+0800	INFO	logger/logger.go:93	/api/v1/community/3	{"status": 200, "method": "GET", "path": "/api/v1/community/3", "query": "", "ip": "::1", "user-agent": "Apifox/1.0.0 (https://apifox.com)", "errors": "", "cost": 0.0008236}
2026-04-16T20:35:18.695+0800	INFO	logger/logger.go:93	/api/v1/community/3	{"status": 200, "method": "GET", "path": "/api/v1/community/3", "query": "", "ip": "::1", "user-agent": "Apifox/1.0.0 (https://apifox.com)", "errors": "", "cost": 0.0018372}
2026-04-16T20:36:55.499+0800	INFO	controller/init.go:26	===============================================
2026-04-16T20:36:55.504+0800	INFO	controller/init.go:27	logger init success...
2026-04-16T20:36:55.527+0800	INFO	controller/init.go:36	mysql init success...
2026-04-16T20:36:55.528+0800	INFO	controller/init.go:44	redis init success...
2026-04-16T20:36:55.528+0800	INFO	controller/init.go:51	snowflake init success...
2026-04-16T20:36:55.528+0800	INFO	controller/init.go:58	trans init success...
2026-04-16T20:36:56.634+0800	INFO	controller/init.go:26	===============================================
2026-04-16T20:36:56.639+0800	INFO	controller/init.go:27	logger init success...
2026-04-16T20:36:56.662+0800	INFO	controller/init.go:36	mysql init success...
2026-04-16T20:36:56.663+0800	INFO	controller/init.go:44	redis init success...
2026-04-16T20:36:56.663+0800	INFO	controller/init.go:51	snowflake init success...
2026-04-16T20:36:56.663+0800	INFO	controller/init.go:58	trans init success...
2026-04-16T20:37:13.608+0800	INFO	controller/init.go:26	===============================================
2026-04-16T20:37:13.613+0800	INFO	controller/init.go:27	logger init success...
2026-04-16T20:37:13.635+0800	INFO	controller/init.go:36	mysql init success...
2026-04-16T20:37:13.636+0800	INFO	controller/init.go:44	redis init success...
2026-04-16T20:37:13.636+0800	INFO	controller/init.go:51	snowflake init success...
2026-04-16T20:37:13.636+0800	INFO	controller/init.go:58	trans init success...
2026-04-16T20:37:18.928+0800	INFO	controller/init.go:26	===============================================
2026-04-16T20:37:18.933+0800	INFO	controller/init.go:27	logger init success...
2026-04-16T20:37:18.959+0800	INFO	controller/init.go:36	mysql init success...
2026-04-16T20:37:18.960+0800	INFO	controller/init.go:44	redis init success...
2026-04-16T20:37:18.960+0800	INFO	controller/init.go:51	snowflake init success...
2026-04-16T20:37:18.961+0800	INFO	controller/init.go:58	trans init success...
2026-04-16T20:37:21.953+0800	INFO	controller/init.go:26	===============================================
2026-04-16T20:37:21.958+0800	INFO	controller/init.go:27	logger init success...
2026-04-16T20:37:21.979+0800	INFO	controller/init.go:36	mysql init success...
2026-04-16T20:37:21.979+0800	INFO	controller/init.go:44	redis init success...
2026-04-16T20:37:21.980+0800	INFO	controller/init.go:51	snowflake init success...
2026-04-16T20:37:21.980+0800	INFO	controller/init.go:58	trans init success...
2026-04-16T20:37:26.839+0800	INFO	controller/init.go:26	===============================================
2026-04-16T20:37:26.844+0800	INFO	controller/init.go:27	logger init success...
2026-04-16T20:37:26.865+0800	INFO	controller/init.go:36	mysql init success...
2026-04-16T20:37:26.865+0800	INFO	controller/init.go:44	redis init success...
2026-04-16T20:37:26.865+0800	INFO	controller/init.go:51	snowflake init success...
2026-04-16T20:37:26.866+0800	INFO	controller/init.go:58	trans init success...
2026-04-16T20:37:36.943+0800	INFO	controller/init.go:26	===============================================
2026-04-16T20:37:36.947+0800	INFO	controller/init.go:27	logger init success...
2026-04-16T20:37:36.972+0800	INFO	controller/init.go:36	mysql init success...
2026-04-16T20:37:36.972+0800	INFO	controller/init.go:44	redis init success...
2026-04-16T20:37:36.973+0800	INFO	controller/init.go:51	snowflake init success...
2026-04-16T20:37:36.973+0800	INFO	controller/init.go:58	trans init success...
2026-04-16T20:37:43.491+0800	INFO	logger/logger.go:93	/api/v1/community/3	{"status": 200, "method": "GET", "path": "/api/v1/community/3", "query": "", "ip": "::1", "user-agent": "Apifox/1.0.0 (https://apifox.com)", "errors": "", "cost": 0.0010369}
2026-04-16T20:37:44.604+0800	INFO	logger/logger.go:93	/api/v1/community/3	{"status": 200, "method": "GET", "path": "/api/v1/community/3", "query": "", "ip": "::1", "user-agent": "Apifox/1.0.0 (https://apifox.com)", "errors": "", "cost": 0.0013421}
2026-04-16T20:37:45.779+0800	INFO	logger/logger.go:93	/api/v1/community/3	{"status": 200, "method": "GET", "path": "/api/v1/community/3", "query": "", "ip": "::1", "user-agent": "Apifox/1.0.0 (https://apifox.com)", "errors": "", "cost": 0.0005068}
2026-04-16T20:37:46.853+0800	INFO	logger/logger.go:93	/api/v1/community/3	{"status": 200, "method": "GET", "path": "/api/v1/community/3", "query": "", "ip": "::1", "user-agent": "Apifox/1.0.0 (https://apifox.com)", "errors": "", "cost": 0.0010333}
2026-04-16T20:37:47.533+0800	INFO	logger/logger.go:93	/api/v1/community/3	{"status": 200, "method": "GET", "path": "/api/v1/community/3", "query": "", "ip": "::1", "user-agent": "Apifox/1.0.0 (https://apifox.com)", "errors": "", "cost": 0.0005062}
2026-04-16T20:37:48.325+0800	INFO	logger/logger.go:93	/api/v1/community/3	{"status": 200, "method": "GET", "path": "/api/v1/community/3", "query": "", "ip": "::1", "user-agent": "Apifox/1.0.0 (https://apifox.com)", "errors": "", "cost": 0.0010763}
2026-04-16T20:38:14.559+0800	INFO	controller/init.go:26	===============================================
2026-04-16T20:38:14.564+0800	INFO	controller/init.go:27	logger init success...
2026-04-16T20:38:14.589+0800	INFO	controller/init.go:36	mysql init success...
2026-04-16T20:38:14.590+0800	INFO	controller/init.go:44	redis init success...
2026-04-16T20:38:14.590+0800	INFO	controller/init.go:51	snowflake init success...
2026-04-16T20:38:14.590+0800	INFO	controller/init.go:58	trans init success...
2026-04-16T20:38:29.433+0800	INFO	controller/init.go:26	===============================================
2026-04-16T20:38:29.438+0800	INFO	controller/init.go:27	logger init success...
2026-04-16T20:38:29.459+0800	INFO	controller/init.go:36	mysql init success...
2026-04-16T20:38:29.460+0800	INFO	controller/init.go:44	redis init success...
2026-04-16T20:38:29.460+0800	INFO	controller/init.go:51	snowflake init success...
2026-04-16T20:38:29.461+0800	INFO	controller/init.go:58	trans init success...
2026-04-16T20:38:41.731+0800	ERROR	controller/community.go:30	server.GetCommunityList() failed	{"error": "Error 1146 (42S02): Table 'bluebell.community_details' doesn't exist"}
2026-04-16T20:38:41.731+0800	INFO	logger/logger.go:93	/api/v1/community/3	{"status": 200, "method": "GET", "path": "/api/v1/community/3", "query": "", "ip": "::1", "user-agent": "Apifox/1.0.0 (https://apifox.com)", "errors": "", "cost": 0.0017262}
2026-04-16T20:38:44.631+0800	ERROR	controller/community.go:30	server.GetCommunityList() failed	{"error": "Error 1146 (42S02): Table 'bluebell.community_details' doesn't exist"}
2026-04-16T20:38:44.631+0800	INFO	logger/logger.go:93	/api/v1/community/3	{"status": 200, "method": "GET", "path": "/api/v1/community/3", "query": "", "ip": "::1", "user-agent": "Apifox/1.0.0 (https://apifox.com)", "errors": "", "cost": 0.0005038}
2026-04-16T20:39:42.086+0800	INFO	controller/init.go:26	===============================================
2026-04-16T20:39:42.091+0800	INFO	controller/init.go:27	logger init success...
2026-04-16T20:39:42.112+0800	INFO	controller/init.go:36	mysql init success...
2026-04-16T20:39:42.112+0800	INFO	controller/init.go:44	redis init success...
2026-04-16T20:39:42.113+0800	INFO	controller/init.go:51	snowflake init success...
2026-04-16T20:39:42.113+0800	INFO	controller/init.go:58	trans init success...
2026-04-16T20:40:11.543+0800	INFO	logger/logger.go:93	/api/v1/community/3	{"status": 200, "method": "GET", "path": "/api/v1/community/3", "query": "", "ip": "::1", "user-agent": "Apifox/1.0.0 (https://apifox.com)", "errors": "", "cost": 0.0020137}
2026-04-16T20:40:23.129+0800	INFO	logger/logger.go:93	/api/v1/community/1	{"status": 200, "method": "GET", "path": "/api/v1/community/1", "query": "", "ip": "::1", "user-agent": "Apifox/1.0.0 (https://apifox.com)", "errors": "", "cost": 0.0009887}
2026-04-16T20:43:40.285+0800	INFO	controller/init.go:26	===============================================
2026-04-16T20:43:40.290+0800	INFO	controller/init.go:27	logger init success...
2026-04-16T20:43:40.316+0800	INFO	controller/init.go:36	mysql init success...
2026-04-16T20:43:40.318+0800	INFO	controller/init.go:44	redis init success...
2026-04-16T20:43:40.318+0800	INFO	controller/init.go:51	snowflake init success...
2026-04-16T20:43:40.318+0800	INFO	controller/init.go:58	trans init success...
2026-04-16T20:43:58.858+0800	INFO	controller/init.go:26	===============================================
2026-04-16T20:43:58.863+0800	INFO	controller/init.go:27	logger init success...
2026-04-16T20:43:58.895+0800	INFO	controller/init.go:36	mysql init success...
2026-04-16T20:43:58.896+0800	INFO	controller/init.go:44	redis init success...
2026-04-16T20:43:58.896+0800	INFO	controller/init.go:51	snowflake init success...
2026-04-16T20:43:58.896+0800	INFO	controller/init.go:58	trans init success...
2026-04-16T20:44:35.526+0800	INFO	controller/init.go:26	===============================================
2026-04-16T20:44:35.532+0800	INFO	controller/init.go:27	logger init success...
2026-04-16T20:44:35.559+0800	INFO	controller/init.go:36	mysql init success...
2026-04-16T20:44:35.561+0800	INFO	controller/init.go:44	redis init success...
2026-04-16T20:44:35.561+0800	INFO	controller/init.go:51	snowflake init success...
2026-04-16T20:44:35.561+0800	INFO	controller/init.go:58	trans init success...
2026-04-16T20:44:48.347+0800	INFO	controller/init.go:26	===============================================
2026-04-16T20:44:48.352+0800	INFO	controller/init.go:27	logger init success...
2026-04-16T20:44:48.376+0800	INFO	controller/init.go:36	mysql init success...
2026-04-16T20:44:48.377+0800	INFO	controller/init.go:44	redis init success...
2026-04-16T20:44:48.377+0800	INFO	controller/init.go:51	snowflake init success...
2026-04-16T20:44:48.377+0800	INFO	controller/init.go:58	trans init success...
2026-04-16T20:45:06.649+0800	INFO	controller/init.go:26	===============================================
2026-04-16T20:45:06.655+0800	INFO	controller/init.go:27	logger init success...
2026-04-16T20:45:06.679+0800	INFO	controller/init.go:36	mysql init success...
2026-04-16T20:45:06.680+0800	INFO	controller/init.go:44	redis init success...
2026-04-16T20:45:06.680+0800	INFO	controller/init.go:51	snowflake init success...
2026-04-16T20:45:06.681+0800	INFO	controller/init.go:58	trans init success...
2026-04-16T20:45:35.905+0800	INFO	controller/init.go:26	===============================================
2026-04-16T20:45:35.910+0800	INFO	controller/init.go:27	logger init success...
2026-04-16T20:45:35.940+0800	INFO	controller/init.go:36	mysql init success...
2026-04-16T20:45:35.942+0800	INFO	controller/init.go:44	redis init success...
2026-04-16T20:45:35.942+0800	INFO	controller/init.go:51	snowflake init success...
2026-04-16T20:45:35.943+0800	INFO	controller/init.go:58	trans init success...
2026-04-16T20:45:36.961+0800	INFO	backend/main.go:43	Shutdown server ...
2026-04-16T20:45:36.961+0800	INFO	backend/main.go:49	Server exiting
2026-04-16T23:38:52.791+0800	INFO	controller/init.go:26	===============================================
2026-04-16T23:38:52.806+0800	INFO	controller/init.go:27	logger init success...
2026-04-16T23:38:53.260+0800	INFO	controller/init.go:36	mysql init success...
2026-04-16T23:38:53.261+0800	INFO	controller/init.go:44	redis init success...
2026-04-16T23:38:53.263+0800	INFO	controller/init.go:51	snowflake init success...
2026-04-16T23:38:53.264+0800	INFO	controller/init.go:58	trans init success...
2026-04-16T23:38:57.993+0800	INFO	logger/logger.go:93	/api/v1/login	{"status": 200, "method": "POST", "path": "/api/v1/login", "query": "", "ip": "::1", "user-agent": "Apifox/1.0.0 (https://apifox.com)", "errors": "", "cost": 0.0153115}
2026-04-16T23:39:14.387+0800	ERROR	controller/post.go:17	c.ShouldBindJSON(p) failed：	{"error": "invalid character 't' looking for beginning of object key string"}
2026-04-16T23:39:14.398+0800	INFO	logger/logger.go:93	/api/v1/post	{"status": 200, "method": "POST", "path": "/api/v1/post", "query": "", "ip": "::1", "user-agent": "Apifox/1.0.0 (https://apifox.com)", "errors": "", "cost": 0.0155378}
2026-04-16T23:45:21.127+0800	ERROR	controller/post.go:30	request.GetCurrentUser(c)：	{"error": "用户未登录"}
2026-04-16T23:45:21.128+0800	INFO	logger/logger.go:93	/api/v1/post	{"status": 200, "method": "POST", "path": "/api/v1/post", "query": "", "ip": "::1", "user-agent": "Apifox/1.0.0 (https://apifox.com)", "errors": "", "cost": 0.0499677}
2026-04-16T23:45:39.504+0800	INFO	logger/logger.go:93	/api/v1/login	{"status": 200, "method": "POST", "path": "/api/v1/login", "query": "", "ip": "::1", "user-agent": "Apifox/1.0.0 (https://apifox.com)", "errors": "", "cost": 0.0030656}
2026-04-16T23:45:52.726+0800	ERROR	controller/post.go:30	request.GetCurrentUser(c)：	{"error": "用户未登录"}
2026-04-16T23:45:52.726+0800	INFO	logger/logger.go:93	/api/v1/post	{"status": 200, "method": "POST", "path": "/api/v1/post", "query": "", "ip": "::1", "user-agent": "Apifox/1.0.0 (https://apifox.com)", "errors": "", "cost": 0.0100466}
2026-04-16T23:48:13.009+0800	INFO	controller/init.go:26	===============================================
2026-04-16T23:48:13.024+0800	INFO	controller/init.go:27	logger init success...
2026-04-16T23:48:13.166+0800	INFO	controller/init.go:36	mysql init success...
2026-04-16T23:48:13.169+0800	INFO	controller/init.go:44	redis init success...
2026-04-16T23:48:13.170+0800	INFO	controller/init.go:51	snowflake init success...
2026-04-16T23:48:13.172+0800	INFO	controller/init.go:58	trans init success...
2026-04-16T23:48:18.424+0800	INFO	logger/logger.go:93	/api/v1/login	{"status": 200, "method": "POST", "path": "/api/v1/login", "query": "", "ip": "::1", "user-agent": "Apifox/1.0.0 (https://apifox.com)", "errors": "", "cost": 0.0039727}
2026-04-16T23:51:52.745+0800	INFO	controller/init.go:26	===============================================
2026-04-16T23:51:52.761+0800	INFO	controller/init.go:27	logger init success...
2026-04-16T23:51:52.904+0800	INFO	controller/init.go:36	mysql init success...
2026-04-16T23:51:52.907+0800	INFO	controller/init.go:44	redis init success...
2026-04-16T23:51:52.907+0800	INFO	controller/init.go:51	snowflake init success...
2026-04-16T23:51:52.911+0800	INFO	controller/init.go:58	trans init success...
2026-04-16T23:52:51.203+0800	INFO	controller/init.go:26	===============================================
2026-04-16T23:52:51.216+0800	INFO	controller/init.go:27	logger init success...
2026-04-16T23:52:51.351+0800	INFO	controller/init.go:36	mysql init success...
2026-04-16T23:52:51.352+0800	INFO	controller/init.go:44	redis init success...
2026-04-16T23:52:51.353+0800	INFO	controller/init.go:51	snowflake init success...
2026-04-16T23:52:51.354+0800	INFO	controller/init.go:58	trans init success...
2026-04-16T23:54:02.368+0800	INFO	logger/logger.go:93	/api/v1/login	{"status": 200, "method": "POST", "path": "/api/v1/login", "query": "", "ip": "::1", "user-agent": "Apifox/1.0.0 (https://apifox.com)", "errors": "", "cost": 0.003461}
2026-04-16T23:54:11.928+0800	INFO	logger/logger.go:93	/api/v1/ping	{"status": 200, "method": "GET", "path": "/api/v1/ping", "query": "", "ip": "::1", "user-agent": "Apifox/1.0.0 (https://apifox.com)", "errors": "", "cost": 0.0013374}
2026-04-16T23:54:15.457+0800	INFO	logger/logger.go:93	/api/v1/post	{"status": 200, "method": "POST", "path": "/api/v1/post", "query": "", "ip": "::1", "user-agent": "Apifox/1.0.0 (https://apifox.com)", "errors": "", "cost": 0.0006891}
2026-04-16T23:54:18.614+0800	ERROR	controller/post.go:30	request.GetCurrentUser(c)：	{"error": "用户未登录"}
2026-04-16T23:54:18.614+0800	INFO	logger/logger.go:93	/api/v1/post	{"status": 200, "method": "POST", "path": "/api/v1/post", "query": "", "ip": "::1", "user-agent": "Apifox/1.0.0 (https://apifox.com)", "errors": "", "cost": 0.021471}
2026-04-16T23:54:49.364+0800	INFO	controller/init.go:26	===============================================
2026-04-16T23:54:49.389+0800	INFO	controller/init.go:27	logger init success...
2026-04-16T23:54:49.543+0800	INFO	controller/init.go:36	mysql init success...
2026-04-16T23:54:49.545+0800	INFO	controller/init.go:44	redis init success...
2026-04-16T23:54:49.546+0800	INFO	controller/init.go:51	snowflake init success...
2026-04-16T23:54:49.548+0800	INFO	controller/init.go:58	trans init success...
2026-04-16T23:56:19.493+0800	INFO	logger/logger.go:93	/api/v1/ping	{"status": 200, "method": "GET", "path": "/api/v1/ping", "query": "", "ip": "::1", "user-agent": "Apifox/1.0.0 (https://apifox.com)", "errors": "", "cost": 0.0021783}
2026-04-16T23:56:20.863+0800	INFO	logger/logger.go:93	/api/v1/ping	{"status": 200, "method": "GET", "path": "/api/v1/ping", "query": "", "ip": "::1", "user-agent": "Apifox/1.0.0 (https://apifox.com)", "errors": "", "cost": 0.0009997}
2026-04-16T23:56:46.655+0800	INFO	controller/init.go:26	===============================================
2026-04-16T23:56:46.667+0800	INFO	controller/init.go:27	logger init success...
2026-04-16T23:56:46.781+0800	INFO	controller/init.go:36	mysql init success...
2026-04-16T23:56:46.783+0800	INFO	controller/init.go:44	redis init success...
2026-04-16T23:56:46.783+0800	INFO	controller/init.go:51	snowflake init success...
2026-04-16T23:56:46.783+0800	INFO	controller/init.go:58	trans init success...
2026-04-16T23:56:47.860+0800	ERROR	middlerware/auth.go:45	48994289488760832 true
2026-04-16T23:56:47.860+0800	ERROR	middlerware/auth.go:45	48994289488760832 true
2026-04-16T23:56:47.861+0800	INFO	logger/logger.go:93	/api/v1/ping	{"status": 200, "method": "GET", "path": "/api/v1/ping", "query": "", "ip": "::1", "user-agent": "Apifox/1.0.0 (https://apifox.com)", "errors": "", "cost": 0.0017729}
2026-04-16T23:57:35.692+0800	ERROR	middlerware/auth.go:45	48994289488760832 true
2026-04-16T23:57:35.711+0800	ERROR	controller/post.go:30	request.GetCurrentUser(c)：	{"error": "用户未登录"}
2026-04-16T23:57:35.712+0800	INFO	logger/logger.go:93	/api/v1/post	{"status": 200, "method": "POST", "path": "/api/v1/post", "query": "", "ip": "::1", "user-agent": "Apifox/1.0.0 (https://apifox.com)", "errors": "", "cost": 0.0201283}
2026-04-16T23:57:40.110+0800	ERROR	middlerware/auth.go:45	48994289488760832 true
2026-04-16T23:57:40.128+0800	ERROR	controller/post.go:30	request.GetCurrentUser(c)：	{"error": "用户未登录"}
2026-04-16T23:57:40.128+0800	INFO	logger/logger.go:93	/api/v1/post	{"status": 200, "method": "POST", "path": "/api/v1/post", "query": "", "ip": "::1", "user-agent": "Apifox/1.0.0 (https://apifox.com)", "errors": "", "cost": 0.0181361}
2026-04-16T23:57:49.908+0800	ERROR	middlerware/auth.go:45	48994289488760832 true
2026-04-16T23:57:49.948+0800	ERROR	controller/post.go:30	request.GetCurrentUser(c)：	{"error": "用户未登录"}
2026-04-16T23:57:49.949+0800	INFO	logger/logger.go:93	/api/v1/post	{"status": 200, "method": "POST", "path": "/api/v1/post", "query": "", "ip": "::1", "user-agent": "Apifox/1.0.0 (https://apifox.com)", "errors": "", "cost": 0.063518}
2026-04-17T00:00:29.483+0800	INFO	controller/init.go:26	===============================================
2026-04-17T00:00:29.493+0800	INFO	controller/init.go:27	logger init success...
2026-04-17T00:00:29.632+0800	INFO	controller/init.go:36	mysql init success...
2026-04-17T00:00:29.634+0800	INFO	controller/init.go:44	redis init success...
2026-04-17T00:00:29.634+0800	INFO	controller/init.go:51	snowflake init success...
2026-04-17T00:00:29.634+0800	INFO	controller/init.go:58	trans init success...
2026-04-17T00:01:14.809+0800	INFO	controller/init.go:26	===============================================
2026-04-17T00:01:14.819+0800	INFO	controller/init.go:27	logger init success...
2026-04-17T00:01:14.930+0800	INFO	controller/init.go:36	mysql init success...
2026-04-17T00:01:14.932+0800	INFO	controller/init.go:44	redis init success...
2026-04-17T00:01:14.932+0800	INFO	controller/init.go:51	snowflake init success...
2026-04-17T00:01:14.933+0800	INFO	controller/init.go:58	trans init success...
2026-04-17T00:01:44.326+0800	INFO	controller/init.go:26	===============================================
2026-04-17T00:01:44.340+0800	INFO	controller/init.go:27	logger init success...
2026-04-17T00:01:44.450+0800	INFO	controller/init.go:36	mysql init success...
2026-04-17T00:01:44.452+0800	INFO	controller/init.go:44	redis init success...
2026-04-17T00:01:44.452+0800	INFO	controller/init.go:51	snowflake init success...
2026-04-17T00:01:44.452+0800	INFO	controller/init.go:58	trans init success...
2026-04-17T00:01:53.307+0800	INFO	controller/init.go:26	===============================================
2026-04-17T00:01:53.317+0800	INFO	controller/init.go:27	logger init success...
2026-04-17T00:01:53.441+0800	INFO	controller/init.go:36	mysql init success...
2026-04-17T00:01:53.443+0800	INFO	controller/init.go:44	redis init success...
2026-04-17T00:01:53.443+0800	INFO	controller/init.go:51	snowflake init success...
2026-04-17T00:01:53.444+0800	INFO	controller/init.go:58	trans init success...
2026-04-17T00:01:56.726+0800	ERROR	middlerware/auth.go:45	48994289488760832 true
2026-04-17T00:01:56.731+0800	ERROR	request/request.go:23	uid.(int64) failed：0
2026-04-17T00:01:56.736+0800	ERROR	controller/post.go:30	request.GetCurrentUser(c)：	{"error": "用户未登录"}
2026-04-17T00:01:56.737+0800	INFO	logger/logger.go:93	/api/v1/post	{"status": 200, "method": "POST", "path": "/api/v1/post", "query": "", "ip": "::1", "user-agent": "Apifox/1.0.0 (https://apifox.com)", "errors": "", "cost": 0.0117393}
2026-04-17T00:04:59.229+0800	INFO	controller/init.go:26	===============================================
2026-04-17T00:04:59.243+0800	INFO	controller/init.go:27	logger init success...
2026-04-17T00:04:59.391+0800	INFO	controller/init.go:36	mysql init success...
2026-04-17T00:04:59.392+0800	INFO	controller/init.go:44	redis init success...
2026-04-17T00:04:59.393+0800	INFO	controller/init.go:51	snowflake init success...
2026-04-17T00:04:59.393+0800	INFO	controller/init.go:58	trans init success...
2026-04-17T00:05:35.604+0800	INFO	controller/init.go:26	===============================================
2026-04-17T00:05:35.620+0800	INFO	controller/init.go:27	logger init success...
2026-04-17T00:05:35.746+0800	INFO	controller/init.go:36	mysql init success...
2026-04-17T00:05:35.748+0800	INFO	controller/init.go:44	redis init success...
2026-04-17T00:05:35.749+0800	INFO	controller/init.go:51	snowflake init success...
2026-04-17T00:05:35.749+0800	INFO	controller/init.go:58	trans init success...
2026-04-17T00:07:41.137+0800	INFO	controller/init.go:26	===============================================
2026-04-17T00:07:41.147+0800	INFO	controller/init.go:27	logger init success...
2026-04-17T00:07:41.271+0800	INFO	controller/init.go:36	mysql init success...
2026-04-17T00:07:41.272+0800	INFO	controller/init.go:44	redis init success...
2026-04-17T00:07:41.273+0800	INFO	controller/init.go:51	snowflake init success...
2026-04-17T00:07:41.273+0800	INFO	controller/init.go:58	trans init success...
2026-04-17T00:07:46.780+0800	ERROR	middlerware/auth.go:45	48994289488760832 true
2026-04-17T00:07:46.799+0800	ERROR	request/request.go:23	uid.(int64) failed：0
2026-04-17T00:07:46.799+0800	ERROR	controller/post.go:30	request.GetCurrentUser(c)：	{"error": "用户未登录"}
2026-04-17T00:07:46.800+0800	INFO	logger/logger.go:93	/api/v1/post	{"status": 200, "method": "POST", "path": "/api/v1/post", "query": "", "ip": "::1", "user-agent": "Apifox/1.0.0 (https://apifox.com)", "errors": "", "cost": 0.0204208}
2026-04-17T00:08:19.418+0800	INFO	controller/init.go:26	===============================================
2026-04-17T00:08:19.431+0800	INFO	controller/init.go:27	logger init success...
2026-04-17T00:08:19.581+0800	INFO	controller/init.go:36	mysql init success...
2026-04-17T00:08:19.583+0800	INFO	controller/init.go:44	redis init success...
2026-04-17T00:08:19.583+0800	INFO	controller/init.go:51	snowflake init success...
2026-04-17T00:08:19.585+0800	INFO	controller/init.go:58	trans init success...
2026-04-17T00:08:21.811+0800	ERROR	middlerware/auth.go:45	48994289488760832 true
2026-04-17T00:08:21.819+0800	ERROR	request/request.go:23	uid.(int64) failed：0
2026-04-17T00:08:21.819+0800	ERROR	controller/post.go:30	request.GetCurrentUser(c)：	{"error": "用户未登录"}
2026-04-17T00:08:21.819+0800	INFO	logger/logger.go:93	/api/v1/post	{"status": 200, "method": "POST", "path": "/api/v1/post", "query": "", "ip": "::1", "user-agent": "Apifox/1.0.0 (https://apifox.com)", "errors": "", "cost": 0.0082921}
2026-04-17T00:09:21.650+0800	INFO	controller/init.go:26	===============================================
2026-04-17T00:09:21.660+0800	INFO	controller/init.go:27	logger init success...
2026-04-17T00:09:21.775+0800	INFO	controller/init.go:36	mysql init success...
2026-04-17T00:09:21.777+0800	INFO	controller/init.go:44	redis init success...
2026-04-17T00:09:21.777+0800	INFO	controller/init.go:51	snowflake init success...
2026-04-17T00:09:21.778+0800	INFO	controller/init.go:58	trans init success...
2026-04-17T00:09:23.709+0800	ERROR	middlerware/auth.go:45	48994289488760832 true
2026-04-17T00:09:23.727+0800	ERROR	request/request.go:23	uid.(int64) failed：0
2026-04-17T00:09:23.730+0800	ERROR	controller/post.go:30	request.GetCurrentUser(c)：	{"error": "用户未登录"}
2026-04-17T00:09:23.731+0800	INFO	logger/logger.go:93	/api/v1/post	{"status": 200, "method": "POST", "path": "/api/v1/post", "query": "", "ip": "::1", "user-agent": "Apifox/1.0.0 (https://apifox.com)", "errors": "", "cost": 0.0270171}
2026-04-17T00:09:36.330+0800	INFO	controller/init.go:26	===============================================
2026-04-17T00:09:36.340+0800	INFO	controller/init.go:27	logger init success...
2026-04-17T00:09:36.479+0800	INFO	controller/init.go:36	mysql init success...
2026-04-17T00:09:36.481+0800	INFO	controller/init.go:44	redis init success...
2026-04-17T00:09:36.481+0800	INFO	controller/init.go:51	snowflake init success...
2026-04-17T00:09:36.482+0800	INFO	controller/init.go:58	trans init success...
2026-04-17T00:09:38.742+0800	ERROR	middlerware/auth.go:45	48994289488760832 true
2026-04-17T00:09:38.753+0800	ERROR	request/request.go:23	uid.(int64) failed：0
2026-04-17T00:09:38.753+0800	ERROR	controller/post.go:30	request.GetCurrentUser(c)：	{"error": "用户未登录"}
2026-04-17T00:09:38.754+0800	INFO	logger/logger.go:93	/api/v1/post	{"status": 200, "method": "POST", "path": "/api/v1/post", "query": "", "ip": "::1", "user-agent": "Apifox/1.0.0 (https://apifox.com)", "errors": "", "cost": 0.0130025}
2026-04-17T08:40:09.942+0800	INFO	controller/init.go:26	===============================================
2026-04-17T08:40:09.953+0800	INFO	controller/init.go:27	logger init success...
2026-04-17T08:40:10.151+0800	INFO	controller/init.go:36	mysql init success...
2026-04-17T08:40:10.153+0800	ERROR	controller/init.go:40	init redis failed, err: 	{"error": "dial tcp 127.0.0.1:6379: connectex: No connection could be made because the target machine actively refused it."}
2026-04-17T08:41:02.220+0800	ERROR	controller/user.go:69	server.Login failed	{"error": "生成token失败：redis存储token失败: dial tcp 127.0.0.1:6379: connectex: No connection could be made because the target machine actively refused it."}
2026-04-17T08:41:02.221+0800	INFO	logger/logger.go:93	/api/v1/login	{"status": 200, "method": "POST", "path": "/api/v1/login", "query": "", "ip": "::1", "user-agent": "Apifox/1.0.0 (https://apifox.com)", "errors": "", "cost": 0.0078697}
2026-04-17T08:41:21.141+0800	INFO	backend/main.go:43	Shutdown server ...
2026-04-17T08:41:21.141+0800	INFO	backend/main.go:49	Server exiting
2026-04-17T08:41:23.630+0800	INFO	controller/init.go:26	===============================================
2026-04-17T08:41:23.640+0800	INFO	controller/init.go:27	logger init success...
2026-04-17T08:41:23.725+0800	INFO	controller/init.go:36	mysql init success...
2026-04-17T08:41:23.726+0800	INFO	controller/init.go:44	redis init success...
2026-04-17T08:41:23.727+0800	INFO	controller/init.go:51	snowflake init success...
2026-04-17T08:41:23.727+0800	INFO	controller/init.go:58	trans init success...
2026-04-17T08:41:30.542+0800	INFO	logger/logger.go:93	/api/v1/login	{"status": 200, "method": "POST", "path": "/api/v1/login", "query": "", "ip": "::1", "user-agent": "Apifox/1.0.0 (https://apifox.com)", "errors": "", "cost": 0.0032801}
2026-04-17T08:41:40.918+0800	ERROR	middlerware/auth.go:45	48994289488760832 true
2026-04-17T08:41:40.919+0800	ERROR	middlerware/auth.go:45	48994289488760832 true
2026-04-17T08:41:40.920+0800	INFO	logger/logger.go:93	/api/v1/ping	{"status": 200, "method": "GET", "path": "/api/v1/ping", "query": "", "ip": "::1", "user-agent": "Apifox/1.0.0 (https://apifox.com)", "errors": "", "cost": 0.0018542}
2026-04-17T08:42:21.184+0800	INFO	logger/logger.go:93	/api/v1/post	{"status": 200, "method": "POST", "path": "/api/v1/post", "query": "", "ip": "::1", "user-agent": "Apifox/1.0.0 (https://apifox.com)", "errors": "", "cost": 0}
2026-04-17T08:42:30.044+0800	ERROR	middlerware/auth.go:45	48994289488760832 true
2026-04-17T08:42:30.063+0800	ERROR	request/request.go:23	uid.(int64) failed：0
2026-04-17T08:42:30.065+0800	ERROR	controller/post.go:30	request.GetCurrentUser(c)：	{"error": "用户未登录"}
2026-04-17T08:42:30.065+0800	INFO	logger/logger.go:93	/api/v1/post	{"status": 200, "method": "POST", "path": "/api/v1/post", "query": "", "ip": "::1", "user-agent": "Apifox/1.0.0 (https://apifox.com)", "errors": "", "cost": 0.0215782}
2026-04-17T08:43:50.009+0800	INFO	controller/init.go:26	===============================================
2026-04-17T08:43:50.019+0800	INFO	controller/init.go:27	logger init success...
2026-04-17T08:43:50.174+0800	INFO	controller/init.go:36	mysql init success...
2026-04-17T08:43:50.176+0800	INFO	controller/init.go:44	redis init success...
2026-04-17T08:43:50.176+0800	INFO	controller/init.go:51	snowflake init success...
2026-04-17T08:43:50.178+0800	INFO	controller/init.go:58	trans init success...
2026-04-17T08:43:58.116+0800	INFO	controller/init.go:26	===============================================
2026-04-17T08:43:58.127+0800	INFO	controller/init.go:27	logger init success...
2026-04-17T08:43:58.256+0800	INFO	controller/init.go:36	mysql init success...
2026-04-17T08:43:58.258+0800	INFO	controller/init.go:44	redis init success...
2026-04-17T08:43:58.258+0800	INFO	controller/init.go:51	snowflake init success...
2026-04-17T08:43:58.258+0800	INFO	controller/init.go:58	trans init success...
2026-04-17T08:44:27.303+0800	INFO	controller/init.go:26	===============================================
2026-04-17T08:44:27.313+0800	INFO	controller/init.go:27	logger init success...
2026-04-17T08:44:27.439+0800	INFO	controller/init.go:36	mysql init success...
2026-04-17T08:44:27.440+0800	INFO	controller/init.go:44	redis init success...
2026-04-17T08:44:27.441+0800	INFO	controller/init.go:51	snowflake init success...
2026-04-17T08:44:27.442+0800	INFO	controller/init.go:58	trans init success...
2026-04-17T08:44:46.081+0800	INFO	controller/init.go:26	===============================================
2026-04-17T08:44:46.090+0800	INFO	controller/init.go:27	logger init success...
2026-04-17T08:44:46.215+0800	INFO	controller/init.go:36	mysql init success...
2026-04-17T08:44:46.217+0800	INFO	controller/init.go:44	redis init success...
2026-04-17T08:44:46.217+0800	INFO	controller/init.go:51	snowflake init success...
2026-04-17T08:44:46.218+0800	INFO	controller/init.go:58	trans init success...
2026-04-17T08:44:50.710+0800	ERROR	middlerware/auth.go:45	48994289488760832 true
2026-04-17T08:44:50.731+0800	ERROR	request/request.go:23	uid.(int64) failed：0
2026-04-17T08:44:50.731+0800	ERROR	controller/post.go:30	request.GetCurrentUser(c)：	{"error": "用户未登录"}
2026-04-17T08:44:50.731+0800	INFO	logger/logger.go:93	/api/v1/post	{"status": 200, "method": "POST", "path": "/api/v1/post", "query": "", "ip": "::1", "user-agent": "Apifox/1.0.0 (https://apifox.com)", "errors": "", "cost": 0.0216854}
2026-04-17T08:45:50.330+0800	ERROR	middlerware/auth.go:45	48994289488760832 true
2026-04-17T08:45:50.348+0800	ERROR	request/request.go:23	uid.(int64) failed：0
2026-04-17T08:45:50.350+0800	ERROR	controller/post.go:30	request.GetCurrentUser(c)：	{"error": "用户未登录"}
2026-04-17T08:45:50.350+0800	INFO	logger/logger.go:93	/api/v1/post	{"status": 200, "method": "POST", "path": "/api/v1/post", "query": "", "ip": "::1", "user-agent": "Apifox/1.0.0 (https://apifox.com)", "errors": "", "cost": 0.0200934}
2026-04-17T08:46:52.939+0800	INFO	controller/init.go:26	===============================================
2026-04-17T08:46:52.951+0800	INFO	controller/init.go:27	logger init success...
2026-04-17T08:46:53.073+0800	INFO	controller/init.go:36	mysql init success...
2026-04-17T08:46:53.075+0800	INFO	controller/init.go:44	redis init success...
2026-04-17T08:46:53.075+0800	INFO	controller/init.go:51	snowflake init success...
2026-04-17T08:46:53.077+0800	INFO	controller/init.go:58	trans init success...
2026-04-17T08:47:00.126+0800	ERROR	middlerware/auth.go:45	48994289488760832 true
2026-04-17T08:47:00.147+0800	ERROR	request/request.go:23	uid.(int64) failed：0
2026-04-17T08:47:00.147+0800	ERROR	controller/post.go:30	request.GetCurrentUser(c)：	{"error": "用户未登录"}
2026-04-17T08:47:00.148+0800	INFO	logger/logger.go:93	/api/v1/post	{"status": 200, "method": "POST", "path": "/api/v1/post", "query": "", "ip": "::1", "user-agent": "Apifox/1.0.0 (https://apifox.com)", "errors": "", "cost": 0.0228214}
2026-04-17T08:48:17.224+0800	INFO	backend/main.go:43	Shutdown server ...
2026-04-17T08:48:17.225+0800	INFO	backend/main.go:49	Server exiting
2026-04-17T08:49:11.477+0800	INFO	controller/init.go:26	===============================================
2026-04-17T08:49:11.487+0800	INFO	controller/init.go:27	logger init success...
2026-04-17T08:49:11.595+0800	INFO	controller/init.go:36	mysql init success...
2026-04-17T08:49:11.596+0800	INFO	controller/init.go:44	redis init success...
2026-04-17T08:49:11.596+0800	INFO	controller/init.go:51	snowflake init success...
2026-04-17T08:49:11.597+0800	INFO	controller/init.go:58	trans init success...
2026-04-17T08:50:22.948+0800	ERROR	middlerware/auth.go:45	48994289488760832 true
2026-04-17T08:50:22.971+0800	ERROR	request/request.go:15	c.get uid :	{"uid": 48994289488760832}
2026-04-17T08:50:22.972+0800	INFO	logger/logger.go:93	/api/v1/post	{"status": 200, "method": "POST", "path": "/api/v1/post", "query": "", "ip": "::1", "user-agent": "Apifox/1.0.0 (https://apifox.com)", "errors": "", "cost": 0.0253072}
2026-04-17T08:51:33.763+0800	INFO	backend/main.go:43	Shutdown server ...
2026-04-17T08:51:33.764+0800	INFO	backend/main.go:49	Server exiting
2026-04-17T08:51:38.250+0800	INFO	controller/init.go:26	===============================================
2026-04-17T08:51:38.268+0800	INFO	controller/init.go:27	logger init success...
2026-04-17T08:51:38.378+0800	INFO	controller/init.go:36	mysql init success...
2026-04-17T08:51:38.379+0800	INFO	controller/init.go:44	redis init success...
2026-04-17T08:51:38.380+0800	INFO	controller/init.go:51	snowflake init success...
2026-04-17T08:51:38.381+0800	INFO	controller/init.go:58	trans init success...
2026-04-17T08:51:41.488+0800	ERROR	middlerware/auth.go:45	48994289488760832 true
2026-04-17T08:51:41.509+0800	INFO	logger/logger.go:93	/api/v1/post	{"status": 200, "method": "POST", "path": "/api/v1/post", "query": "", "ip": "::1", "user-agent": "Apifox/1.0.0 (https://apifox.com)", "errors": "", "cost": 0.0237185}
2026-04-17T08:52:27.780+0800	INFO	controller/init.go:26	===============================================
2026-04-17T08:52:27.791+0800	INFO	controller/init.go:27	logger init success...
2026-04-17T08:52:27.928+0800	INFO	controller/init.go:36	mysql init success...
2026-04-17T08:52:27.929+0800	INFO	controller/init.go:44	redis init success...
2026-04-17T08:52:27.930+0800	INFO	controller/init.go:51	snowflake init success...
2026-04-17T08:52:27.931+0800	INFO	controller/init.go:58	trans init success...
2026-04-17T08:52:36.304+0800	ERROR	middlerware/auth.go:45	48994289488760832 true
2026-04-17T08:52:36.314+0800	INFO	logger/logger.go:93	/api/v1/post	{"status": 200, "method": "POST", "path": "/api/v1/post", "query": "", "ip": "::1", "user-agent": "Apifox/1.0.0 (https://apifox.com)", "errors": "", "cost": 0.0104598}
2026-04-17T08:54:59.185+0800	INFO	controller/init.go:26	===============================================
2026-04-17T08:54:59.194+0800	INFO	controller/init.go:27	logger init success...
2026-04-17T08:54:59.292+0800	INFO	controller/init.go:36	mysql init success...
2026-04-17T08:54:59.295+0800	INFO	controller/init.go:44	redis init success...
2026-04-17T08:54:59.296+0800	INFO	controller/init.go:51	snowflake init success...
2026-04-17T08:54:59.296+0800	INFO	controller/init.go:58	trans init success...
2026-04-17T08:55:07.130+0800	ERROR	middlerware/auth.go:45	48994289488760832 true
2026-04-17T08:55:07.150+0800	ERROR	controller/post.go:29	userID:	{"userID": 48994289488760832}
2026-04-17T08:55:07.151+0800	INFO	logger/logger.go:93	/api/v1/post	{"status": 200, "method": "POST", "path": "/api/v1/post", "query": "", "ip": "::1", "user-agent": "Apifox/1.0.0 (https://apifox.com)", "errors": "", "cost": 0.0215241}
2026-04-17T08:56:19.496+0800	INFO	controller/init.go:26	===============================================
2026-04-17T08:56:19.511+0800	INFO	controller/init.go:27	logger init success...
2026-04-17T08:56:19.653+0800	INFO	controller/init.go:36	mysql init success...
2026-04-17T08:56:19.654+0800	INFO	controller/init.go:44	redis init success...
2026-04-17T08:56:19.655+0800	INFO	controller/init.go:51	snowflake init success...
2026-04-17T08:56:19.655+0800	INFO	controller/init.go:58	trans init success...
2026-04-17T08:56:24.843+0800	ERROR	middlerware/auth.go:45	48994289488760832 true
2026-04-17T08:56:24.864+0800	ERROR	controller/post.go:29	userID:	{"userID": 48994289488760832}
2026-04-17T08:56:24.864+0800	ERROR	controller/post.go:36	authorID:	{"authorID": 48994289488760832}
2026-04-17T08:56:24.864+0800	INFO	logger/logger.go:93	/api/v1/post	{"status": 200, "method": "POST", "path": "/api/v1/post", "query": "", "ip": "::1", "user-agent": "Apifox/1.0.0 (https://apifox.com)", "errors": "", "cost": 0.0260088}
2026-04-17T08:56:56.185+0800	INFO	controller/init.go:26	===============================================
2026-04-17T08:56:56.199+0800	INFO	controller/init.go:27	logger init success...
2026-04-17T08:56:56.322+0800	INFO	controller/init.go:36	mysql init success...
2026-04-17T08:56:56.324+0800	INFO	controller/init.go:44	redis init success...
2026-04-17T08:56:56.325+0800	INFO	controller/init.go:51	snowflake init success...
2026-04-17T08:56:56.325+0800	INFO	controller/init.go:58	trans init success...
2026-04-17T08:58:31.832+0800	INFO	controller/init.go:26	===============================================
2026-04-17T08:58:31.847+0800	INFO	controller/init.go:27	logger init success...
2026-04-17T08:58:31.966+0800	INFO	controller/init.go:36	mysql init success...
2026-04-17T08:58:31.968+0800	INFO	controller/init.go:44	redis init success...
2026-04-17T08:58:31.968+0800	INFO	controller/init.go:51	snowflake init success...
2026-04-17T08:58:31.970+0800	INFO	controller/init.go:58	trans init success...
2026-04-17T08:58:35.211+0800	ERROR	middlerware/auth.go:45	48994289488760832 true
2026-04-17T08:58:35.212+0800	ERROR	server/post.go:14	post:	{"post": {"id":0,"post_id":49661881454956544,"author_id":0,"community_id":0,"Status":0,"title":"shuai","content":"吴彦祖","create_at":"0001-01-01T00:00:00Z","update_at":"0001-01-01T00:00:00Z","delete_at":null}}
2026-04-17T08:58:35.222+0800	INFO	logger/logger.go:93	/api/v1/post	{"status": 200, "method": "POST", "path": "/api/v1/post", "query": "", "ip": "::1", "user-agent": "Apifox/1.0.0 (https://apifox.com)", "errors": "", "cost": 0.0119767}
2026-04-17T08:59:12.425+0800	INFO	controller/init.go:26	===============================================
2026-04-17T08:59:12.437+0800	INFO	controller/init.go:27	logger init success...
2026-04-17T08:59:12.554+0800	INFO	controller/init.go:36	mysql init success...
2026-04-17T08:59:12.555+0800	INFO	controller/init.go:44	redis init success...
2026-04-17T08:59:12.556+0800	INFO	controller/init.go:51	snowflake init success...
2026-04-17T08:59:12.556+0800	INFO	controller/init.go:58	trans init success...
2026-04-17T08:59:36.029+0800	INFO	controller/init.go:26	===============================================
2026-04-17T08:59:36.041+0800	INFO	controller/init.go:27	logger init success...
2026-04-17T08:59:36.182+0800	INFO	controller/init.go:36	mysql init success...
2026-04-17T08:59:36.185+0800	INFO	controller/init.go:44	redis init success...
2026-04-17T08:59:36.185+0800	INFO	controller/init.go:51	snowflake init success...
2026-04-17T08:59:36.185+0800	INFO	controller/init.go:58	trans init success...
2026-04-17T08:59:51.629+0800	INFO	controller/init.go:26	===============================================
2026-04-17T08:59:51.644+0800	INFO	controller/init.go:27	logger init success...
2026-04-17T08:59:51.777+0800	INFO	controller/init.go:36	mysql init success...
2026-04-17T08:59:51.779+0800	INFO	controller/init.go:44	redis init success...
2026-04-17T08:59:51.779+0800	INFO	controller/init.go:51	snowflake init success...
2026-04-17T08:59:51.779+0800	INFO	controller/init.go:58	trans init success...
2026-04-17T08:59:54.479+0800	ERROR	middlerware/auth.go:45	48994289488760832 true
2026-04-17T08:59:54.481+0800	ERROR	server/post.go:14	post:	{"post": {"id":0,"post_id":49662213933240320,"author_id":0,"community_id":0,"Status":0,"title":"shuai","content":"吴彦祖","create_at":"0001-01-01T00:00:00Z","update_at":"0001-01-01T00:00:00Z","delete_at":null}}
2026-04-17T08:59:54.501+0800	INFO	logger/logger.go:93	/api/v1/post	{"status": 200, "method": "POST", "path": "/api/v1/post", "query": "", "ip": "::1", "user-agent": "Apifox/1.0.0 (https://apifox.com)", "errors": "", "cost": 0.0404241}
2026-04-17T09:01:55.160+0800	INFO	controller/init.go:26	===============================================
2026-04-17T09:01:55.173+0800	INFO	controller/init.go:27	logger init success...
2026-04-17T09:01:55.302+0800	INFO	controller/init.go:36	mysql init success...
2026-04-17T09:01:55.304+0800	INFO	controller/init.go:44	redis init success...
2026-04-17T09:01:55.304+0800	INFO	controller/init.go:51	snowflake init success...
2026-04-17T09:01:55.305+0800	INFO	controller/init.go:58	trans init success...
2026-04-17T09:01:59.639+0800	INFO	controller/init.go:26	===============================================
2026-04-17T09:01:59.654+0800	INFO	controller/init.go:27	logger init success...
2026-04-17T09:01:59.794+0800	INFO	controller/init.go:36	mysql init success...
2026-04-17T09:01:59.797+0800	INFO	controller/init.go:44	redis init success...
2026-04-17T09:01:59.797+0800	INFO	controller/init.go:51	snowflake init success...
2026-04-17T09:01:59.798+0800	INFO	controller/init.go:58	trans init success...
2026-04-17T09:02:02.764+0800	ERROR	middlerware/auth.go:45	48994289488760832 true
2026-04-17T09:02:02.764+0800	ERROR	server/post.go:14	post:	{"post": {"id":0,"post_id":49662751991140352,"author_id":48994289488760832,"community_id":0,"Status":0,"title":"shuai","content":"吴彦祖","create_at":"0001-01-01T00:00:00Z","update_at":"0001-01-01T00:00:00Z","delete_at":null}}
2026-04-17T09:02:02.777+0800	INFO	logger/logger.go:93	/api/v1/post	{"status": 200, "method": "POST", "path": "/api/v1/post", "query": "", "ip": "::1", "user-agent": "Apifox/1.0.0 (https://apifox.com)", "errors": "", "cost": 0.0102558}
2026-04-17T09:02:20.905+0800	ERROR	middlerware/auth.go:45	48994289488760832 true
2026-04-17T09:02:20.905+0800	ERROR	server/post.go:14	post:	{"post": {"id":0,"post_id":49662828080009216,"author_id":48994289488760832,"community_id":0,"Status":0,"title":"shuai","content":"吴彦祖","create_at":"0001-01-01T00:00:00Z","update_at":"0001-01-01T00:00:00Z","delete_at":null}}
2026-04-17T09:02:20.908+0800	ERROR	controller/post.go:31	server.CreatePost(p) failed：	{"error": "Error 1146 (42S02): Table 'bluebell.posts' doesn't exist"}
2026-04-17T09:02:20.908+0800	INFO	logger/logger.go:93	/api/v1/post	{"status": 200, "method": "POST", "path": "/api/v1/post", "query": "", "ip": "::1", "user-agent": "Apifox/1.0.0 (https://apifox.com)", "errors": "", "cost": 0.0241819}
2026-04-17T09:02:34.141+0800	INFO	controller/init.go:26	===============================================
2026-04-17T09:02:34.152+0800	INFO	controller/init.go:27	logger init success...
2026-04-17T09:02:34.337+0800	INFO	controller/init.go:36	mysql init success...
2026-04-17T09:02:34.341+0800	INFO	controller/init.go:44	redis init success...
2026-04-17T09:02:34.341+0800	INFO	controller/init.go:51	snowflake init success...
2026-04-17T09:02:34.343+0800	INFO	controller/init.go:58	trans init success...
2026-04-17T09:02:37.400+0800	ERROR	middlerware/auth.go:45	48994289488760832 true
2026-04-17T09:02:37.400+0800	ERROR	server/post.go:14	post:	{"post": {"id":0,"post_id":49662897265053696,"author_id":48994289488760832,"community_id":0,"Status":0,"title":"shuai","content":"吴彦祖","create_at":"0001-01-01T00:00:00Z","update_at":"0001-01-01T00:00:00Z","delete_at":null}}
2026-04-17T09:02:37.421+0800	INFO	logger/logger.go:93	/api/v1/post	{"status": 200, "method": "POST", "path": "/api/v1/post", "query": "", "ip": "::1", "user-agent": "Apifox/1.0.0 (https://apifox.com)", "errors": "", "cost": 0.0226686}
2026-04-17T09:03:04.319+0800	INFO	controller/init.go:26	===============================================
2026-04-17T09:03:04.333+0800	INFO	controller/init.go:27	logger init success...
2026-04-17T09:03:04.451+0800	INFO	controller/init.go:36	mysql init success...
2026-04-17T09:03:04.453+0800	INFO	controller/init.go:44	redis init success...
2026-04-17T09:03:04.454+0800	INFO	controller/init.go:51	snowflake init success...
2026-04-17T09:03:04.454+0800	INFO	controller/init.go:58	trans init success...
2026-04-17T09:03:13.410+0800	ERROR	middlerware/auth.go:45	48994289488760832 true
2026-04-17T09:03:13.432+0800	INFO	logger/logger.go:93	/api/v1/post	{"status": 200, "method": "POST", "path": "/api/v1/post", "query": "", "ip": "::1", "user-agent": "Apifox/1.0.0 (https://apifox.com)", "errors": "", "cost": 0.0236616}
2026-04-17T09:03:35.952+0800	INFO	controller/init.go:26	===============================================
2026-04-17T09:03:35.969+0800	INFO	controller/init.go:27	logger init success...
2026-04-17T09:03:36.132+0800	INFO	controller/init.go:36	mysql init success...
2026-04-17T09:03:36.134+0800	INFO	controller/init.go:44	redis init success...
2026-04-17T09:03:36.134+0800	INFO	controller/init.go:51	snowflake init success...
2026-04-17T09:03:36.134+0800	INFO	controller/init.go:58	trans init success...
2026-04-17T09:03:59.443+0800	INFO	logger/logger.go:93	/api/v1/post	{"status": 200, "method": "POST", "path": "/api/v1/post", "query": "", "ip": "::1", "user-agent": "Apifox/1.0.0 (https://apifox.com)", "errors": "", "cost": 0.0108849}
2026-04-17T09:04:20.474+0800	INFO	controller/init.go:26	===============================================
2026-04-17T09:04:20.485+0800	INFO	controller/init.go:27	logger init success...
2026-04-17T09:04:20.619+0800	INFO	controller/init.go:36	mysql init success...
2026-04-17T09:04:20.621+0800	INFO	controller/init.go:44	redis init success...
2026-04-17T09:04:20.621+0800	INFO	controller/init.go:51	snowflake init success...
2026-04-17T09:04:20.621+0800	INFO	controller/init.go:58	trans init success...
2026-04-17T09:04:21.618+0800	INFO	backend/main.go:43	Shutdown server ...
2026-04-17T09:04:21.624+0800	INFO	backend/main.go:49	Server exiting
2026-04-18T16:06:40.467+0800	INFO	controller/init.go:26	===============================================
2026-04-18T16:06:40.480+0800	INFO	controller/init.go:27	logger init success...
2026-04-18T16:06:40.553+0800	INFO	controller/init.go:36	mysql init success...
2026-04-18T16:06:40.554+0800	INFO	controller/init.go:44	redis init success...
2026-04-18T16:06:40.555+0800	INFO	controller/init.go:51	snowflake init success...
2026-04-18T16:06:40.555+0800	INFO	controller/init.go:58	trans init success...
2026-04-18T16:08:00.002+0800	INFO	logger/logger.go:93	/api/v1/login	{"status": 200, "method": "POST", "path": "/api/v1/login", "query": "", "ip": "::1", "user-agent": "Apifox/1.0.0 (https://apifox.com)", "errors": "", "cost": 0.0156312}
2026-04-18T16:08:29.521+0800	INFO	logger/logger.go:93	/api/v1/post/49663241336393728	{"status": 200, "method": "GET", "path": "/api/v1/post/49663241336393728", "query": "", "ip": "::1", "user-agent": "Apifox/1.0.0 (https://apifox.com)", "errors": "", "cost": 0.0127513}
2026-04-18T16:09:45.664+0800	INFO	controller/init.go:26	===============================================
2026-04-18T16:09:45.672+0800	INFO	controller/init.go:27	logger init success...
2026-04-18T16:09:45.753+0800	INFO	controller/init.go:36	mysql init success...
2026-04-18T16:09:45.754+0800	INFO	controller/init.go:44	redis init success...
2026-04-18T16:09:45.754+0800	INFO	controller/init.go:51	snowflake init success...
2026-04-18T16:09:45.755+0800	INFO	controller/init.go:58	trans init success...
2026-04-18T16:10:34.894+0800	INFO	controller/init.go:26	===============================================
2026-04-18T16:10:34.901+0800	INFO	controller/init.go:27	logger init success...
2026-04-18T16:10:35.008+0800	INFO	controller/init.go:36	mysql init success...
2026-04-18T16:10:35.009+0800	INFO	controller/init.go:44	redis init success...
2026-04-18T16:10:35.010+0800	INFO	controller/init.go:51	snowflake init success...
2026-04-18T16:10:35.010+0800	INFO	controller/init.go:58	trans init success...
2026-04-18T16:10:59.890+0800	INFO	controller/init.go:26	===============================================
2026-04-18T16:10:59.898+0800	INFO	controller/init.go:27	logger init success...
2026-04-18T16:10:59.980+0800	INFO	controller/init.go:36	mysql init success...
2026-04-18T16:10:59.982+0800	INFO	controller/init.go:44	redis init success...
2026-04-18T16:10:59.982+0800	INFO	controller/init.go:51	snowflake init success...
2026-04-18T16:10:59.982+0800	INFO	controller/init.go:58	trans init success...
2026-04-18T16:11:08.811+0800	INFO	controller/init.go:26	===============================================
2026-04-18T16:11:08.819+0800	INFO	controller/init.go:27	logger init success...
2026-04-18T16:11:08.915+0800	INFO	controller/init.go:36	mysql init success...
2026-04-18T16:11:08.917+0800	INFO	controller/init.go:44	redis init success...
2026-04-18T16:11:08.917+0800	INFO	controller/init.go:51	snowflake init success...
2026-04-18T16:11:08.919+0800	INFO	controller/init.go:58	trans init success...
2026-04-18T16:11:31.555+0800	INFO	controller/init.go:26	===============================================
2026-04-18T16:11:31.562+0800	INFO	controller/init.go:27	logger init success...
2026-04-18T16:11:31.610+0800	INFO	controller/init.go:36	mysql init success...
2026-04-18T16:11:31.620+0800	INFO	controller/init.go:44	redis init success...
2026-04-18T16:11:31.621+0800	INFO	controller/init.go:51	snowflake init success...
2026-04-18T16:11:31.624+0800	INFO	controller/init.go:58	trans init success...
2026-04-18T16:11:36.327+0800	INFO	logger/logger.go:93	/api/v1/post/49663241336393728	{"status": 200, "method": "GET", "path": "/api/v1/post/49663241336393728", "query": "", "ip": "::1", "user-agent": "Apifox/1.0.0 (https://apifox.com)", "errors": "", "cost": 0.0030986}
2026-04-18T16:13:02.602+0800	INFO	controller/init.go:26	===============================================
2026-04-18T16:13:02.625+0800	INFO	controller/init.go:27	logger init success...
2026-04-18T16:13:02.888+0800	INFO	controller/init.go:36	mysql init success...
2026-04-18T16:13:02.890+0800	INFO	controller/init.go:44	redis init success...
2026-04-18T16:13:02.891+0800	INFO	controller/init.go:51	snowflake init success...
2026-04-18T16:13:02.891+0800	INFO	controller/init.go:58	trans init success...
2026-04-18T16:13:42.134+0800	INFO	controller/init.go:26	===============================================
2026-04-18T16:13:42.143+0800	INFO	controller/init.go:27	logger init success...
2026-04-18T16:13:42.236+0800	INFO	controller/init.go:36	mysql init success...
2026-04-18T16:13:42.237+0800	INFO	controller/init.go:44	redis init success...
2026-04-18T16:13:42.238+0800	INFO	controller/init.go:51	snowflake init success...
2026-04-18T16:13:42.238+0800	INFO	controller/init.go:58	trans init success...
2026-04-18T16:13:57.306+0800	INFO	controller/init.go:26	===============================================
2026-04-18T16:13:57.319+0800	INFO	controller/init.go:27	logger init success...
2026-04-18T16:13:57.389+0800	INFO	controller/init.go:36	mysql init success...
2026-04-18T16:13:57.390+0800	INFO	controller/init.go:44	redis init success...
2026-04-18T16:13:57.390+0800	INFO	controller/init.go:51	snowflake init success...
2026-04-18T16:13:57.390+0800	INFO	controller/init.go:58	trans init success...
2026-04-18T16:14:07.737+0800	ERROR	controller/post.go:53	server.GetPostDetailById failed: 	{"error": "Error 1054 (42S22): Unknown column 'updata_at' in 'field list'"}
2026-04-18T16:14:07.738+0800	INFO	logger/logger.go:93	/api/v1/post/49663241336393728	{"status": 200, "method": "GET", "path": "/api/v1/post/49663241336393728", "query": "", "ip": "::1", "user-agent": "Apifox/1.0.0 (https://apifox.com)", "errors": "", "cost": 0.0083525}
2026-04-18T16:14:34.984+0800	INFO	controller/init.go:26	===============================================
2026-04-18T16:14:34.998+0800	INFO	controller/init.go:27	logger init success...
2026-04-18T16:14:35.080+0800	INFO	controller/init.go:36	mysql init success...
2026-04-18T16:14:35.081+0800	INFO	controller/init.go:44	redis init success...
2026-04-18T16:14:35.081+0800	INFO	controller/init.go:51	snowflake init success...
2026-04-18T16:14:35.081+0800	INFO	controller/init.go:58	trans init success...
2026-04-18T16:14:55.273+0800	INFO	controller/init.go:26	===============================================
2026-04-18T16:14:55.284+0800	INFO	controller/init.go:27	logger init success...
2026-04-18T16:14:55.341+0800	INFO	controller/init.go:36	mysql init success...
2026-04-18T16:14:55.342+0800	INFO	controller/init.go:44	redis init success...
2026-04-18T16:14:55.343+0800	INFO	controller/init.go:51	snowflake init success...
2026-04-18T16:14:55.343+0800	INFO	controller/init.go:58	trans init success...
2026-04-18T16:15:07.545+0800	INFO	logger/logger.go:93	/api/v1/post/49663241336393728	{"status": 200, "method": "GET", "path": "/api/v1/post/49663241336393728", "query": "", "ip": "::1", "user-agent": "Apifox/1.0.0 (https://apifox.com)", "errors": "", "cost": 0.0049097}
2026-04-18T20:34:41.163+0800	INFO	controller/init.go:26	===============================================
2026-04-18T20:34:41.171+0800	INFO	controller/init.go:27	logger init success...
2026-04-18T20:34:41.334+0800	INFO	controller/init.go:36	mysql init success...
2026-04-18T20:34:41.343+0800	INFO	controller/init.go:44	redis init success...
2026-04-18T20:34:41.343+0800	INFO	controller/init.go:51	snowflake init success...
2026-04-18T20:34:41.343+0800	INFO	controller/init.go:58	trans init success...
2026-04-18T20:35:07.428+0800	INFO	controller/init.go:26	===============================================
2026-04-18T20:35:07.434+0800	INFO	controller/init.go:27	logger init success...
2026-04-18T20:35:07.469+0800	INFO	controller/init.go:36	mysql init success...
2026-04-18T20:35:07.470+0800	INFO	controller/init.go:44	redis init success...
2026-04-18T20:35:07.470+0800	INFO	controller/init.go:51	snowflake init success...
2026-04-18T20:35:07.470+0800	INFO	controller/init.go:58	trans init success...
2026-04-18T20:35:49.731+0800	INFO	controller/init.go:26	===============================================
2026-04-18T20:35:49.737+0800	INFO	controller/init.go:27	logger init success...
2026-04-18T20:35:49.772+0800	INFO	controller/init.go:36	mysql init success...
2026-04-18T20:35:49.773+0800	INFO	controller/init.go:44	redis init success...
2026-04-18T20:35:49.773+0800	INFO	controller/init.go:51	snowflake init success...
2026-04-18T20:35:49.773+0800	INFO	controller/init.go:58	trans init success...
2026-04-18T20:36:00.311+0800	INFO	controller/init.go:26	===============================================
2026-04-18T20:36:00.316+0800	INFO	controller/init.go:27	logger init success...
2026-04-18T20:36:00.355+0800	INFO	controller/init.go:36	mysql init success...
2026-04-18T20:36:00.357+0800	INFO	controller/init.go:44	redis init success...
2026-04-18T20:36:00.357+0800	INFO	controller/init.go:51	snowflake init success...
2026-04-18T20:36:00.357+0800	INFO	controller/init.go:58	trans init success...
2026-04-18T20:36:54.781+0800	INFO	controller/init.go:26	===============================================
2026-04-18T20:36:54.786+0800	INFO	controller/init.go:27	logger init success...
2026-04-18T20:36:54.834+0800	INFO	controller/init.go:36	mysql init success...
2026-04-18T20:36:54.835+0800	INFO	controller/init.go:44	redis init success...
2026-04-18T20:36:54.835+0800	INFO	controller/init.go:51	snowflake init success...
2026-04-18T20:36:54.835+0800	INFO	controller/init.go:58	trans init success...
2026-04-18T20:37:05.357+0800	INFO	controller/init.go:26	===============================================
2026-04-18T20:37:05.361+0800	INFO	controller/init.go:27	logger init success...
2026-04-18T20:37:05.392+0800	INFO	controller/init.go:36	mysql init success...
2026-04-18T20:37:05.393+0800	INFO	controller/init.go:44	redis init success...
2026-04-18T20:37:05.393+0800	INFO	controller/init.go:51	snowflake init success...
2026-04-18T20:37:05.394+0800	INFO	controller/init.go:58	trans init success...
2026-04-18T20:38:15.759+0800	INFO	controller/init.go:26	===============================================
2026-04-18T20:38:15.764+0800	INFO	controller/init.go:27	logger init success...
2026-04-18T20:38:15.805+0800	INFO	controller/init.go:36	mysql init success...
2026-04-18T20:38:15.806+0800	INFO	controller/init.go:44	redis init success...
2026-04-18T20:38:15.806+0800	INFO	controller/init.go:51	snowflake init success...
2026-04-18T20:38:15.806+0800	INFO	controller/init.go:58	trans init success...
2026-04-18T20:38:53.641+0800	INFO	controller/init.go:26	===============================================
2026-04-18T20:38:53.647+0800	INFO	controller/init.go:27	logger init success...
2026-04-18T20:38:53.699+0800	INFO	controller/init.go:36	mysql init success...
2026-04-18T20:38:53.700+0800	INFO	controller/init.go:44	redis init success...
2026-04-18T20:38:53.701+0800	INFO	controller/init.go:51	snowflake init success...
2026-04-18T20:38:53.701+0800	INFO	controller/init.go:58	trans init success...
2026-04-18T20:39:07.581+0800	INFO	controller/init.go:26	===============================================
2026-04-18T20:39:07.586+0800	INFO	controller/init.go:27	logger init success...
2026-04-18T20:39:07.634+0800	INFO	controller/init.go:36	mysql init success...
2026-04-18T20:39:07.635+0800	INFO	controller/init.go:44	redis init success...
2026-04-18T20:39:07.635+0800	INFO	controller/init.go:51	snowflake init success...
2026-04-18T20:39:07.635+0800	INFO	controller/init.go:58	trans init success...
2026-04-18T20:39:27.642+0800	INFO	controller/init.go:26	===============================================
2026-04-18T20:39:27.647+0800	INFO	controller/init.go:27	logger init success...
2026-04-18T20:39:27.677+0800	INFO	controller/init.go:36	mysql init success...
2026-04-18T20:39:27.678+0800	INFO	controller/init.go:44	redis init success...
2026-04-18T20:39:27.678+0800	INFO	controller/init.go:51	snowflake init success...
2026-04-18T20:39:27.679+0800	INFO	controller/init.go:58	trans init success...
2026-04-18T20:42:38.345+0800	INFO	controller/init.go:26	===============================================
2026-04-18T20:42:38.351+0800	INFO	controller/init.go:27	logger init success...
2026-04-18T20:42:38.398+0800	INFO	controller/init.go:36	mysql init success...
2026-04-18T20:42:38.398+0800	INFO	controller/init.go:44	redis init success...
2026-04-18T20:42:38.399+0800	INFO	controller/init.go:51	snowflake init success...
2026-04-18T20:42:38.399+0800	INFO	controller/init.go:58	trans init success...
2026-04-18T20:42:47.040+0800	INFO	controller/init.go:26	===============================================
2026-04-18T20:42:47.046+0800	INFO	controller/init.go:27	logger init success...
2026-04-18T20:42:47.084+0800	INFO	controller/init.go:36	mysql init success...
2026-04-18T20:42:47.085+0800	INFO	controller/init.go:44	redis init success...
2026-04-18T20:42:47.085+0800	INFO	controller/init.go:51	snowflake init success...
2026-04-18T20:42:47.086+0800	INFO	controller/init.go:58	trans init success...
2026-04-18T20:43:50.627+0800	INFO	controller/init.go:26	===============================================
2026-04-18T20:43:50.632+0800	INFO	controller/init.go:27	logger init success...
2026-04-18T20:43:50.680+0800	INFO	controller/init.go:36	mysql init success...
2026-04-18T20:43:50.681+0800	INFO	controller/init.go:44	redis init success...
2026-04-18T20:43:50.681+0800	INFO	controller/init.go:51	snowflake init success...
2026-04-18T20:43:50.681+0800	INFO	controller/init.go:58	trans init success...
2026-04-18T20:43:57.022+0800	INFO	controller/init.go:26	===============================================
2026-04-18T20:43:57.028+0800	INFO	controller/init.go:27	logger init success...
2026-04-18T20:43:57.066+0800	INFO	controller/init.go:36	mysql init success...
2026-04-18T20:43:57.066+0800	INFO	controller/init.go:44	redis init success...
2026-04-18T20:43:57.066+0800	INFO	controller/init.go:51	snowflake init success...
2026-04-18T20:43:57.067+0800	INFO	controller/init.go:58	trans init success...
2026-04-18T20:44:06.735+0800	INFO	controller/init.go:26	===============================================
2026-04-18T20:44:06.740+0800	INFO	controller/init.go:27	logger init success...
2026-04-18T20:44:06.786+0800	INFO	controller/init.go:36	mysql init success...
2026-04-18T20:44:06.787+0800	INFO	controller/init.go:44	redis init success...
2026-04-18T20:44:06.787+0800	INFO	controller/init.go:51	snowflake init success...
2026-04-18T20:44:06.787+0800	INFO	controller/init.go:58	trans init success...
2026-04-18T20:44:43.285+0800	INFO	controller/init.go:26	===============================================
2026-04-18T20:44:43.290+0800	INFO	controller/init.go:27	logger init success...
2026-04-18T20:44:43.335+0800	INFO	controller/init.go:36	mysql init success...
2026-04-18T20:44:43.335+0800	INFO	controller/init.go:44	redis init success...
2026-04-18T20:44:43.335+0800	INFO	controller/init.go:51	snowflake init success...
2026-04-18T20:44:43.336+0800	INFO	controller/init.go:58	trans init success...
2026-04-18T20:44:53.488+0800	INFO	controller/init.go:26	===============================================
2026-04-18T20:44:53.493+0800	INFO	controller/init.go:27	logger init success...
2026-04-18T20:44:53.538+0800	INFO	controller/init.go:36	mysql init success...
2026-04-18T20:44:53.539+0800	INFO	controller/init.go:44	redis init success...
2026-04-18T20:44:53.539+0800	INFO	controller/init.go:51	snowflake init success...
2026-04-18T20:44:53.540+0800	INFO	controller/init.go:58	trans init success...
2026-04-18T20:50:06.476+0800	INFO	controller/init.go:26	===============================================
2026-04-18T20:50:06.481+0800	INFO	controller/init.go:27	logger init success...
2026-04-18T20:50:06.511+0800	INFO	controller/init.go:36	mysql init success...
2026-04-18T20:50:06.511+0800	INFO	controller/init.go:44	redis init success...
2026-04-18T20:50:06.511+0800	INFO	controller/init.go:51	snowflake init success...
2026-04-18T20:50:06.512+0800	INFO	controller/init.go:58	trans init success...
2026-04-18T20:51:40.989+0800	INFO	controller/init.go:26	===============================================
2026-04-18T20:51:40.995+0800	INFO	controller/init.go:27	logger init success...
2026-04-18T20:51:41.027+0800	INFO	controller/init.go:36	mysql init success...
2026-04-18T20:51:41.027+0800	INFO	controller/init.go:44	redis init success...
2026-04-18T20:51:41.027+0800	INFO	controller/init.go:51	snowflake init success...
2026-04-18T20:51:41.028+0800	INFO	controller/init.go:58	trans init success...
2026-04-18T20:53:23.870+0800	INFO	controller/init.go:26	===============================================
2026-04-18T20:53:23.875+0800	INFO	controller/init.go:27	logger init success...
2026-04-18T20:53:23.907+0800	INFO	controller/init.go:36	mysql init success...
2026-04-18T20:53:23.908+0800	INFO	controller/init.go:44	redis init success...
2026-04-18T20:53:23.908+0800	INFO	controller/init.go:51	snowflake init success...
2026-04-18T20:53:23.909+0800	INFO	controller/init.go:58	trans init success...
2026-04-18T20:53:32.360+0800	INFO	controller/init.go:26	===============================================
2026-04-18T20:53:32.365+0800	INFO	controller/init.go:27	logger init success...
2026-04-18T20:53:32.406+0800	INFO	controller/init.go:36	mysql init success...
2026-04-18T20:53:32.406+0800	INFO	controller/init.go:44	redis init success...
2026-04-18T20:53:32.406+0800	INFO	controller/init.go:51	snowflake init success...
2026-04-18T20:53:32.407+0800	INFO	controller/init.go:58	trans init success...
2026-04-18T20:53:36.128+0800	INFO	controller/init.go:26	===============================================
2026-04-18T20:53:36.132+0800	INFO	controller/init.go:27	logger init success...
2026-04-18T20:53:36.162+0800	INFO	controller/init.go:36	mysql init success...
2026-04-18T20:53:36.163+0800	INFO	controller/init.go:44	redis init success...
2026-04-18T20:53:36.163+0800	INFO	controller/init.go:51	snowflake init success...
2026-04-18T20:53:36.164+0800	INFO	controller/init.go:58	trans init success...
2026-04-18T20:53:45.685+0800	INFO	logger/logger.go:93	/api/v1/post/49663241336393728	{"status": 200, "method": "GET", "path": "/api/v1/post/49663241336393728", "query": "", "ip": "::1", "user-agent": "Apifox/1.0.0 (https://apifox.com)", "errors": "", "cost": 0.0005026}
2026-04-18T20:53:49.986+0800	INFO	logger/logger.go:93	/api/v1/login	{"status": 200, "method": "POST", "path": "/api/v1/login", "query": "", "ip": "::1", "user-agent": "Apifox/1.0.0 (https://apifox.com)", "errors": "", "cost": 0.2501534}
2026-04-18T20:53:58.043+0800	INFO	logger/logger.go:93	/api/v1/post/49663241336393728	{"status": 200, "method": "GET", "path": "/api/v1/post/49663241336393728", "query": "", "ip": "::1", "user-agent": "Apifox/1.0.0 (https://apifox.com)", "errors": "", "cost": 0.0013804}
2026-04-18T20:54:57.988+0800	INFO	logger/logger.go:93	/api/v1/post/49663241336393728	{"status": 200, "method": "GET", "path": "/api/v1/post/49663241336393728", "query": "", "ip": "::1", "user-agent": "Apifox/1.0.0 (https://apifox.com)", "errors": "", "cost": 0.0010834}
2026-04-18T20:55:05.865+0800	INFO	backend/main.go:43	Shutdown server ...
2026-04-18T20:55:05.866+0800	INFO	backend/main.go:49	Server exiting
2026-04-18T20:56:22.499+0800	INFO	controller/init.go:26	===============================================
2026-04-18T20:56:22.505+0800	INFO	controller/init.go:27	logger init success...
2026-04-18T20:56:22.536+0800	INFO	controller/init.go:36	mysql init success...
2026-04-18T20:56:22.536+0800	INFO	controller/init.go:44	redis init success...
2026-04-18T20:56:22.536+0800	INFO	controller/init.go:51	snowflake init success...
2026-04-18T20:56:22.536+0800	INFO	controller/init.go:58	trans init success...
2026-04-18T20:56:26.912+0800	ERROR	server/post.go:38	mysql.GetCommunityDetailByID(post.CommunityID) failed: 	{"error": "record not found"}
2026-04-18T20:56:26.912+0800	ERROR	controller/post.go:54	server.GetPostDetailById failed: 	{"error": "record not found"}
2026-04-18T20:56:26.912+0800	INFO	logger/logger.go:93	/api/v1/post/49663241336393728	{"status": 200, "method": "GET", "path": "/api/v1/post/49663241336393728", "query": "", "ip": "::1", "user-agent": "Apifox/1.0.0 (https://apifox.com)", "errors": "", "cost": 0.016057}
2026-04-18T20:57:43.741+0800	ERROR	server/post.go:38	mysql.GetCommunityDetailByID(post.CommunityID) failed: 	{"error": "record not found"}
2026-04-18T20:57:43.742+0800	ERROR	controller/post.go:54	server.GetPostDetailById failed: 	{"error": "record not found"}
2026-04-18T20:57:43.742+0800	INFO	logger/logger.go:93	/api/v1/post/49662897265053696	{"status": 200, "method": "GET", "path": "/api/v1/post/49662897265053696", "query": "", "ip": "::1", "user-agent": "Apifox/1.0.0 (https://apifox.com)", "errors": "", "cost": 0.0025058}
2026-04-18T20:59:30.943+0800	INFO	backend/main.go:43	Shutdown server ...
2026-04-18T20:59:30.943+0800	INFO	backend/main.go:49	Server exiting
2026-04-18T20:59:33.804+0800	INFO	controller/init.go:26	===============================================
2026-04-18T20:59:33.810+0800	INFO	controller/init.go:27	logger init success...
2026-04-18T20:59:33.846+0800	INFO	controller/init.go:36	mysql init success...
2026-04-18T20:59:33.847+0800	INFO	controller/init.go:44	redis init success...
2026-04-18T20:59:33.847+0800	INFO	controller/init.go:51	snowflake init success...
2026-04-18T20:59:33.848+0800	INFO	controller/init.go:58	trans init success...
2026-04-18T20:59:38.841+0800	ERROR	server/post.go:38	mysql.GetCommunityDetailByID(post.CommunityID) failed: 	{"error": "record not found"}
2026-04-18T20:59:38.841+0800	ERROR	controller/post.go:54	server.GetPostDetailById failed: 	{"error": "record not found"}
2026-04-18T20:59:38.841+0800	INFO	logger/logger.go:93	/api/v1/post/49662897265053696	{"status": 200, "method": "GET", "path": "/api/v1/post/49662897265053696", "query": "", "ip": "::1", "user-agent": "Apifox/1.0.0 (https://apifox.com)", "errors": "", "cost": 0.0028998}
2026-04-18T21:00:50.496+0800	INFO	backend/main.go:43	Shutdown server ...
2026-04-18T21:00:50.496+0800	INFO	backend/main.go:49	Server exiting
2026-04-18T21:00:54.721+0800	INFO	controller/init.go:26	===============================================
2026-04-18T21:00:54.726+0800	INFO	controller/init.go:27	logger init success...
2026-04-18T21:00:54.775+0800	INFO	controller/init.go:36	mysql init success...
2026-04-18T21:00:54.777+0800	INFO	controller/init.go:44	redis init success...
2026-04-18T21:00:54.777+0800	INFO	controller/init.go:51	snowflake init success...
2026-04-18T21:00:54.777+0800	INFO	controller/init.go:58	trans init success...
2026-04-18T21:00:56.830+0800	ERROR	server/post.go:25	mysql.GetPostDetailById(id) 	{"post": {"post_id":49662897265053696,"author_id":48994289488760832,"community_id":0,"Status":1,"title":"shuai","content":"吴彦祖","create_at":"2026-04-17T09:02:37.401+08:00","update_at":"2026-04-17T09:02:37.401+08:00"}}
2026-04-18T21:00:56.831+0800	ERROR	server/post.go:39	mysql.GetCommunityDetailByID(post.CommunityID) failed: 	{"error": "record not found"}
2026-04-18T21:00:56.831+0800	ERROR	controller/post.go:54	server.GetPostDetailById failed: 	{"error": "record not found"}
2026-04-18T21:00:56.831+0800	INFO	logger/logger.go:93	/api/v1/post/49662897265053696	{"status": 200, "method": "GET", "path": "/api/v1/post/49662897265053696", "query": "", "ip": "::1", "user-agent": "Apifox/1.0.0 (https://apifox.com)", "errors": "", "cost": 0.0021532}
2026-04-18T21:01:31.185+0800	INFO	backend/main.go:43	Shutdown server ...
2026-04-18T21:01:31.186+0800	INFO	backend/main.go:49	Server exiting
2026-04-18T21:01:34.742+0800	INFO	controller/init.go:26	===============================================
2026-04-18T21:01:34.747+0800	INFO	controller/init.go:27	logger init success...
2026-04-18T21:01:34.778+0800	INFO	controller/init.go:36	mysql init success...
2026-04-18T21:01:34.779+0800	INFO	controller/init.go:44	redis init success...
2026-04-18T21:01:34.779+0800	INFO	controller/init.go:51	snowflake init success...
2026-04-18T21:01:34.780+0800	INFO	controller/init.go:58	trans init success...
2026-04-18T21:01:36.537+0800	ERROR	server/post.go:25	mysql.GetPostDetailById(id) 	{"post": {"post_id":49662897265053696,"author_id":48994289488760832,"community_id":1,"Status":1,"title":"shuai","content":"吴彦祖","create_at":"2026-04-17T09:02:37.401+08:00","update_at":"2026-04-17T09:02:37.401+08:00"}}
2026-04-18T21:01:36.538+0800	INFO	logger/logger.go:93	/api/v1/post/49662897265053696	{"status": 200, "method": "GET", "path": "/api/v1/post/49662897265053696", "query": "", "ip": "::1", "user-agent": "Apifox/1.0.0 (https://apifox.com)", "errors": "", "cost": 0.0034416}
2026-04-18T21:01:55.534+0800	ERROR	server/post.go:25	mysql.GetPostDetailById(id) 	{"post": {"post_id":49662897265053696,"author_id":48994289488760832,"community_id":1,"Status":1,"title":"shuai","content":"吴彦祖","create_at":"2026-04-17T09:02:37.401+08:00","update_at":"2026-04-17T09:02:37.401+08:00"}}
2026-04-18T21:01:55.536+0800	INFO	logger/logger.go:93	/api/v1/post/49663048306135040	{"status": 200, "method": "GET", "path": "/api/v1/post/49663048306135040", "query": "", "ip": "::1", "user-agent": "Apifox/1.0.0 (https://apifox.com)", "errors": "", "cost": 0.0026279}
2026-04-18T21:02:07.289+0800	ERROR	server/post.go:25	mysql.GetPostDetailById(id) 	{"post": {"post_id":49662897265053696,"author_id":48994289488760832,"community_id":1,"Status":1,"title":"shuai","content":"吴彦祖","create_at":"2026-04-17T09:02:37.401+08:00","update_at":"2026-04-17T09:02:37.401+08:00"}}
2026-04-18T21:02:07.291+0800	INFO	logger/logger.go:93	/api/v1/post/49663048306135040	{"status": 200, "method": "GET", "path": "/api/v1/post/49663048306135040", "query": "", "ip": "::1", "user-agent": "Apifox/1.0.0 (https://apifox.com)", "errors": "", "cost": 0.0030509}
2026-04-18T21:02:29.090+0800	ERROR	server/post.go:25	mysql.GetPostDetailById(id) 	{"post": {"post_id":49662897265053696,"author_id":48994289488760832,"community_id":1,"Status":1,"title":"shuai","content":"吴彦祖","create_at":"2026-04-17T09:02:37.401+08:00","update_at":"2026-04-17T09:02:37.401+08:00"}}
2026-04-18T21:02:29.092+0800	INFO	logger/logger.go:93	/api/v1/post/49663048306135040	{"status": 200, "method": "GET", "path": "/api/v1/post/49663048306135040", "query": "", "ip": "::1", "user-agent": "Apifox/1.0.0 (https://apifox.com)", "errors": "", "cost": 0.0027002}
2026-04-18T21:02:41.053+0800	ERROR	server/post.go:25	mysql.GetPostDetailById(id) 	{"post": {"post_id":49662897265053696,"author_id":48994289488760832,"community_id":1,"Status":1,"title":"shuai","content":"吴彦祖","create_at":"2026-04-17T09:02:37.401+08:00","update_at":"2026-04-17T09:02:37.401+08:00"}}
2026-04-18T21:02:41.054+0800	INFO	logger/logger.go:93	/api/v1/post/49663048306135040	{"status": 200, "method": "GET", "path": "/api/v1/post/49663048306135040", "query": "", "ip": "::1", "user-agent": "Apifox/1.0.0 (https://apifox.com)", "errors": "", "cost": 0.0016817}
2026-04-18T21:02:42.948+0800	ERROR	server/post.go:25	mysql.GetPostDetailById(id) 	{"post": {"post_id":49662897265053696,"author_id":48994289488760832,"community_id":1,"Status":1,"title":"shuai","content":"吴彦祖","create_at":"2026-04-17T09:02:37.401+08:00","update_at":"2026-04-17T09:02:37.401+08:00"}}
2026-04-18T21:02:42.949+0800	INFO	logger/logger.go:93	/api/v1/post/49663048306135040	{"status": 200, "method": "GET", "path": "/api/v1/post/49663048306135040", "query": "", "ip": "::1", "user-agent": "Apifox/1.0.0 (https://apifox.com)", "errors": "", "cost": 0.0015982}
2026-04-18T21:03:06.253+0800	ERROR	server/post.go:25	mysql.GetPostDetailById(id) 	{"post": {"post_id":49662897265053696,"author_id":48994289488760832,"community_id":1,"Status":1,"title":"shuai","content":"吴彦祖","create_at":"2026-04-17T09:02:37.401+08:00","update_at":"2026-04-17T09:02:37.401+08:00"}}
2026-04-18T21:03:06.253+0800	INFO	logger/logger.go:93	/api/v1/post/49663241336393728	{"status": 200, "method": "GET", "path": "/api/v1/post/49663241336393728", "query": "", "ip": "::1", "user-agent": "Apifox/1.0.0 (https://apifox.com)", "errors": "", "cost": 0.0013025}
2026-04-18T21:03:07.172+0800	ERROR	server/post.go:25	mysql.GetPostDetailById(id) 	{"post": {"post_id":49662897265053696,"author_id":48994289488760832,"community_id":1,"Status":1,"title":"shuai","content":"吴彦祖","create_at":"2026-04-17T09:02:37.401+08:00","update_at":"2026-04-17T09:02:37.401+08:00"}}
2026-04-18T21:03:07.173+0800	INFO	logger/logger.go:93	/api/v1/post/49663241336393728	{"status": 200, "method": "GET", "path": "/api/v1/post/49663241336393728", "query": "", "ip": "::1", "user-agent": "Apifox/1.0.0 (https://apifox.com)", "errors": "", "cost": 0.0016994}
2026-04-18T21:03:07.707+0800	ERROR	server/post.go:25	mysql.GetPostDetailById(id) 	{"post": {"post_id":49662897265053696,"author_id":48994289488760832,"community_id":1,"Status":1,"title":"shuai","content":"吴彦祖","create_at":"2026-04-17T09:02:37.401+08:00","update_at":"2026-04-17T09:02:37.401+08:00"}}
2026-04-18T21:03:07.709+0800	INFO	logger/logger.go:93	/api/v1/post/49663241336393728	{"status": 200, "method": "GET", "path": "/api/v1/post/49663241336393728", "query": "", "ip": "::1", "user-agent": "Apifox/1.0.0 (https://apifox.com)", "errors": "", "cost": 0.0016248}
2026-04-18T21:03:08.360+0800	ERROR	server/post.go:25	mysql.GetPostDetailById(id) 	{"post": {"post_id":49662897265053696,"author_id":48994289488760832,"community_id":1,"Status":1,"title":"shuai","content":"吴彦祖","create_at":"2026-04-17T09:02:37.401+08:00","update_at":"2026-04-17T09:02:37.401+08:00"}}
2026-04-18T21:03:08.361+0800	INFO	logger/logger.go:93	/api/v1/post/49663241336393728	{"status": 200, "method": "GET", "path": "/api/v1/post/49663241336393728", "query": "", "ip": "::1", "user-agent": "Apifox/1.0.0 (https://apifox.com)", "errors": "", "cost": 0.001995}
2026-04-18T21:03:08.631+0800	ERROR	server/post.go:25	mysql.GetPostDetailById(id) 	{"post": {"post_id":49662897265053696,"author_id":48994289488760832,"community_id":1,"Status":1,"title":"shuai","content":"吴彦祖","create_at":"2026-04-17T09:02:37.401+08:00","update_at":"2026-04-17T09:02:37.401+08:00"}}
2026-04-18T21:03:08.632+0800	INFO	logger/logger.go:93	/api/v1/post/49663241336393728	{"status": 200, "method": "GET", "path": "/api/v1/post/49663241336393728", "query": "", "ip": "::1", "user-agent": "Apifox/1.0.0 (https://apifox.com)", "errors": "", "cost": 0.0018234}
2026-04-18T21:03:08.972+0800	ERROR	server/post.go:25	mysql.GetPostDetailById(id) 	{"post": {"post_id":49662897265053696,"author_id":48994289488760832,"community_id":1,"Status":1,"title":"shuai","content":"吴彦祖","create_at":"2026-04-17T09:02:37.401+08:00","update_at":"2026-04-17T09:02:37.401+08:00"}}
2026-04-18T21:03:08.973+0800	INFO	logger/logger.go:93	/api/v1/post/49663241336393728	{"status": 200, "method": "GET", "path": "/api/v1/post/49663241336393728", "query": "", "ip": "::1", "user-agent": "Apifox/1.0.0 (https://apifox.com)", "errors": "", "cost": 0.0016427}
2026-04-18T21:03:41.563+0800	INFO	backend/main.go:43	Shutdown server ...
2026-04-18T21:03:41.563+0800	INFO	backend/main.go:49	Server exiting
2026-04-18T21:03:43.794+0800	INFO	controller/init.go:26	===============================================
2026-04-18T21:03:43.799+0800	INFO	controller/init.go:27	logger init success...
2026-04-18T21:03:43.830+0800	INFO	controller/init.go:36	mysql init success...
2026-04-18T21:03:43.831+0800	INFO	controller/init.go:44	redis init success...
2026-04-18T21:03:43.831+0800	INFO	controller/init.go:51	snowflake init success...
2026-04-18T21:03:43.832+0800	INFO	controller/init.go:58	trans init success...
2026-04-18T21:03:47.155+0800	ERROR	server/post.go:25	mysql.GetPostDetailById(id) 	{"post": {"post_id":49662897265053696,"author_id":48994289488760832,"community_id":1,"Status":1,"title":"shuai","content":"吴彦祖","create_at":"2026-04-17T09:02:37.401+08:00","update_at":"2026-04-17T09:02:37.401+08:00"}}
2026-04-18T21:03:47.156+0800	INFO	logger/logger.go:93	/api/v1/post/49663241336393728	{"status": 200, "method": "GET", "path": "/api/v1/post/49663241336393728", "query": "", "ip": "::1", "user-agent": "Apifox/1.0.0 (https://apifox.com)", "errors": "", "cost": 0.0020962}
2026-04-18T21:04:00.356+0800	ERROR	server/post.go:25	mysql.GetPostDetailById(id) 	{"post": {"post_id":49662897265053696,"author_id":48994289488760832,"community_id":1,"Status":1,"title":"shuai","content":"吴彦祖","create_at":"2026-04-17T09:02:37.401+08:00","update_at":"2026-04-17T09:02:37.401+08:00"}}
2026-04-18T21:04:00.357+0800	INFO	logger/logger.go:93	/api/v1/post/49663241336393728	{"status": 200, "method": "GET", "path": "/api/v1/post/49663241336393728", "query": "", "ip": "::1", "user-agent": "Apifox/1.0.0 (https://apifox.com)", "errors": "", "cost": 0.0017899}
2026-04-18T21:04:17.488+0800	ERROR	server/post.go:25	mysql.GetPostDetailById(id) 	{"post": {"post_id":49662897265053696,"author_id":48994289488760832,"community_id":1,"Status":1,"title":"shuai","content":"吴彦祖","create_at":"2026-04-17T09:02:37.401+08:00","update_at":"2026-04-17T09:02:37.401+08:00"}}
2026-04-18T21:04:17.489+0800	INFO	logger/logger.go:93	/api/v1/post/49663048306135040	{"status": 200, "method": "GET", "path": "/api/v1/post/49663048306135040", "query": "", "ip": "::1", "user-agent": "Apifox/1.0.0 (https://apifox.com)", "errors": "", "cost": 0.0022551}
2026-04-18T21:06:46.701+0800	INFO	controller/init.go:26	===============================================
2026-04-18T21:06:46.706+0800	INFO	controller/init.go:27	logger init success...
2026-04-18T21:06:46.736+0800	INFO	controller/init.go:36	mysql init success...
2026-04-18T21:06:46.737+0800	INFO	controller/init.go:44	redis init success...
2026-04-18T21:06:46.737+0800	INFO	controller/init.go:51	snowflake init success...
2026-04-18T21:06:46.737+0800	INFO	controller/init.go:58	trans init success...
2026-04-18T21:06:49.930+0800	INFO	logger/logger.go:93	/api/v1/post/49663048306135040	{"status": 200, "method": "GET", "path": "/api/v1/post/49663048306135040", "query": "", "ip": "::1", "user-agent": "Apifox/1.0.0 (https://apifox.com)", "errors": "", "cost": 0.0021124}
2026-04-18T21:06:59.515+0800	INFO	logger/logger.go:93	/api/v1/post/49663048306135040	{"status": 200, "method": "GET", "path": "/api/v1/post/49663048306135040", "query": "", "ip": "::1", "user-agent": "Apifox/1.0.0 (https://apifox.com)", "errors": "", "cost": 0.0017147}
2026-04-18T21:07:21.681+0800	INFO	controller/init.go:26	===============================================
2026-04-18T21:07:21.686+0800	INFO	controller/init.go:27	logger init success...
2026-04-18T21:07:21.718+0800	INFO	controller/init.go:36	mysql init success...
2026-04-18T21:07:21.719+0800	INFO	controller/init.go:44	redis init success...
2026-04-18T21:07:21.719+0800	INFO	controller/init.go:51	snowflake init success...
2026-04-18T21:07:21.720+0800	INFO	controller/init.go:58	trans init success...
2026-04-18T21:08:08.932+0800	INFO	controller/init.go:26	===============================================
2026-04-18T21:08:08.938+0800	INFO	controller/init.go:27	logger init success...
2026-04-18T21:08:08.977+0800	INFO	controller/init.go:36	mysql init success...
2026-04-18T21:08:08.978+0800	INFO	controller/init.go:44	redis init success...
2026-04-18T21:08:08.978+0800	INFO	controller/init.go:51	snowflake init success...
2026-04-18T21:08:08.978+0800	INFO	controller/init.go:58	trans init success...
2026-04-18T21:08:10.638+0800	ERROR	controller/post.go:45	c.Param(id) 	{"pid": "49663048306135040"}
2026-04-18T21:08:10.639+0800	ERROR	server/post.go:25	mysql.GetPostDetailById(id) 	{"post": {"post_id":49662897265053696,"author_id":48994289488760832,"community_id":1,"Status":1,"title":"shuai","content":"吴彦祖","create_at":"2026-04-17T09:02:37.401+08:00","update_at":"2026-04-17T09:02:37.401+08:00"}}
2026-04-18T21:08:10.639+0800	INFO	logger/logger.go:93	/api/v1/post/49663048306135040	{"status": 200, "method": "GET", "path": "/api/v1/post/49663048306135040", "query": "", "ip": "::1", "user-agent": "Apifox/1.0.0 (https://apifox.com)", "errors": "", "cost": 0.0016409}
2026-04-18T21:09:09.129+0800	INFO	controller/init.go:26	===============================================
2026-04-18T21:09:09.134+0800	INFO	controller/init.go:27	logger init success...
2026-04-18T21:09:09.165+0800	INFO	controller/init.go:36	mysql init success...
2026-04-18T21:09:09.166+0800	INFO	controller/init.go:44	redis init success...
2026-04-18T21:09:09.166+0800	INFO	controller/init.go:51	snowflake init success...
2026-04-18T21:09:09.166+0800	INFO	controller/init.go:58	trans init success...
2026-04-18T21:09:12.028+0800	ERROR	controller/post.go:45	c.Param(id) 	{"pidStr": "49663048306135040"}
2026-04-18T21:09:12.028+0800	ERROR	controller/post.go:47	strconv.ParseInt(pidStr, 10, 64) 	{"pid": 49663048306135040}
2026-04-18T21:09:12.030+0800	ERROR	server/post.go:25	mysql.GetPostDetailById(id) 	{"post": {"post_id":49662897265053696,"author_id":48994289488760832,"community_id":1,"Status":1,"title":"shuai","content":"吴彦祖","create_at":"2026-04-17T09:02:37.401+08:00","update_at":"2026-04-17T09:02:37.401+08:00"}}
2026-04-18T21:09:12.032+0800	INFO	logger/logger.go:93	/api/v1/post/49663048306135040	{"status": 200, "method": "GET", "path": "/api/v1/post/49663048306135040", "query": "", "ip": "::1", "user-agent": "Apifox/1.0.0 (https://apifox.com)", "errors": "", "cost": 0.0043499}
2026-04-18T21:10:21.332+0800	INFO	controller/init.go:26	===============================================
2026-04-18T21:10:21.337+0800	INFO	controller/init.go:27	logger init success...
2026-04-18T21:10:21.366+0800	INFO	controller/init.go:36	mysql init success...
2026-04-18T21:10:21.367+0800	INFO	controller/init.go:44	redis init success...
2026-04-18T21:10:21.367+0800	INFO	controller/init.go:51	snowflake init success...
2026-04-18T21:10:21.368+0800	INFO	controller/init.go:58	trans init success...
2026-04-18T21:10:26.271+0800	ERROR	controller/post.go:45	c.Param(id) 	{"pidStr": "49663048306135040"}
2026-04-18T21:10:26.271+0800	ERROR	controller/post.go:47	strconv.ParseInt(pidStr, 10, 64) 	{"pid": 49663048306135040}
2026-04-18T21:10:26.271+0800	ERROR	server/post.go:23	server.GetPostDetailById(id) 	{"id": 49663048306135040}
2026-04-18T21:10:26.273+0800	ERROR	server/post.go:27	mysql.GetPostDetailById(id) 	{"post": {"post_id":49662897265053696,"author_id":48994289488760832,"community_id":1,"Status":1,"title":"shuai","content":"吴彦祖","create_at":"2026-04-17T09:02:37.401+08:00","update_at":"2026-04-17T09:02:37.401+08:00"}}
2026-04-18T21:10:26.275+0800	INFO	logger/logger.go:93	/api/v1/post/49663048306135040	{"status": 200, "method": "GET", "path": "/api/v1/post/49663048306135040", "query": "", "ip": "::1", "user-agent": "Apifox/1.0.0 (https://apifox.com)", "errors": "", "cost": 0.0041001}
2026-04-18T21:13:31.326+0800	INFO	controller/init.go:26	===============================================
2026-04-18T21:13:31.332+0800	INFO	controller/init.go:27	logger init success...
2026-04-18T21:13:31.382+0800	INFO	controller/init.go:36	mysql init success...
2026-04-18T21:13:31.383+0800	INFO	controller/init.go:44	redis init success...
2026-04-18T21:13:31.383+0800	INFO	controller/init.go:51	snowflake init success...
2026-04-18T21:13:31.383+0800	INFO	controller/init.go:58	trans init success...
2026-04-18T21:13:40.603+0800	ERROR	controller/post.go:45	c.Param(id) 	{"pidStr": "49663048306135040"}
2026-04-18T21:13:40.603+0800	ERROR	controller/post.go:47	strconv.ParseInt(pidStr, 10, 64) 	{"pid": 49663048306135040}
2026-04-18T21:13:40.603+0800	ERROR	server/post.go:23	server.GetPostDetailById(id) 	{"id": 49663048306135040}
2026-04-18T21:13:40.604+0800	ERROR	server/post.go:27	mysql.GetPostDetailById(id) 	{"post": {"post_id":49662897265053696,"author_id":48994289488760832,"community_id":1,"Status":1,"title":"shuai","content":"吴彦祖","create_at":"2026-04-17T09:02:37.401+08:00","update_at":"2026-04-17T09:02:37.401+08:00"}}
2026-04-18T21:13:40.605+0800	INFO	logger/logger.go:93	/api/v1/post/49663048306135040	{"status": 200, "method": "GET", "path": "/api/v1/post/49663048306135040", "query": "", "ip": "::1", "user-agent": "Apifox/1.0.0 (https://apifox.com)", "errors": "", "cost": 0.0027416}
2026-04-18T21:18:45.695+0800	INFO	controller/init.go:26	===============================================
2026-04-18T21:18:45.700+0800	INFO	controller/init.go:27	logger init success...
2026-04-18T21:18:45.734+0800	INFO	controller/init.go:36	mysql init success...
2026-04-18T21:18:45.734+0800	INFO	controller/init.go:44	redis init success...
2026-04-18T21:18:45.735+0800	INFO	controller/init.go:51	snowflake init success...
2026-04-18T21:18:45.736+0800	INFO	controller/init.go:58	trans init success...
2026-04-18T21:18:50.618+0800	ERROR	controller/post.go:45	c.Param(id) 	{"pidStr": "49663048306135040"}
2026-04-18T21:18:50.619+0800	ERROR	controller/post.go:47	strconv.ParseInt(pidStr, 10, 64) 	{"pid": 49663048306135040}
2026-04-18T21:18:50.619+0800	ERROR	server/post.go:23	server.GetPostDetailById(id) 	{"id": 49663048306135040}
2026-04-18T21:18:50.620+0800	ERROR	server/post.go:27	mysql.GetPostDetailById(id) 	{"post": {"post_id":49663048306135040,"author_id":48994289488760832,"community_id":2,"Status":1,"title":"shuai","content":"吴彦祖","create_at":"2026-04-17T09:03:13.411+08:00","update_at":"2026-04-17T09:03:13.411+08:00"}}
2026-04-18T21:18:50.621+0800	INFO	logger/logger.go:93	/api/v1/post/49663048306135040	{"status": 200, "method": "GET", "path": "/api/v1/post/49663048306135040", "query": "", "ip": "::1", "user-agent": "Apifox/1.0.0 (https://apifox.com)", "errors": "", "cost": 0.0035168}
2026-04-18T21:19:20.029+0800	ERROR	controller/post.go:45	c.Param(id) 	{"pidStr": "49663241336393728"}
2026-04-18T21:19:20.030+0800	ERROR	controller/post.go:47	strconv.ParseInt(pidStr, 10, 64) 	{"pid": 49663241336393728}
2026-04-18T21:19:20.030+0800	ERROR	server/post.go:23	server.GetPostDetailById(id) 	{"id": 49663241336393728}
2026-04-18T21:19:20.030+0800	ERROR	server/post.go:27	mysql.GetPostDetailById(id) 	{"post": {"post_id":49663241336393728,"author_id":48994289488760832,"community_id":3,"Status":1,"title":"dage","content":"大哥大","create_at":"2026-04-17T09:03:59.434+08:00","update_at":"2026-04-17T09:03:59.434+08:00"}}
2026-04-18T21:19:20.032+0800	INFO	logger/logger.go:93	/api/v1/post/49663241336393728	{"status": 200, "method": "GET", "path": "/api/v1/post/49663241336393728", "query": "", "ip": "::1", "user-agent": "Apifox/1.0.0 (https://apifox.com)", "errors": "", "cost": 0.0028785}
2026-04-18T21:19:31.302+0800	ERROR	controller/post.go:45	c.Param(id) 	{"pidStr": "49663241336393728"}
2026-04-18T21:19:31.303+0800	ERROR	controller/post.go:47	strconv.ParseInt(pidStr, 10, 64) 	{"pid": 49663241336393728}
2026-04-18T21:19:31.303+0800	ERROR	server/post.go:23	server.GetPostDetailById(id) 	{"id": 49663241336393728}
2026-04-18T21:19:31.303+0800	ERROR	server/post.go:27	mysql.GetPostDetailById(id) 	{"post": {"post_id":49663241336393728,"author_id":48994289488760832,"community_id":3,"Status":1,"title":"dage","content":"大哥大","create_at":"2026-04-17T09:03:59.434+08:00","update_at":"2026-04-17T09:03:59.434+08:00"}}
2026-04-18T21:19:31.305+0800	INFO	logger/logger.go:93	/api/v1/post/49663241336393728	{"status": 200, "method": "GET", "path": "/api/v1/post/49663241336393728", "query": "", "ip": "::1", "user-agent": "Apifox/1.0.0 (https://apifox.com)", "errors": "", "cost": 0.0026393}
2026-04-18T21:19:41.217+0800	INFO	backend/main.go:43	Shutdown server ...
2026-04-18T21:19:41.218+0800	INFO	backend/main.go:49	Server exiting
2026-04-20T09:30:28.650+0800	INFO	controller/init.go:26	===============================================
2026-04-20T09:30:28.666+0800	INFO	controller/init.go:27	logger init success...
2026-04-20T09:30:28.949+0800	INFO	controller/init.go:36	mysql init success...
2026-04-20T09:30:28.950+0800	ERROR	controller/init.go:40	init redis failed, err: 	{"error": "dial tcp 127.0.0.1:6379: connectex: No connection could be made because the target machine actively refused it."}
2026-04-20T09:30:35.437+0800	ERROR	controller/user.go:69	server.Login failed	{"error": "生成token失败：redis存储token失败: dial tcp 127.0.0.1:6379: connectex: No connection could be made because the target machine actively refused it."}
2026-04-20T09:30:35.439+0800	INFO	logger/logger.go:93	/api/v1/login	{"status": 200, "method": "POST", "path": "/api/v1/login", "query": "", "ip": "::1", "user-agent": "Apifox/1.0.0 (https://apifox.com)", "errors": "", "cost": 0.0165226}
2026-04-20T09:30:41.475+0800	INFO	backend/main.go:43	Shutdown server ...
2026-04-20T09:30:41.479+0800	INFO	backend/main.go:49	Server exiting
2026-04-20T09:31:10.346+0800	INFO	controller/init.go:26	===============================================
2026-04-20T09:31:10.359+0800	INFO	controller/init.go:27	logger init success...
2026-04-20T09:31:10.457+0800	INFO	controller/init.go:36	mysql init success...
2026-04-20T09:31:10.458+0800	INFO	controller/init.go:44	redis init success...
2026-04-20T09:31:10.459+0800	INFO	controller/init.go:51	snowflake init success...
2026-04-20T09:31:10.459+0800	INFO	controller/init.go:58	trans init success...
2026-04-20T09:31:13.824+0800	INFO	logger/logger.go:93	/api/v1/login	{"status": 200, "method": "POST", "path": "/api/v1/login", "query": "", "ip": "::1", "user-agent": "Apifox/1.0.0 (https://apifox.com)", "errors": "", "cost": 0.0040989}
2026-04-20T09:31:29.423+0800	INFO	logger/logger.go:93	/api/v1/post	{"status": 200, "method": "GET", "path": "/api/v1/post", "query": "", "ip": "::1", "user-agent": "Apifox/1.0.0 (https://apifox.com)", "errors": "", "cost": 0.0185106}
2026-04-20T09:31:53.918+0800	INFO	backend/main.go:43	Shutdown server ...
2026-04-20T09:31:53.919+0800	INFO	backend/main.go:49	Server exiting
2026-04-22T20:38:57.450+0800	INFO	controller/init.go:26	===============================================
2026-04-22T20:38:57.457+0800	INFO	controller/init.go:27	logger init success...
2026-04-22T20:38:57.596+0800	INFO	controller/init.go:36	mysql init success...
2026-04-22T20:38:57.597+0800	ERROR	controller/init.go:40	init redis failed, err: 	{"error": "dial tcp 127.0.0.1:6379: connectex: No connection could be made because the target machine actively refused it."}
2026-04-22T20:39:46.346+0800	INFO	logger/logger.go:93	/api/v1/postList	{"status": 200, "method": "GET", "path": "/api/v1/postList", "query": "page=1&size=2", "ip": "::1", "user-agent": "Apifox/1.0.0 (https://apifox.com)", "errors": "", "cost": 0}
2026-04-22T20:39:52.408+0800	ERROR	controller/user.go:69	server.Login failed	{"error": "生成token失败：redis存储token失败: dial tcp 127.0.0.1:6379: connectex: No connection could be made because the target machine actively refused it."}
2026-04-22T20:39:52.408+0800	INFO	logger/logger.go:93	/api/v1/login	{"status": 200, "method": "POST", "path": "/api/v1/login", "query": "", "ip": "::1", "user-agent": "Apifox/1.0.0 (https://apifox.com)", "errors": "", "cost": 0.0031853}
2026-04-22T20:39:57.417+0800	INFO	backend/main.go:43	Shutdown server ...
2026-04-22T20:39:57.417+0800	INFO	backend/main.go:49	Server exiting
2026-04-22T20:40:16.604+0800	INFO	controller/init.go:26	===============================================
2026-04-22T20:40:16.609+0800	INFO	controller/init.go:27	logger init success...
2026-04-22T20:40:16.641+0800	INFO	controller/init.go:36	mysql init success...
2026-04-22T20:40:16.641+0800	INFO	controller/init.go:44	redis init success...
2026-04-22T20:40:16.641+0800	INFO	controller/init.go:51	snowflake init success...
2026-04-22T20:40:16.641+0800	INFO	controller/init.go:58	trans init success...
2026-04-22T20:40:54.247+0800	INFO	logger/logger.go:93	/api/v1/login	{"status": 200, "method": "POST", "path": "/api/v1/login", "query": "", "ip": "::1", "user-agent": "Apifox/1.0.0 (https://apifox.com)", "errors": "", "cost": 0.0036441}
2026-04-22T20:41:08.355+0800	INFO	logger/logger.go:93	/api/v1/postList	{"status": 200, "method": "GET", "path": "/api/v1/postList", "query": "page=1&size=2", "ip": "::1", "user-agent": "Apifox/1.0.0 (https://apifox.com)", "errors": "", "cost": 0.0046606}
2026-04-22T20:41:43.653+0800	INFO	logger/logger.go:93	/api/v1/postList	{"status": 200, "method": "GET", "path": "/api/v1/postList", "query": "page=1&size=2", "ip": "::1", "user-agent": "Apifox/1.0.0 (https://apifox.com)", "errors": "", "cost": 0.0041903}
2026-04-22T20:42:02.656+0800	INFO	logger/logger.go:93	/api/v1/postList	{"status": 200, "method": "GET", "path": "/api/v1/postList", "query": "page=1&size=2", "ip": "::1", "user-agent": "Apifox/1.0.0 (https://apifox.com)", "errors": "", "cost": 0.0025655}
2026-04-22T20:44:37.693+0800	INFO	controller/init.go:26	===============================================
2026-04-22T20:44:37.698+0800	INFO	controller/init.go:27	logger init success...
2026-04-22T20:44:37.729+0800	INFO	controller/init.go:36	mysql init success...
2026-04-22T20:44:37.730+0800	INFO	controller/init.go:44	redis init success...
2026-04-22T20:44:37.730+0800	INFO	controller/init.go:51	snowflake init success...
2026-04-22T20:44:37.730+0800	INFO	controller/init.go:58	trans init success...
2026-04-22T20:44:42.532+0800	INFO	logger/logger.go:93	/api/v1/postList	{"status": 200, "method": "GET", "path": "/api/v1/postList", "query": "page=1&size=2", "ip": "::1", "user-agent": "Apifox/1.0.0 (https://apifox.com)", "errors": "", "cost": 0.0044968}
2026-04-22T20:46:05.857+0800	INFO	controller/init.go:26	===============================================
2026-04-22T20:46:05.862+0800	INFO	controller/init.go:27	logger init success...
2026-04-22T20:46:05.903+0800	INFO	controller/init.go:36	mysql init success...
2026-04-22T20:46:05.904+0800	INFO	controller/init.go:44	redis init success...
2026-04-22T20:46:05.904+0800	INFO	controller/init.go:51	snowflake init success...
2026-04-22T20:46:05.905+0800	INFO	controller/init.go:58	trans init success...
2026-04-22T20:46:12.642+0800	INFO	controller/init.go:26	===============================================
2026-04-22T20:46:12.646+0800	INFO	controller/init.go:27	logger init success...
2026-04-22T20:46:12.690+0800	INFO	controller/init.go:36	mysql init success...
2026-04-22T20:46:12.691+0800	INFO	controller/init.go:44	redis init success...
2026-04-22T20:46:12.691+0800	INFO	controller/init.go:51	snowflake init success...
2026-04-22T20:46:12.692+0800	INFO	controller/init.go:58	trans init success...
2026-04-22T20:46:21.224+0800	ERROR	server/post.go:54	mysql.GetPostList() failed: 	{"error": "Error 1146 (42S02): Table 'bluebell.post_details' doesn't exist"}
2026-04-22T20:46:21.224+0800	ERROR	controller/post.go:83	server.GetPostList() failed: 	{"error": "Error 1146 (42S02): Table 'bluebell.post_details' doesn't exist"}
2026-04-22T20:46:21.224+0800	INFO	logger/logger.go:93	/api/v1/postList	{"status": 200, "method": "GET", "path": "/api/v1/postList", "query": "page=1&size=2", "ip": "::1", "user-agent": "Apifox/1.0.0 (https://apifox.com)", "errors": "", "cost": 0.002962}
2026-04-22T20:46:25.524+0800	ERROR	server/post.go:54	mysql.GetPostList() failed: 	{"error": "Error 1146 (42S02): Table 'bluebell.post_details' doesn't exist"}
2026-04-22T20:46:25.524+0800	ERROR	controller/post.go:83	server.GetPostList() failed: 	{"error": "Error 1146 (42S02): Table 'bluebell.post_details' doesn't exist"}
2026-04-22T20:46:25.524+0800	INFO	logger/logger.go:93	/api/v1/postList	{"status": 200, "method": "GET", "path": "/api/v1/postList", "query": "page=1&size=2", "ip": "::1", "user-agent": "Apifox/1.0.0 (https://apifox.com)", "errors": "", "cost": 0.0009428}
2026-04-22T20:46:48.059+0800	INFO	controller/init.go:26	===============================================
2026-04-22T20:46:48.064+0800	INFO	controller/init.go:27	logger init success...
2026-04-22T20:46:48.099+0800	INFO	controller/init.go:36	mysql init success...
2026-04-22T20:46:48.100+0800	INFO	controller/init.go:44	redis init success...
2026-04-22T20:46:48.100+0800	INFO	controller/init.go:51	snowflake init success...
2026-04-22T20:46:48.100+0800	INFO	controller/init.go:58	trans init success...
2026-04-22T20:46:52.231+0800	INFO	logger/logger.go:93	/api/v1/postList	{"status": 200, "method": "GET", "path": "/api/v1/postList", "query": "page=1&size=2", "ip": "::1", "user-agent": "Apifox/1.0.0 (https://apifox.com)", "errors": "", "cost": 0.0052422}
2026-04-22T20:48:23.554+0800	INFO	controller/init.go:26	===============================================
2026-04-22T20:48:23.559+0800	INFO	controller/init.go:27	logger init success...
2026-04-22T20:48:23.594+0800	INFO	controller/init.go:36	mysql init success...
2026-04-22T20:48:23.595+0800	INFO	controller/init.go:44	redis init success...
2026-04-22T20:48:23.595+0800	INFO	controller/init.go:51	snowflake init success...
2026-04-22T20:48:23.595+0800	INFO	controller/init.go:58	trans init success...
2026-04-22T20:49:14.307+0800	INFO	logger/logger.go:93	/api/v1/postList	{"status": 200, "method": "GET", "path": "/api/v1/postList", "query": "page=1&size=2", "ip": "::1", "user-agent": "Apifox/1.0.0 (https://apifox.com)", "errors": "", "cost": 0.0057952}
2026-04-22T20:50:16.402+0800	INFO	controller/init.go:26	===============================================
2026-04-22T20:50:16.407+0800	INFO	controller/init.go:27	logger init success...
2026-04-22T20:50:16.440+0800	INFO	controller/init.go:36	mysql init success...
2026-04-22T20:50:16.441+0800	INFO	controller/init.go:44	redis init success...
2026-04-22T20:50:16.441+0800	INFO	controller/init.go:51	snowflake init success...
2026-04-22T20:50:16.441+0800	INFO	controller/init.go:58	trans init success...
2026-04-22T20:52:57.839+0800	INFO	controller/init.go:26	===============================================
2026-04-22T20:52:57.844+0800	INFO	controller/init.go:27	logger init success...
2026-04-22T20:52:57.880+0800	INFO	controller/init.go:36	mysql init success...
2026-04-22T20:52:57.881+0800	INFO	controller/init.go:44	redis init success...
2026-04-22T20:52:57.881+0800	INFO	controller/init.go:51	snowflake init success...
2026-04-22T20:52:57.881+0800	INFO	controller/init.go:58	trans init success...
2026-04-22T20:53:21.304+0800	INFO	controller/init.go:26	===============================================
2026-04-22T20:53:21.309+0800	INFO	controller/init.go:27	logger init success...
2026-04-22T20:53:21.354+0800	INFO	controller/init.go:36	mysql init success...
2026-04-22T20:53:21.355+0800	INFO	controller/init.go:44	redis init success...
2026-04-22T20:53:21.355+0800	INFO	controller/init.go:51	snowflake init success...
2026-04-22T20:53:21.355+0800	INFO	controller/init.go:58	trans init success...
2026-04-22T20:53:24.101+0800	INFO	controller/init.go:26	===============================================
2026-04-22T20:53:24.106+0800	INFO	controller/init.go:27	logger init success...
2026-04-22T20:53:24.137+0800	INFO	controller/init.go:36	mysql init success...
2026-04-22T20:53:24.139+0800	INFO	controller/init.go:44	redis init success...
2026-04-22T20:53:24.139+0800	INFO	controller/init.go:51	snowflake init success...
2026-04-22T20:53:24.140+0800	INFO	controller/init.go:58	trans init success...
2026-04-22T20:53:54.825+0800	INFO	controller/init.go:26	===============================================
2026-04-22T20:53:54.830+0800	INFO	controller/init.go:27	logger init success...
2026-04-22T20:53:54.885+0800	INFO	controller/init.go:36	mysql init success...
2026-04-22T20:53:54.886+0800	INFO	controller/init.go:44	redis init success...
2026-04-22T20:53:54.886+0800	INFO	controller/init.go:51	snowflake init success...
2026-04-22T20:53:54.886+0800	INFO	controller/init.go:58	trans init success...
2026-04-22T20:55:57.505+0800	INFO	controller/init.go:26	===============================================
2026-04-22T20:55:57.510+0800	INFO	controller/init.go:27	logger init success...
2026-04-22T20:55:57.549+0800	INFO	controller/init.go:36	mysql init success...
2026-04-22T20:55:57.549+0800	INFO	controller/init.go:44	redis init success...
2026-04-22T20:55:57.549+0800	INFO	controller/init.go:51	snowflake init success...
2026-04-22T20:55:57.550+0800	INFO	controller/init.go:58	trans init success...
2026-04-22T20:57:45.047+0800	INFO	controller/init.go:26	===============================================
2026-04-22T20:57:45.052+0800	INFO	controller/init.go:27	logger init success...
2026-04-22T20:57:45.082+0800	INFO	controller/init.go:36	mysql init success...
2026-04-22T20:57:45.083+0800	INFO	controller/init.go:44	redis init success...
2026-04-22T20:57:45.084+0800	INFO	controller/init.go:51	snowflake init success...
2026-04-22T20:57:45.085+0800	INFO	controller/init.go:58	trans init success...
2026-04-22T20:57:50.873+0800	INFO	logger/logger.go:93	/api/v1/postList	{"status": 200, "method": "GET", "path": "/api/v1/postList", "query": "page=1&size=2", "ip": "::1", "user-agent": "Apifox/1.0.0 (https://apifox.com)", "errors": "", "cost": 0.0048409}
2026-04-22T20:58:05.072+0800	INFO	logger/logger.go:93	/api/v1/postList	{"status": 200, "method": "GET", "path": "/api/v1/postList", "query": "page=1&size=2", "ip": "::1", "user-agent": "Apifox/1.0.0 (https://apifox.com)", "errors": "", "cost": 0.0037832}
2026-04-22T20:58:20.288+0800	INFO	logger/logger.go:93	/api/v1/postList	{"status": 200, "method": "GET", "path": "/api/v1/postList", "query": "page=1&size=1", "ip": "::1", "user-agent": "Apifox/1.0.0 (https://apifox.com)", "errors": "", "cost": 0.0018797}
2026-04-22T20:59:52.056+0800	INFO	controller/init.go:26	===============================================
2026-04-22T20:59:52.062+0800	INFO	controller/init.go:27	logger init success...
2026-04-22T20:59:52.152+0800	INFO	controller/init.go:36	mysql init success...
2026-04-22T20:59:52.153+0800	INFO	controller/init.go:44	redis init success...
2026-04-22T20:59:52.153+0800	INFO	controller/init.go:51	snowflake init success...
2026-04-22T20:59:52.155+0800	INFO	controller/init.go:58	trans init success...
2026-04-22T21:00:41.712+0800	INFO	controller/init.go:26	===============================================
2026-04-22T21:00:41.718+0800	INFO	controller/init.go:27	logger init success...
2026-04-22T21:00:41.754+0800	INFO	controller/init.go:36	mysql init success...
2026-04-22T21:00:41.756+0800	INFO	controller/init.go:44	redis init success...
2026-04-22T21:00:41.756+0800	INFO	controller/init.go:51	snowflake init success...
2026-04-22T21:00:41.757+0800	INFO	controller/init.go:58	trans init success...
2026-04-22T21:00:44.610+0800	INFO	logger/logger.go:93	/api/v1/postList	{"status": 200, "method": "GET", "path": "/api/v1/postList", "query": "page=1&size=1", "ip": "::1", "user-agent": "Apifox/1.0.0 (https://apifox.com)", "errors": "", "cost": 0.0047012}
2026-04-22T21:01:14.328+0800	INFO	controller/init.go:26	===============================================
2026-04-22T21:01:14.334+0800	INFO	controller/init.go:27	logger init success...
2026-04-22T21:01:14.370+0800	INFO	controller/init.go:36	mysql init success...
2026-04-22T21:01:14.371+0800	INFO	controller/init.go:44	redis init success...
2026-04-22T21:01:14.371+0800	INFO	controller/init.go:51	snowflake init success...
2026-04-22T21:01:14.371+0800	INFO	controller/init.go:58	trans init success...
2026-04-22T21:01:38.351+0800	INFO	logger/logger.go:93	/api/v1/postList	{"status": 200, "method": "GET", "path": "/api/v1/postList", "query": "page=1&size=1", "ip": "::1", "user-agent": "Apifox/1.0.0 (https://apifox.com)", "errors": "", "cost": 0.0043291}
2026-04-22T21:01:55.557+0800	INFO	controller/init.go:26	===============================================
2026-04-22T21:01:55.563+0800	INFO	controller/init.go:27	logger init success...
2026-04-22T21:01:55.623+0800	INFO	controller/init.go:36	mysql init success...
2026-04-22T21:01:55.624+0800	INFO	controller/init.go:44	redis init success...
2026-04-22T21:01:55.624+0800	INFO	controller/init.go:51	snowflake init success...
2026-04-22T21:01:55.624+0800	INFO	controller/init.go:58	trans init success...
2026-04-22T21:01:57.574+0800	INFO	logger/logger.go:93	/api/v1/postList	{"status": 200, "method": "GET", "path": "/api/v1/postList", "query": "page=1&size=1", "ip": "::1", "user-agent": "Apifox/1.0.0 (https://apifox.com)", "errors": "", "cost": 0.0036041}
2026-04-22T21:02:14.176+0800	INFO	controller/init.go:26	===============================================
2026-04-22T21:02:14.181+0800	INFO	controller/init.go:27	logger init success...
2026-04-22T21:02:14.214+0800	INFO	controller/init.go:36	mysql init success...
2026-04-22T21:02:14.214+0800	INFO	controller/init.go:44	redis init success...
2026-04-22T21:02:14.214+0800	INFO	controller/init.go:51	snowflake init success...
2026-04-22T21:02:14.215+0800	INFO	controller/init.go:58	trans init success...
2026-04-22T21:02:20.010+0800	INFO	controller/init.go:26	===============================================
2026-04-22T21:02:20.016+0800	INFO	controller/init.go:27	logger init success...
2026-04-22T21:02:20.074+0800	INFO	controller/init.go:36	mysql init success...
2026-04-22T21:02:20.076+0800	INFO	controller/init.go:44	redis init success...
2026-04-22T21:02:20.076+0800	INFO	controller/init.go:51	snowflake init success...
2026-04-22T21:02:20.076+0800	INFO	controller/init.go:58	trans init success...
2026-04-22T21:02:24.213+0800	INFO	controller/init.go:26	===============================================
2026-04-22T21:02:24.218+0800	INFO	controller/init.go:27	logger init success...
2026-04-22T21:02:24.252+0800	INFO	controller/init.go:36	mysql init success...
2026-04-22T21:02:24.253+0800	INFO	controller/init.go:44	redis init success...
2026-04-22T21:02:24.253+0800	INFO	controller/init.go:51	snowflake init success...
2026-04-22T21:02:24.253+0800	INFO	controller/init.go:58	trans init success...
2026-04-22T21:02:26.669+0800	INFO	logger/logger.go:93	/api/v1/postList	{"status": 200, "method": "GET", "path": "/api/v1/postList", "query": "page=1&size=1", "ip": "::1", "user-agent": "Apifox/1.0.0 (https://apifox.com)", "errors": "", "cost": 0.0036999}
2026-04-22T21:02:37.560+0800	INFO	controller/init.go:26	===============================================
2026-04-22T21:02:37.566+0800	INFO	controller/init.go:27	logger init success...
2026-04-22T21:02:37.596+0800	INFO	controller/init.go:36	mysql init success...
2026-04-22T21:02:37.597+0800	INFO	controller/init.go:44	redis init success...
2026-04-22T21:02:37.598+0800	INFO	controller/init.go:51	snowflake init success...
2026-04-22T21:02:37.598+0800	INFO	controller/init.go:58	trans init success...
2026-04-22T21:02:39.300+0800	INFO	logger/logger.go:93	/api/v1/postList	{"status": 200, "method": "GET", "path": "/api/v1/postList", "query": "page=1&size=1", "ip": "::1", "user-agent": "Apifox/1.0.0 (https://apifox.com)", "errors": "", "cost": 0.0029808}
2026-04-22T21:02:48.749+0800	INFO	controller/init.go:26	===============================================
2026-04-22T21:02:48.754+0800	INFO	controller/init.go:27	logger init success...
2026-04-22T21:02:48.791+0800	INFO	controller/init.go:36	mysql init success...
2026-04-22T21:02:48.791+0800	INFO	controller/init.go:44	redis init success...
2026-04-22T21:02:48.792+0800	INFO	controller/init.go:51	snowflake init success...
2026-04-22T21:02:48.792+0800	INFO	controller/init.go:58	trans init success...
2026-04-22T21:03:33.738+0800	INFO	controller/init.go:26	===============================================
2026-04-22T21:03:33.743+0800	INFO	controller/init.go:27	logger init success...
2026-04-22T21:03:33.795+0800	INFO	controller/init.go:36	mysql init success...
2026-04-22T21:03:33.797+0800	INFO	controller/init.go:44	redis init success...
2026-04-22T21:03:33.797+0800	INFO	controller/init.go:51	snowflake init success...
2026-04-22T21:03:33.797+0800	INFO	controller/init.go:58	trans init success...
2026-04-22T21:03:43.507+0800	INFO	controller/init.go:26	===============================================
2026-04-22T21:03:43.513+0800	INFO	controller/init.go:27	logger init success...
2026-04-22T21:03:43.542+0800	INFO	controller/init.go:36	mysql init success...
2026-04-22T21:03:43.543+0800	INFO	controller/init.go:44	redis init success...
2026-04-22T21:03:43.543+0800	INFO	controller/init.go:51	snowflake init success...
2026-04-22T21:03:43.544+0800	INFO	controller/init.go:58	trans init success...
2026-04-22T21:03:45.989+0800	ERROR	mysql/post.go:22	--------------	{"page": 1, "size": 10}
2026-04-22T21:03:45.992+0800	INFO	logger/logger.go:93	/api/v1/postList	{"status": 200, "method": "GET", "path": "/api/v1/postList", "query": "page=1&size=1", "ip": "::1", "user-agent": "Apifox/1.0.0 (https://apifox.com)", "errors": "", "cost": 0.0035623}
2026-04-22T21:04:42.403+0800	INFO	controller/init.go:26	===============================================
2026-04-22T21:04:42.408+0800	INFO	controller/init.go:27	logger init success...
2026-04-22T21:04:42.442+0800	INFO	controller/init.go:36	mysql init success...
2026-04-22T21:04:42.443+0800	INFO	controller/init.go:44	redis init success...
2026-04-22T21:04:42.443+0800	INFO	controller/init.go:51	snowflake init success...
2026-04-22T21:04:42.443+0800	INFO	controller/init.go:58	trans init success...
2026-04-22T21:04:53.393+0800	INFO	controller/init.go:26	===============================================
2026-04-22T21:04:53.398+0800	INFO	controller/init.go:27	logger init success...
2026-04-22T21:04:53.430+0800	INFO	controller/init.go:36	mysql init success...
2026-04-22T21:04:53.431+0800	INFO	controller/init.go:44	redis init success...
2026-04-22T21:04:53.432+0800	INFO	controller/init.go:51	snowflake init success...
2026-04-22T21:04:53.432+0800	INFO	controller/init.go:58	trans init success...
2026-04-22T21:04:56.768+0800	ERROR	controller/post.go:78	strconv.ParseInt(sizeStr, 10, 64) failed: 	{"error": "strconv.ParseInt: parsing \"\": invalid syntax"}
2026-04-22T21:04:56.768+0800	ERROR	mysql/post.go:22	--------------	{"page": 1, "size": 10}
2026-04-22T21:04:56.773+0800	INFO	logger/logger.go:93	/api/v1/postList	{"status": 200, "method": "GET", "path": "/api/v1/postList", "query": "page=1&size=1", "ip": "::1", "user-agent": "Apifox/1.0.0 (https://apifox.com)", "errors": "", "cost": 0.0056976}
2026-04-22T21:05:13.331+0800	ERROR	controller/post.go:78	strconv.ParseInt(sizeStr, 10, 64) failed: 	{"error": "strconv.ParseInt: parsing \"\": invalid syntax"}
2026-04-22T21:05:13.331+0800	ERROR	mysql/post.go:22	--------------	{"page": 1, "size": 10}
2026-04-22T21:05:13.336+0800	INFO	logger/logger.go:93	/api/v1/postList	{"status": 200, "method": "GET", "path": "/api/v1/postList", "query": "page=1&size=1", "ip": "::1", "user-agent": "Apifox/1.0.0 (https://apifox.com)", "errors": "", "cost": 0.0043665}
2026-04-22T21:05:33.635+0800	ERROR	controller/post.go:78	strconv.ParseInt(sizeStr, 10, 64) failed: 	{"error": "strconv.ParseInt: parsing \"\": invalid syntax"}
2026-04-22T21:05:33.635+0800	ERROR	mysql/post.go:22	--------------	{"page": 1, "size": 10}
2026-04-22T21:05:33.638+0800	INFO	logger/logger.go:93	/api/v1/postList	{"status": 200, "method": "GET", "path": "/api/v1/postList", "query": "page=1&size=1", "ip": "::1", "user-agent": "Apifox/1.0.0 (https://apifox.com)", "errors": "", "cost": 0.0041145}
2026-04-22T21:05:41.967+0800	INFO	controller/init.go:26	===============================================
2026-04-22T21:05:41.972+0800	INFO	controller/init.go:27	logger init success...
2026-04-22T21:05:42.019+0800	INFO	controller/init.go:36	mysql init success...
2026-04-22T21:05:42.020+0800	INFO	controller/init.go:44	redis init success...
2026-04-22T21:05:42.021+0800	INFO	controller/init.go:51	snowflake init success...
2026-04-22T21:05:42.021+0800	INFO	controller/init.go:58	trans init success...
2026-04-22T21:05:47.536+0800	INFO	controller/init.go:26	===============================================
2026-04-22T21:05:47.541+0800	INFO	controller/init.go:27	logger init success...
2026-04-22T21:05:47.572+0800	INFO	controller/init.go:36	mysql init success...
2026-04-22T21:05:47.573+0800	INFO	controller/init.go:44	redis init success...
2026-04-22T21:05:47.573+0800	INFO	controller/init.go:51	snowflake init success...
2026-04-22T21:05:47.573+0800	INFO	controller/init.go:58	trans init success...
2026-04-22T21:05:50.713+0800	ERROR	controller/post.go:78	strconv.ParseInt(sizeStr, 10, 64) failed: 	{"error": "strconv.ParseInt: parsing \"\": invalid syntax"}
2026-04-22T21:05:50.717+0800	INFO	logger/logger.go:93	/api/v1/postList	{"status": 200, "method": "GET", "path": "/api/v1/postList", "query": "page=1&size=1", "ip": "::1", "user-agent": "Apifox/1.0.0 (https://apifox.com)", "errors": "", "cost": 0.0056017}
2026-04-22T21:07:15.085+0800	ERROR	controller/post.go:78	strconv.ParseInt(sizeStr, 10, 64) failed: 	{"error": "strconv.ParseInt: parsing \"\": invalid syntax"}
2026-04-22T21:07:15.091+0800	INFO	logger/logger.go:93	/api/v1/postList	{"status": 200, "method": "GET", "path": "/api/v1/postList", "query": "page=1&size=1", "ip": "::1", "user-agent": "Apifox/1.0.0 (https://apifox.com)", "errors": "", "cost": 0.0058278}
2026-04-22T21:09:26.868+0800	INFO	controller/init.go:26	===============================================
2026-04-22T21:09:26.873+0800	INFO	controller/init.go:27	logger init success...
2026-04-22T21:09:26.907+0800	INFO	controller/init.go:36	mysql init success...
2026-04-22T21:09:26.908+0800	INFO	controller/init.go:44	redis init success...
2026-04-22T21:09:26.908+0800	INFO	controller/init.go:51	snowflake init success...
2026-04-22T21:09:26.909+0800	INFO	controller/init.go:58	trans init success...
2026-04-22T21:09:30.779+0800	ERROR	controller/post.go:71	--------	{"pageStr": "1", "sizeStr": ""}
2026-04-22T21:09:30.780+0800	ERROR	controller/post.go:80	strconv.ParseInt(sizeStr, 10, 64) failed: 	{"error": "strconv.ParseInt: parsing \"\": invalid syntax"}
2026-04-22T21:09:30.786+0800	INFO	logger/logger.go:93	/api/v1/postList	{"status": 200, "method": "GET", "path": "/api/v1/postList", "query": "page=1&size=1", "ip": "::1", "user-agent": "Apifox/1.0.0 (https://apifox.com)", "errors": "", "cost": 0.0072375}
2026-04-22T21:09:46.774+0800	INFO	controller/init.go:26	===============================================
2026-04-22T21:09:46.779+0800	INFO	controller/init.go:27	logger init success...
2026-04-22T21:09:46.809+0800	INFO	controller/init.go:36	mysql init success...
2026-04-22T21:09:46.810+0800	INFO	controller/init.go:44	redis init success...
2026-04-22T21:09:46.810+0800	INFO	controller/init.go:51	snowflake init success...
2026-04-22T21:09:46.811+0800	INFO	controller/init.go:58	trans init success...
2026-04-22T21:09:48.740+0800	ERROR	controller/post.go:71	--------	{"pageStr": "1", "sizeStr": "1"}
2026-04-22T21:09:48.742+0800	INFO	logger/logger.go:93	/api/v1/postList	{"status": 200, "method": "GET", "path": "/api/v1/postList", "query": "page=1&size=1", "ip": "::1", "user-agent": "Apifox/1.0.0 (https://apifox.com)", "errors": "", "cost": 0.0022518}
2026-04-22T21:09:54.403+0800	ERROR	controller/post.go:71	--------	{"pageStr": "1", "sizeStr": "2"}
2026-04-22T21:09:54.406+0800	INFO	logger/logger.go:93	/api/v1/postList	{"status": 200, "method": "GET", "path": "/api/v1/postList", "query": "page=1&size=2", "ip": "::1", "user-agent": "Apifox/1.0.0 (https://apifox.com)", "errors": "", "cost": 0.0042266}
2026-04-22T21:09:58.735+0800	ERROR	controller/post.go:71	--------	{"pageStr": "2", "sizeStr": "2"}
2026-04-22T21:09:58.737+0800	INFO	logger/logger.go:93	/api/v1/postList	{"status": 200, "method": "GET", "path": "/api/v1/postList", "query": "page=2&size=2", "ip": "::1", "user-agent": "Apifox/1.0.0 (https://apifox.com)", "errors": "", "cost": 0.0017742}
2026-04-22T21:10:07.747+0800	INFO	controller/init.go:26	===============================================
2026-04-22T21:10:07.754+0800	INFO	controller/init.go:27	logger init success...
2026-04-22T21:10:07.817+0800	INFO	controller/init.go:36	mysql init success...
2026-04-22T21:10:07.817+0800	INFO	controller/init.go:44	redis init success...
2026-04-22T21:10:07.818+0800	INFO	controller/init.go:51	snowflake init success...
2026-04-22T21:10:07.818+0800	INFO	controller/init.go:58	trans init success...
2026-04-22T21:10:10.567+0800	INFO	logger/logger.go:93	/api/v1/postList	{"status": 200, "method": "GET", "path": "/api/v1/postList", "query": "page=2&size=2", "ip": "::1", "user-agent": "Apifox/1.0.0 (https://apifox.com)", "errors": "", "cost": 0.0050414}
2026-04-22T21:10:21.650+0800	INFO	backend/main.go:43	Shutdown server ...
2026-04-22T21:10:21.651+0800	INFO	backend/main.go:49	Server exiting
2026-04-25T16:01:25.031+0800	INFO	controller/init.go:26	===============================================
2026-04-25T16:01:25.037+0800	INFO	controller/init.go:27	logger init success...
2026-04-25T16:01:25.119+0800	INFO	controller/init.go:36	mysql init success...
2026-04-25T16:01:25.124+0800	INFO	controller/init.go:44	redis init success...
2026-04-25T16:01:25.124+0800	INFO	controller/init.go:51	snowflake init success...
2026-04-25T16:01:25.125+0800	INFO	controller/init.go:58	trans init success...
2026-04-25T16:01:38.073+0800	INFO	logger/logger.go:93	/api/v1/login	{"status": 200, "method": "POST", "path": "/api/v1/login", "query": "", "ip": "::1", "user-agent": "Apifox/1.0.0 (https://apifox.com)", "errors": "", "cost": 0.0074797}
2026-04-25T16:01:52.358+0800	INFO	logger/logger.go:93	/api/v1/postList	{"status": 200, "method": "GET", "path": "/api/v1/postList", "query": "page=2&size=2", "ip": "::1", "user-agent": "Apifox/1.0.0 (https://apifox.com)", "errors": "", "cost": 0.0156049}
2026-04-25T16:02:04.098+0800	INFO	logger/logger.go:93	/api/v1/postList	{"status": 200, "method": "GET", "path": "/api/v1/postList", "query": "page=1&size=2", "ip": "::1", "user-agent": "Apifox/1.0.0 (https://apifox.com)", "errors": "", "cost": 0.0032088}
2026-04-25T16:09:59.801+0800	INFO	controller/init.go:26	===============================================
2026-04-25T16:09:59.806+0800	INFO	controller/init.go:27	logger init success...
2026-04-25T16:09:59.852+0800	INFO	controller/init.go:36	mysql init success...
2026-04-25T16:09:59.853+0800	INFO	controller/init.go:44	redis init success...
2026-04-25T16:09:59.854+0800	INFO	controller/init.go:51	snowflake init success...
2026-04-25T16:09:59.854+0800	INFO	controller/init.go:58	trans init success...
2026-04-25T17:14:21.266+0800	INFO	controller/init.go:26	===============================================
2026-04-25T17:14:21.272+0800	INFO	controller/init.go:27	logger init success...
2026-04-25T17:14:21.311+0800	INFO	controller/init.go:36	mysql init success...
2026-04-25T17:14:21.312+0800	INFO	controller/init.go:44	redis init success...
2026-04-25T17:14:21.312+0800	INFO	controller/init.go:51	snowflake init success...
2026-04-25T17:14:21.313+0800	INFO	controller/init.go:58	trans init success...
2026-04-25T17:15:26.606+0800	INFO	controller/init.go:26	===============================================
2026-04-25T17:15:26.612+0800	INFO	controller/init.go:27	logger init success...
2026-04-25T17:15:26.646+0800	INFO	controller/init.go:36	mysql init success...
2026-04-25T17:15:26.647+0800	INFO	controller/init.go:44	redis init success...
2026-04-25T17:15:26.647+0800	INFO	controller/init.go:51	snowflake init success...
2026-04-25T17:15:26.649+0800	INFO	controller/init.go:58	trans init success...
2026-04-25T17:16:46.893+0800	INFO	controller/init.go:26	===============================================
2026-04-25T17:16:46.899+0800	INFO	controller/init.go:27	logger init success...
2026-04-25T17:16:46.934+0800	INFO	controller/init.go:36	mysql init success...
2026-04-25T17:16:46.935+0800	INFO	controller/init.go:44	redis init success...
2026-04-25T17:16:46.935+0800	INFO	controller/init.go:51	snowflake init success...
2026-04-25T17:16:46.936+0800	INFO	controller/init.go:58	trans init success...
2026-04-25T17:18:13.092+0800	INFO	controller/init.go:26	===============================================
2026-04-25T17:18:13.099+0800	INFO	controller/init.go:27	logger init success...
2026-04-25T17:18:13.151+0800	INFO	controller/init.go:36	mysql init success...
2026-04-25T17:18:13.152+0800	INFO	controller/init.go:44	redis init success...
2026-04-25T17:18:13.152+0800	INFO	controller/init.go:51	snowflake init success...
2026-04-25T17:18:13.152+0800	INFO	controller/init.go:58	trans init success...
2026-04-25T17:20:40.184+0800	INFO	controller/init.go:26	===============================================
2026-04-25T17:20:40.189+0800	INFO	controller/init.go:27	logger init success...
2026-04-25T17:20:40.237+0800	INFO	controller/init.go:36	mysql init success...
2026-04-25T17:20:40.238+0800	INFO	controller/init.go:44	redis init success...
2026-04-25T17:20:40.238+0800	INFO	controller/init.go:51	snowflake init success...
2026-04-25T17:20:40.238+0800	INFO	controller/init.go:58	trans init success...
2026-04-25T17:22:53.637+0800	INFO	controller/init.go:26	===============================================
2026-04-25T17:22:53.642+0800	INFO	controller/init.go:27	logger init success...
2026-04-25T17:22:53.679+0800	INFO	controller/init.go:36	mysql init success...
2026-04-25T17:22:53.680+0800	INFO	controller/init.go:44	redis init success...
2026-04-25T17:22:53.680+0800	INFO	controller/init.go:51	snowflake init success...
2026-04-25T17:22:53.680+0800	INFO	controller/init.go:58	trans init success...
2026-04-25T17:23:06.809+0800	INFO	controller/init.go:26	===============================================
2026-04-25T17:23:06.815+0800	INFO	controller/init.go:27	logger init success...
2026-04-25T17:23:06.855+0800	INFO	controller/init.go:36	mysql init success...
2026-04-25T17:23:06.855+0800	INFO	controller/init.go:44	redis init success...
2026-04-25T17:23:06.856+0800	INFO	controller/init.go:51	snowflake init success...
2026-04-25T17:23:06.856+0800	INFO	controller/init.go:58	trans init success...
2026-04-25T17:23:21.406+0800	INFO	controller/init.go:26	===============================================
2026-04-25T17:23:21.411+0800	INFO	controller/init.go:27	logger init success...
2026-04-25T17:23:21.446+0800	INFO	controller/init.go:36	mysql init success...
2026-04-25T17:23:21.448+0800	INFO	controller/init.go:44	redis init success...
2026-04-25T17:23:21.448+0800	INFO	controller/init.go:51	snowflake init success...
2026-04-25T17:23:21.448+0800	INFO	controller/init.go:58	trans init success...
2026-04-25T17:25:27.331+0800	INFO	controller/init.go:26	===============================================
2026-04-25T17:25:27.337+0800	INFO	controller/init.go:27	logger init success...
2026-04-25T17:25:27.396+0800	INFO	controller/init.go:36	mysql init success...
2026-04-25T17:25:27.397+0800	INFO	controller/init.go:44	redis init success...
2026-04-25T17:25:27.397+0800	INFO	controller/init.go:51	snowflake init success...
2026-04-25T17:25:27.398+0800	INFO	controller/init.go:58	trans init success...
2026-04-25T17:25:41.568+0800	INFO	controller/init.go:26	===============================================
2026-04-25T17:25:41.574+0800	INFO	controller/init.go:27	logger init success...
2026-04-25T17:25:41.636+0800	INFO	controller/init.go:36	mysql init success...
2026-04-25T17:25:41.637+0800	INFO	controller/init.go:44	redis init success...
2026-04-25T17:25:41.637+0800	INFO	controller/init.go:51	snowflake init success...
2026-04-25T17:25:41.637+0800	INFO	controller/init.go:58	trans init success...
2026-04-25T17:27:23.001+0800	INFO	controller/init.go:26	===============================================
2026-04-25T17:27:23.006+0800	INFO	controller/init.go:27	logger init success...
2026-04-25T17:27:23.048+0800	INFO	controller/init.go:36	mysql init success...
2026-04-25T17:27:23.049+0800	INFO	controller/init.go:44	redis init success...
2026-04-25T17:27:23.050+0800	INFO	controller/init.go:51	snowflake init success...
2026-04-25T17:27:23.050+0800	INFO	controller/init.go:58	trans init success...
2026-04-25T17:27:24.499+0800	INFO	backend/main.go:43	Shutdown server ...
2026-04-25T17:27:24.499+0800	INFO	backend/main.go:49	Server exiting
2026-04-28T19:54:41.543+0800	INFO	controller/init.go:26	===============================================
2026-04-28T19:54:41.550+0800	INFO	controller/init.go:27	logger init success...
2026-04-28T19:54:41.673+0800	INFO	controller/init.go:36	mysql init success...
2026-04-28T19:54:41.674+0800	ERROR	controller/init.go:40	init redis failed, err: 	{"error": "dial tcp 127.0.0.1:6379: connectex: No connection could be made because the target machine actively refused it."}
2026-04-28T19:54:59.216+0800	INFO	backend/main.go:43	Shutdown server ...
2026-04-28T19:54:59.216+0800	INFO	backend/main.go:49	Server exiting
2026-04-28T19:55:01.709+0800	INFO	controller/init.go:26	===============================================
2026-04-28T19:55:01.714+0800	INFO	controller/init.go:27	logger init success...
2026-04-28T19:55:01.761+0800	INFO	controller/init.go:36	mysql init success...
2026-04-28T19:55:01.763+0800	INFO	controller/init.go:44	redis init success...
2026-04-28T19:55:01.763+0800	INFO	controller/init.go:51	snowflake init success...
2026-04-28T19:55:01.763+0800	INFO	controller/init.go:58	trans init success...
2026-04-28T19:56:03.692+0800	INFO	logger/logger.go:93	/api/v1/vote	{"status": 200, "method": "POST", "path": "/api/v1/vote", "query": "", "ip": "::1", "user-agent": "Apifox/1.0.0 (https://apifox.com)", "errors": "", "cost": 0}
2026-04-28T19:56:08.461+0800	INFO	logger/logger.go:93	/api/v1/login	{"status": 200, "method": "POST", "path": "/api/v1/login", "query": "", "ip": "::1", "user-agent": "Apifox/1.0.0 (https://apifox.com)", "errors": "", "cost": 0.0127972}
2026-04-28T19:56:23.531+0800	INFO	logger/logger.go:93	/api/v1/vote	{"status": 200, "method": "POST", "path": "/api/v1/vote", "query": "", "ip": "::1", "user-agent": "Apifox/1.0.0 (https://apifox.com)", "errors": "", "cost": 0}
2026-04-28T19:57:29.185+0800	INFO	backend/main.go:43	Shutdown server ...
2026-04-28T19:57:29.185+0800	INFO	backend/main.go:49	Server exiting
2026-04-28T19:57:32.627+0800	INFO	controller/init.go:26	===============================================
2026-04-28T19:57:32.633+0800	INFO	controller/init.go:27	logger init success...
2026-04-28T19:57:32.666+0800	INFO	controller/init.go:36	mysql init success...
2026-04-28T19:57:32.666+0800	INFO	controller/init.go:44	redis init success...
2026-04-28T19:57:32.666+0800	INFO	controller/init.go:51	snowflake init success...
2026-04-28T19:57:32.666+0800	INFO	controller/init.go:58	trans init success...
2026-04-28T19:57:35.346+0800	INFO	logger/logger.go:93	/api/v1/vote	{"status": 200, "method": "POST", "path": "/api/v1/vote", "query": "", "ip": "::1", "user-agent": "Apifox/1.0.0 (https://apifox.com)", "errors": "", "cost": 0.0005341}
2026-04-28T19:59:06.952+0800	INFO	backend/main.go:43	Shutdown server ...
2026-04-28T19:59:06.952+0800	INFO	backend/main.go:49	Server exiting
2026-04-28T19:59:10.889+0800	INFO	controller/init.go:26	===============================================
2026-04-28T19:59:10.895+0800	INFO	controller/init.go:27	logger init success...
2026-04-28T19:59:10.929+0800	INFO	controller/init.go:36	mysql init success...
2026-04-28T19:59:10.930+0800	INFO	controller/init.go:44	redis init success...
2026-04-28T19:59:10.930+0800	INFO	controller/init.go:51	snowflake init success...
2026-04-28T19:59:10.931+0800	INFO	controller/init.go:58	trans init success...
2026-04-28T19:59:12.238+0800	INFO	logger/logger.go:93	/api/v1/vote	{"status": 200, "method": "POST", "path": "/api/v1/vote", "query": "", "ip": "::1", "user-agent": "Apifox/1.0.0 (https://apifox.com)", "errors": "", "cost": 0.0005047}
2026-04-28T20:01:34.486+0800	INFO	controller/init.go:26	===============================================
2026-04-28T20:01:34.491+0800	INFO	controller/init.go:27	logger init success...
2026-04-28T20:01:34.522+0800	INFO	controller/init.go:36	mysql init success...
2026-04-28T20:01:34.523+0800	INFO	controller/init.go:44	redis init success...
2026-04-28T20:01:34.523+0800	INFO	controller/init.go:51	snowflake init success...
2026-04-28T20:01:34.524+0800	INFO	controller/init.go:58	trans init success...
2026-04-28T20:01:55.257+0800	INFO	controller/init.go:26	===============================================
2026-04-28T20:01:55.263+0800	INFO	controller/init.go:27	logger init success...
2026-04-28T20:01:55.295+0800	INFO	controller/init.go:36	mysql init success...
2026-04-28T20:01:55.296+0800	INFO	controller/init.go:44	redis init success...
2026-04-28T20:01:55.296+0800	INFO	controller/init.go:51	snowflake init success...
2026-04-28T20:01:55.296+0800	INFO	controller/init.go:58	trans init success...
2026-04-28T20:02:07.194+0800	INFO	controller/init.go:26	===============================================
2026-04-28T20:02:07.200+0800	INFO	controller/init.go:27	logger init success...
2026-04-28T20:02:07.245+0800	INFO	controller/init.go:36	mysql init success...
2026-04-28T20:02:07.246+0800	INFO	controller/init.go:44	redis init success...
2026-04-28T20:02:07.246+0800	INFO	controller/init.go:51	snowflake init success...
2026-04-28T20:02:07.247+0800	INFO	controller/init.go:58	trans init success...
2026-04-28T20:02:59.218+0800	INFO	controller/init.go:26	===============================================
2026-04-28T20:02:59.223+0800	INFO	controller/init.go:27	logger init success...
2026-04-28T20:02:59.258+0800	INFO	controller/init.go:36	mysql init success...
2026-04-28T20:02:59.259+0800	INFO	controller/init.go:44	redis init success...
2026-04-28T20:02:59.259+0800	INFO	controller/init.go:51	snowflake init success...
2026-04-28T20:02:59.259+0800	INFO	controller/init.go:58	trans init success...
2026-04-28T20:03:06.949+0800	INFO	controller/init.go:26	===============================================
2026-04-28T20:03:06.954+0800	INFO	controller/init.go:27	logger init success...
2026-04-28T20:03:06.998+0800	INFO	controller/init.go:36	mysql init success...
2026-04-28T20:03:06.999+0800	INFO	controller/init.go:44	redis init success...
2026-04-28T20:03:07.000+0800	INFO	controller/init.go:51	snowflake init success...
2026-04-28T20:03:07.000+0800	INFO	controller/init.go:58	trans init success...
2026-04-28T20:03:49.801+0800	INFO	controller/init.go:26	===============================================
2026-04-28T20:03:49.806+0800	INFO	controller/init.go:27	logger init success...
2026-04-28T20:03:49.837+0800	INFO	controller/init.go:36	mysql init success...
2026-04-28T20:03:49.838+0800	INFO	controller/init.go:44	redis init success...
2026-04-28T20:03:49.838+0800	INFO	controller/init.go:51	snowflake init success...
2026-04-28T20:03:49.838+0800	INFO	controller/init.go:58	trans init success...
2026-04-28T20:05:03.374+0800	INFO	controller/init.go:26	===============================================
2026-04-28T20:05:03.379+0800	INFO	controller/init.go:27	logger init success...
2026-04-28T20:05:03.409+0800	INFO	controller/init.go:36	mysql init success...
2026-04-28T20:05:03.410+0800	INFO	controller/init.go:44	redis init success...
2026-04-28T20:05:03.410+0800	INFO	controller/init.go:51	snowflake init success...
2026-04-28T20:05:03.411+0800	INFO	controller/init.go:58	trans init success...
2026-04-28T20:05:13.530+0800	INFO	controller/init.go:26	===============================================
2026-04-28T20:05:13.535+0800	INFO	controller/init.go:27	logger init success...
2026-04-28T20:05:13.567+0800	INFO	controller/init.go:36	mysql init success...
2026-04-28T20:05:13.569+0800	INFO	controller/init.go:44	redis init success...
2026-04-28T20:05:13.569+0800	INFO	controller/init.go:51	snowflake init success...
2026-04-28T20:05:13.570+0800	INFO	controller/init.go:58	trans init success...
2026-04-28T20:05:20.489+0800	INFO	controller/init.go:26	===============================================
2026-04-28T20:05:20.494+0800	INFO	controller/init.go:27	logger init success...
2026-04-28T20:05:20.530+0800	INFO	controller/init.go:36	mysql init success...
2026-04-28T20:05:20.530+0800	INFO	controller/init.go:44	redis init success...
2026-04-28T20:05:20.530+0800	INFO	controller/init.go:51	snowflake init success...
2026-04-28T20:05:20.531+0800	INFO	controller/init.go:58	trans init success...
2026-04-28T20:05:40.396+0800	INFO	controller/init.go:26	===============================================
2026-04-28T20:05:40.401+0800	INFO	controller/init.go:27	logger init success...
2026-04-28T20:05:40.440+0800	INFO	controller/init.go:36	mysql init success...
2026-04-28T20:05:40.441+0800	INFO	controller/init.go:44	redis init success...
2026-04-28T20:05:40.441+0800	INFO	controller/init.go:51	snowflake init success...
2026-04-28T20:05:40.441+0800	INFO	controller/init.go:58	trans init success...
2026-04-28T20:06:15.258+0800	INFO	controller/init.go:26	===============================================
2026-04-28T20:06:15.264+0800	INFO	controller/init.go:27	logger init success...
2026-04-28T20:06:15.308+0800	INFO	controller/init.go:36	mysql init success...
2026-04-28T20:06:15.310+0800	INFO	controller/init.go:44	redis init success...
2026-04-28T20:06:15.310+0800	INFO	controller/init.go:51	snowflake init success...
2026-04-28T20:06:15.311+0800	INFO	controller/init.go:58	trans init success...
2026-04-28T20:18:32.395+0800	INFO	controller/init.go:26	===============================================
2026-04-28T20:18:32.399+0800	INFO	controller/init.go:27	logger init success...
2026-04-28T20:18:32.431+0800	INFO	controller/init.go:36	mysql init success...
2026-04-28T20:18:32.432+0800	INFO	controller/init.go:44	redis init success...
2026-04-28T20:18:32.433+0800	INFO	controller/init.go:51	snowflake init success...
2026-04-28T20:18:32.433+0800	INFO	controller/init.go:58	trans init success...
2026-04-28T20:19:32.016+0800	INFO	controller/init.go:26	===============================================
2026-04-28T20:19:32.021+0800	INFO	controller/init.go:27	logger init success...
2026-04-28T20:19:32.050+0800	INFO	controller/init.go:36	mysql init success...
2026-04-28T20:19:32.052+0800	INFO	controller/init.go:44	redis init success...
2026-04-28T20:19:32.052+0800	INFO	controller/init.go:51	snowflake init success...
2026-04-28T20:19:32.053+0800	INFO	controller/init.go:58	trans init success...
2026-04-28T20:20:15.221+0800	INFO	controller/init.go:26	===============================================
2026-04-28T20:20:15.226+0800	INFO	controller/init.go:27	logger init success...
2026-04-28T20:20:15.258+0800	INFO	controller/init.go:36	mysql init success...
2026-04-28T20:20:15.259+0800	INFO	controller/init.go:44	redis init success...
2026-04-28T20:20:15.259+0800	INFO	controller/init.go:51	snowflake init success...
2026-04-28T20:20:15.260+0800	INFO	controller/init.go:58	trans init success...
2026-04-28T20:20:37.161+0800	INFO	controller/init.go:26	===============================================
2026-04-28T20:20:37.168+0800	INFO	controller/init.go:27	logger init success...
2026-04-28T20:20:37.203+0800	INFO	controller/init.go:36	mysql init success...
2026-04-28T20:20:37.204+0800	INFO	controller/init.go:44	redis init success...
2026-04-28T20:20:37.204+0800	INFO	controller/init.go:51	snowflake init success...
2026-04-28T20:20:37.204+0800	INFO	controller/init.go:58	trans init success...
2026-04-28T20:22:54.854+0800	INFO	controller/init.go:26	===============================================
2026-04-28T20:22:54.859+0800	INFO	controller/init.go:27	logger init success...
2026-04-28T20:22:54.901+0800	INFO	controller/init.go:36	mysql init success...
2026-04-28T20:22:54.902+0800	INFO	controller/init.go:44	redis init success...
2026-04-28T20:22:54.902+0800	INFO	controller/init.go:51	snowflake init success...
2026-04-28T20:22:54.902+0800	INFO	controller/init.go:58	trans init success...
2026-04-28T20:23:18.602+0800	INFO	controller/init.go:26	===============================================
2026-04-28T20:23:18.608+0800	INFO	controller/init.go:27	logger init success...
2026-04-28T20:23:18.656+0800	INFO	controller/init.go:36	mysql init success...
2026-04-28T20:23:18.657+0800	INFO	controller/init.go:44	redis init success...
2026-04-28T20:23:18.657+0800	INFO	controller/init.go:51	snowflake init success...
2026-04-28T20:23:18.658+0800	INFO	controller/init.go:58	trans init success...
2026-04-28T20:23:31.125+0800	INFO	controller/init.go:26	===============================================
2026-04-28T20:23:31.130+0800	INFO	controller/init.go:27	logger init success...
2026-04-28T20:23:31.162+0800	INFO	controller/init.go:36	mysql init success...
2026-04-28T20:23:31.163+0800	INFO	controller/init.go:44	redis init success...
2026-04-28T20:23:31.164+0800	INFO	controller/init.go:51	snowflake init success...
2026-04-28T20:23:31.164+0800	INFO	controller/init.go:58	trans init success...
2026-04-28T20:23:52.684+0800	INFO	controller/init.go:26	===============================================
2026-04-28T20:23:52.690+0800	INFO	controller/init.go:27	logger init success...
2026-04-28T20:23:52.758+0800	INFO	controller/init.go:36	mysql init success...
2026-04-28T20:23:52.759+0800	INFO	controller/init.go:44	redis init success...
2026-04-28T20:23:52.759+0800	INFO	controller/init.go:51	snowflake init success...
2026-04-28T20:23:52.760+0800	INFO	controller/init.go:58	trans init success...
2026-04-28T20:24:08.552+0800	INFO	controller/init.go:26	===============================================
2026-04-28T20:24:08.557+0800	INFO	controller/init.go:27	logger init success...
2026-04-28T20:24:08.593+0800	INFO	controller/init.go:36	mysql init success...
2026-04-28T20:24:08.593+0800	INFO	controller/init.go:44	redis init success...
2026-04-28T20:24:08.593+0800	INFO	controller/init.go:51	snowflake init success...
2026-04-28T20:24:08.593+0800	INFO	controller/init.go:58	trans init success...
2026-04-28T20:24:25.141+0800	INFO	controller/init.go:26	===============================================
2026-04-28T20:24:25.146+0800	INFO	controller/init.go:27	logger init success...
2026-04-28T20:24:25.196+0800	INFO	controller/init.go:36	mysql init success...
2026-04-28T20:24:25.198+0800	INFO	controller/init.go:44	redis init success...
2026-04-28T20:24:25.198+0800	INFO	controller/init.go:51	snowflake init success...
2026-04-28T20:24:25.198+0800	INFO	controller/init.go:58	trans init success...
2026-04-28T20:25:02.616+0800	INFO	controller/init.go:26	===============================================
2026-04-28T20:25:02.621+0800	INFO	controller/init.go:27	logger init success...
2026-04-28T20:25:02.667+0800	INFO	controller/init.go:36	mysql init success...
2026-04-28T20:25:02.668+0800	INFO	controller/init.go:44	redis init success...
2026-04-28T20:25:02.668+0800	INFO	controller/init.go:51	snowflake init success...
2026-04-28T20:25:02.669+0800	INFO	controller/init.go:58	trans init success...
2026-04-28T20:26:39.318+0800	INFO	controller/init.go:26	===============================================
2026-04-28T20:26:39.323+0800	INFO	controller/init.go:27	logger init success...
2026-04-28T20:26:39.361+0800	INFO	controller/init.go:36	mysql init success...
2026-04-28T20:26:39.362+0800	INFO	controller/init.go:44	redis init success...
2026-04-28T20:26:39.362+0800	INFO	controller/init.go:51	snowflake init success...
2026-04-28T20:26:39.362+0800	INFO	controller/init.go:58	trans init success...
2026-04-28T20:27:21.396+0800	INFO	controller/init.go:26	===============================================
2026-04-28T20:27:21.400+0800	INFO	controller/init.go:27	logger init success...
2026-04-28T20:27:21.432+0800	INFO	controller/init.go:36	mysql init success...
2026-04-28T20:27:21.433+0800	INFO	controller/init.go:44	redis init success...
2026-04-28T20:27:21.433+0800	INFO	controller/init.go:51	snowflake init success...
2026-04-28T20:27:21.434+0800	INFO	controller/init.go:58	trans init success...
2026-04-28T20:28:11.092+0800	INFO	controller/init.go:26	===============================================
2026-04-28T20:28:11.097+0800	INFO	controller/init.go:27	logger init success...
2026-04-28T20:28:11.140+0800	INFO	controller/init.go:36	mysql init success...
2026-04-28T20:28:11.141+0800	INFO	controller/init.go:44	redis init success...
2026-04-28T20:28:11.141+0800	INFO	controller/init.go:51	snowflake init success...
2026-04-28T20:28:11.141+0800	INFO	controller/init.go:58	trans init success...
2026-04-28T20:28:34.930+0800	INFO	controller/init.go:26	===============================================
2026-04-28T20:28:34.935+0800	INFO	controller/init.go:27	logger init success...
2026-04-28T20:28:34.972+0800	INFO	controller/init.go:36	mysql init success...
2026-04-28T20:28:34.974+0800	INFO	controller/init.go:44	redis init success...
2026-04-28T20:28:34.974+0800	INFO	controller/init.go:51	snowflake init success...
2026-04-28T20:28:34.974+0800	INFO	controller/init.go:58	trans init success...
2026-04-28T20:29:18.060+0800	INFO	controller/init.go:26	===============================================
2026-04-28T20:29:18.065+0800	INFO	controller/init.go:27	logger init success...
2026-04-28T20:29:18.097+0800	INFO	controller/init.go:36	mysql init success...
2026-04-28T20:29:18.098+0800	INFO	controller/init.go:44	redis init success...
2026-04-28T20:29:18.098+0800	INFO	controller/init.go:51	snowflake init success...
2026-04-28T20:29:18.098+0800	INFO	controller/init.go:58	trans init success...
2026-04-28T20:29:34.625+0800	INFO	controller/init.go:26	===============================================
2026-04-28T20:29:34.631+0800	INFO	controller/init.go:27	logger init success...
2026-04-28T20:29:34.667+0800	INFO	controller/init.go:36	mysql init success...
2026-04-28T20:29:34.668+0800	INFO	controller/init.go:44	redis init success...
2026-04-28T20:29:34.668+0800	INFO	controller/init.go:51	snowflake init success...
2026-04-28T20:29:34.668+0800	INFO	controller/init.go:58	trans init success...
2026-04-28T20:29:52.588+0800	INFO	controller/init.go:26	===============================================
2026-04-28T20:29:52.593+0800	INFO	controller/init.go:27	logger init success...
2026-04-28T20:29:52.630+0800	INFO	controller/init.go:36	mysql init success...
2026-04-28T20:29:52.631+0800	INFO	controller/init.go:44	redis init success...
2026-04-28T20:29:52.631+0800	INFO	controller/init.go:51	snowflake init success...
2026-04-28T20:29:52.632+0800	INFO	controller/init.go:58	trans init success...
2026-04-28T20:30:02.817+0800	INFO	controller/init.go:26	===============================================
2026-04-28T20:30:02.821+0800	INFO	controller/init.go:27	logger init success...
2026-04-28T20:30:02.861+0800	INFO	controller/init.go:36	mysql init success...
2026-04-28T20:30:02.864+0800	INFO	controller/init.go:44	redis init success...
2026-04-28T20:30:02.864+0800	INFO	controller/init.go:51	snowflake init success...
2026-04-28T20:30:02.864+0800	INFO	controller/init.go:58	trans init success...
2026-04-28T20:30:32.524+0800	INFO	controller/init.go:26	===============================================
2026-04-28T20:30:32.529+0800	INFO	controller/init.go:27	logger init success...
2026-04-28T20:30:32.559+0800	INFO	controller/init.go:36	mysql init success...
2026-04-28T20:30:32.560+0800	INFO	controller/init.go:44	redis init success...
2026-04-28T20:30:32.560+0800	INFO	controller/init.go:51	snowflake init success...
2026-04-28T20:30:32.561+0800	INFO	controller/init.go:58	trans init success...
2026-04-28T20:31:54.049+0800	INFO	controller/init.go:26	===============================================
2026-04-28T20:31:54.055+0800	INFO	controller/init.go:27	logger init success...
2026-04-28T20:31:54.088+0800	INFO	controller/init.go:36	mysql init success...
2026-04-28T20:31:54.088+0800	INFO	controller/init.go:44	redis init success...
2026-04-28T20:31:54.089+0800	INFO	controller/init.go:51	snowflake init success...
2026-04-28T20:31:54.089+0800	INFO	controller/init.go:58	trans init success...
2026-04-28T20:32:10.050+0800	INFO	controller/init.go:26	===============================================
2026-04-28T20:32:10.055+0800	INFO	controller/init.go:27	logger init success...
2026-04-28T20:32:10.085+0800	INFO	controller/init.go:36	mysql init success...
2026-04-28T20:32:10.086+0800	INFO	controller/init.go:44	redis init success...
2026-04-28T20:32:10.086+0800	INFO	controller/init.go:51	snowflake init success...
2026-04-28T20:32:10.086+0800	INFO	controller/init.go:58	trans init success...
2026-04-28T20:32:29.782+0800	INFO	controller/init.go:26	===============================================
2026-04-28T20:32:29.788+0800	INFO	controller/init.go:27	logger init success...
2026-04-28T20:32:29.829+0800	INFO	controller/init.go:36	mysql init success...
2026-04-28T20:32:29.829+0800	INFO	controller/init.go:44	redis init success...
2026-04-28T20:32:29.829+0800	INFO	controller/init.go:51	snowflake init success...
2026-04-28T20:32:29.830+0800	INFO	controller/init.go:58	trans init success...
2026-04-28T20:33:51.251+0800	INFO	controller/init.go:26	===============================================
2026-04-28T20:33:51.256+0800	INFO	controller/init.go:27	logger init success...
2026-04-28T20:33:51.288+0800	INFO	controller/init.go:36	mysql init success...
2026-04-28T20:33:51.289+0800	INFO	controller/init.go:44	redis init success...
2026-04-28T20:33:51.289+0800	INFO	controller/init.go:51	snowflake init success...
2026-04-28T20:33:51.290+0800	INFO	controller/init.go:58	trans init success...
2026-04-28T20:34:33.420+0800	INFO	controller/init.go:26	===============================================
2026-04-28T20:34:33.425+0800	INFO	controller/init.go:27	logger init success...
2026-04-28T20:34:33.475+0800	INFO	controller/init.go:36	mysql init success...
2026-04-28T20:34:33.476+0800	INFO	controller/init.go:44	redis init success...
2026-04-28T20:34:33.476+0800	INFO	controller/init.go:51	snowflake init success...
2026-04-28T20:34:33.476+0800	INFO	controller/init.go:58	trans init success...
2026-04-28T20:34:41.781+0800	INFO	controller/init.go:26	===============================================
2026-04-28T20:34:41.787+0800	INFO	controller/init.go:27	logger init success...
2026-04-28T20:34:41.831+0800	INFO	controller/init.go:36	mysql init success...
2026-04-28T20:34:41.832+0800	INFO	controller/init.go:44	redis init success...
2026-04-28T20:34:41.832+0800	INFO	controller/init.go:51	snowflake init success...
2026-04-28T20:34:41.832+0800	INFO	controller/init.go:58	trans init success...
2026-04-28T20:34:55.117+0800	INFO	controller/init.go:26	===============================================
2026-04-28T20:34:55.122+0800	INFO	controller/init.go:27	logger init success...
2026-04-28T20:34:55.152+0800	INFO	controller/init.go:36	mysql init success...
2026-04-28T20:34:55.153+0800	INFO	controller/init.go:44	redis init success...
2026-04-28T20:34:55.154+0800	INFO	controller/init.go:51	snowflake init success...
2026-04-28T20:34:55.154+0800	INFO	controller/init.go:58	trans init success...
2026-04-28T20:37:45.678+0800	INFO	controller/init.go:26	===============================================
2026-04-28T20:37:45.684+0800	INFO	controller/init.go:27	logger init success...
2026-04-28T20:37:45.716+0800	INFO	controller/init.go:36	mysql init success...
2026-04-28T20:37:45.716+0800	INFO	controller/init.go:44	redis init success...
2026-04-28T20:37:45.717+0800	INFO	controller/init.go:51	snowflake init success...
2026-04-28T20:37:45.717+0800	INFO	controller/init.go:58	trans init success...
2026-04-28T20:37:58.661+0800	INFO	controller/init.go:26	===============================================
2026-04-28T20:37:58.665+0800	INFO	controller/init.go:27	logger init success...
2026-04-28T20:37:58.698+0800	INFO	controller/init.go:36	mysql init success...
2026-04-28T20:37:58.699+0800	INFO	controller/init.go:44	redis init success...
2026-04-28T20:37:58.699+0800	INFO	controller/init.go:51	snowflake init success...
2026-04-28T20:37:58.700+0800	INFO	controller/init.go:58	trans init success...
2026-04-28T20:42:35.043+0800	INFO	controller/init.go:26	===============================================
2026-04-28T20:42:35.048+0800	INFO	controller/init.go:27	logger init success...
2026-04-28T20:42:35.077+0800	INFO	controller/init.go:36	mysql init success...
2026-04-28T20:42:35.078+0800	INFO	controller/init.go:44	redis init success...
2026-04-28T20:42:35.079+0800	INFO	controller/init.go:51	snowflake init success...
2026-04-28T20:42:35.079+0800	INFO	controller/init.go:58	trans init success...
2026-04-28T20:43:05.707+0800	INFO	controller/init.go:26	===============================================
2026-04-28T20:43:05.712+0800	INFO	controller/init.go:27	logger init success...
2026-04-28T20:43:05.749+0800	INFO	controller/init.go:36	mysql init success...
2026-04-28T20:43:05.750+0800	INFO	controller/init.go:44	redis init success...
2026-04-28T20:43:05.750+0800	INFO	controller/init.go:51	snowflake init success...
2026-04-28T20:43:05.750+0800	INFO	controller/init.go:58	trans init success...
2026-04-28T20:43:53.405+0800	INFO	controller/init.go:26	===============================================
2026-04-28T20:43:53.410+0800	INFO	controller/init.go:27	logger init success...
2026-04-28T20:43:53.450+0800	INFO	controller/init.go:36	mysql init success...
2026-04-28T20:43:53.450+0800	INFO	controller/init.go:44	redis init success...
2026-04-28T20:43:53.451+0800	INFO	controller/init.go:51	snowflake init success...
2026-04-28T20:43:53.451+0800	INFO	controller/init.go:58	trans init success...
2026-04-28T20:47:19.830+0800	INFO	controller/init.go:26	===============================================
2026-04-28T20:47:19.835+0800	INFO	controller/init.go:27	logger init success...
2026-04-28T20:47:19.882+0800	INFO	controller/init.go:36	mysql init success...
2026-04-28T20:47:19.883+0800	INFO	controller/init.go:44	redis init success...
2026-04-28T20:47:19.883+0800	INFO	controller/init.go:51	snowflake init success...
2026-04-28T20:47:19.884+0800	INFO	controller/init.go:58	trans init success...
2026-04-28T20:47:37.276+0800	INFO	controller/init.go:26	===============================================
2026-04-28T20:47:37.281+0800	INFO	controller/init.go:27	logger init success...
2026-04-28T20:47:37.319+0800	INFO	controller/init.go:36	mysql init success...
2026-04-28T20:47:37.320+0800	INFO	controller/init.go:44	redis init success...
2026-04-28T20:47:37.320+0800	INFO	controller/init.go:51	snowflake init success...
2026-04-28T20:47:37.321+0800	INFO	controller/init.go:58	trans init success...
2026-04-28T20:48:26.422+0800	INFO	controller/init.go:26	===============================================
2026-04-28T20:48:26.426+0800	INFO	controller/init.go:27	logger init success...
2026-04-28T20:48:26.458+0800	INFO	controller/init.go:36	mysql init success...
2026-04-28T20:48:26.459+0800	INFO	controller/init.go:44	redis init success...
2026-04-28T20:48:26.459+0800	INFO	controller/init.go:51	snowflake init success...
2026-04-28T20:48:26.459+0800	INFO	controller/init.go:58	trans init success...
2026-04-28T20:49:04.436+0800	INFO	controller/init.go:26	===============================================
2026-04-28T20:49:04.442+0800	INFO	controller/init.go:27	logger init success...
2026-04-28T20:49:04.483+0800	INFO	controller/init.go:36	mysql init success...
2026-04-28T20:49:04.484+0800	INFO	controller/init.go:44	redis init success...
2026-04-28T20:49:04.485+0800	INFO	controller/init.go:51	snowflake init success...
2026-04-28T20:49:04.485+0800	INFO	controller/init.go:58	trans init success...
2026-04-28T20:49:41.921+0800	INFO	controller/init.go:26	===============================================
2026-04-28T20:49:41.926+0800	INFO	controller/init.go:27	logger init success...
2026-04-28T20:49:41.975+0800	INFO	controller/init.go:36	mysql init success...
2026-04-28T20:49:41.976+0800	INFO	controller/init.go:44	redis init success...
2026-04-28T20:49:41.977+0800	INFO	controller/init.go:51	snowflake init success...
2026-04-28T20:49:41.977+0800	INFO	controller/init.go:58	trans init success...
2026-04-28T20:51:35.777+0800	INFO	controller/init.go:26	===============================================
2026-04-28T20:51:35.782+0800	INFO	controller/init.go:27	logger init success...
2026-04-28T20:51:35.812+0800	INFO	controller/init.go:36	mysql init success...
2026-04-28T20:51:35.813+0800	INFO	controller/init.go:44	redis init success...
2026-04-28T20:51:35.813+0800	INFO	controller/init.go:51	snowflake init success...
2026-04-28T20:51:35.813+0800	INFO	controller/init.go:58	trans init success...
2026-04-28T20:58:57.014+0800	INFO	controller/init.go:26	===============================================
2026-04-28T20:58:57.020+0800	INFO	controller/init.go:27	logger init success...
2026-04-28T20:58:57.055+0800	INFO	controller/init.go:36	mysql init success...
2026-04-28T20:58:57.057+0800	INFO	controller/init.go:44	redis init success...
2026-04-28T20:58:57.057+0800	INFO	controller/init.go:51	snowflake init success...
2026-04-28T20:58:57.058+0800	INFO	controller/init.go:58	trans init success...
2026-04-28T20:58:58.449+0800	INFO	controller/init.go:26	===============================================
2026-04-28T20:58:58.454+0800	INFO	controller/init.go:27	logger init success...
2026-04-28T20:58:58.494+0800	INFO	controller/init.go:36	mysql init success...
2026-04-28T20:58:58.495+0800	INFO	controller/init.go:44	redis init success...
2026-04-28T20:58:58.495+0800	INFO	controller/init.go:51	snowflake init success...
2026-04-28T20:58:58.495+0800	INFO	controller/init.go:58	trans init success...
2026-04-28T20:59:11.921+0800	INFO	backend/main.go:43	Shutdown server ...
2026-04-28T20:59:11.921+0800	INFO	backend/main.go:49	Server exiting
2026-05-13T08:12:35.944+0800	INFO	controller/init.go:26	===============================================
2026-05-13T08:12:35.950+0800	INFO	controller/init.go:27	logger init success...
2026-05-13T08:12:36.102+0800	INFO	controller/init.go:36	mysql init success...
2026-05-13T08:12:36.103+0800	INFO	controller/init.go:44	redis init success...
2026-05-13T08:12:36.104+0800	INFO	controller/init.go:51	snowflake init success...
2026-05-13T08:12:36.104+0800	INFO	controller/init.go:58	trans init success...
2026-05-13T08:13:17.930+0800	INFO	logger/logger.go:93	/api/v1/vote	{"status": 200, "method": "POST", "path": "/api/v1/vote", "query": "", "ip": "::1", "user-agent": "Apifox/1.0.0 (https://apifox.com)", "errors": "", "cost": 0.0005032}
2026-05-13T08:13:25.097+0800	INFO	logger/logger.go:93	/api/v1/login	{"status": 200, "method": "POST", "path": "/api/v1/login", "query": "", "ip": "::1", "user-agent": "Apifox/1.0.0 (https://apifox.com)", "errors": "", "cost": 0.0032242}
2026-05-13T08:13:45.236+0800	INFO	logger/logger.go:93	/api/v1/vote	{"status": 200, "method": "POST", "path": "/api/v1/vote", "query": "", "ip": "::1", "user-agent": "Apifox/1.0.0 (https://apifox.com)", "errors": "", "cost": 0}
2026-05-13T08:13:52.096+0800	INFO	logger/logger.go:93	/api/v1/vote	{"status": 200, "method": "POST", "path": "/api/v1/vote", "query": "", "ip": "::1", "user-agent": "Apifox/1.0.0 (https://apifox.com)", "errors": "", "cost": 0.001016}
2026-05-13T08:14:01.074+0800	INFO	logger/logger.go:93	/api/v1/vote	{"status": 200, "method": "POST", "path": "/api/v1/vote", "query": "", "ip": "::1", "user-agent": "Apifox/1.0.0 (https://apifox.com)", "errors": "", "cost": 0}
2026-05-13T08:16:44.422+0800	INFO	logger/logger.go:93	/api/v1/vote	{"status": 200, "method": "POST", "path": "/api/v1/vote", "query": "", "ip": "::1", "user-agent": "Apifox/1.0.0 (https://apifox.com)", "errors": "", "cost": 0.0026064}
2026-05-13T08:16:58.073+0800	INFO	backend/main.go:43	Shutdown server ...
2026-05-13T08:16:58.073+0800	INFO	backend/main.go:49	Server exiting
2026-05-13T08:17:35.669+0800	INFO	controller/init.go:26	===============================================
2026-05-13T08:17:35.674+0800	INFO	controller/init.go:27	logger init success...
2026-05-13T08:17:35.713+0800	INFO	controller/init.go:36	mysql init success...
2026-05-13T08:17:35.713+0800	INFO	controller/init.go:44	redis init success...
2026-05-13T08:17:35.713+0800	INFO	controller/init.go:51	snowflake init success...
2026-05-13T08:17:35.713+0800	INFO	controller/init.go:58	trans init success...
2026-05-13T08:17:56.812+0800	INFO	logger/logger.go:93	/api/v1/vote	{"status": 200, "method": "POST", "path": "/api/v1/vote", "query": "", "ip": "::1", "user-agent": "Apifox/1.0.0 (https://apifox.com)", "errors": "", "cost": 0.0019018}
2026-05-13T08:18:03.988+0800	INFO	logger/logger.go:93	/api/v1/vote	{"status": 200, "method": "POST", "path": "/api/v1/vote", "query": "", "ip": "::1", "user-agent": "Apifox/1.0.0 (https://apifox.com)", "errors": "", "cost": 0}
2026-05-13T08:20:37.000+0800	INFO	backend/main.go:43	Shutdown server ...
2026-05-13T08:20:37.000+0800	INFO	backend/main.go:49	Server exiting
2026-05-13T08:20:41.295+0800	INFO	controller/init.go:26	===============================================
2026-05-13T08:20:41.299+0800	INFO	controller/init.go:27	logger init success...
2026-05-13T08:20:41.396+0800	INFO	controller/init.go:36	mysql init success...
2026-05-13T08:20:41.397+0800	INFO	controller/init.go:44	redis init success...
2026-05-13T08:20:41.397+0800	INFO	controller/init.go:51	snowflake init success...
2026-05-13T08:20:41.397+0800	INFO	controller/init.go:58	trans init success...
2026-05-13T08:20:45.677+0800	INFO	logger/logger.go:93	/api/v1/vote	{"status": 200, "method": "POST", "path": "/api/v1/vote", "query": "", "ip": "::1", "user-agent": "Apifox/1.0.0 (https://apifox.com)", "errors": "", "cost": 0.0005237}
2026-05-13T08:20:57.544+0800	INFO	controller/init.go:26	===============================================
2026-05-13T08:20:57.548+0800	INFO	controller/init.go:27	logger init success...
2026-05-13T08:20:57.590+0800	INFO	controller/init.go:36	mysql init success...
2026-05-13T08:20:57.591+0800	INFO	controller/init.go:44	redis init success...
2026-05-13T08:20:57.591+0800	INFO	controller/init.go:51	snowflake init success...
2026-05-13T08:20:57.591+0800	INFO	controller/init.go:58	trans init success...
2026-05-13T08:21:18.518+0800	INFO	logger/logger.go:93	/api/v1/vote	{"status": 200, "method": "POST", "path": "/api/v1/vote", "query": "", "ip": "::1", "user-agent": "Apifox/1.0.0 (https://apifox.com)", "errors": "", "cost": 0}
2026-05-13T08:21:48.331+0800	INFO	controller/init.go:26	===============================================
2026-05-13T08:21:48.347+0800	INFO	controller/init.go:27	logger init success...
2026-05-13T08:21:48.394+0800	INFO	controller/init.go:36	mysql init success...
2026-05-13T08:21:48.395+0800	INFO	controller/init.go:44	redis init success...
2026-05-13T08:21:48.395+0800	INFO	controller/init.go:51	snowflake init success...
2026-05-13T08:21:48.396+0800	INFO	controller/init.go:58	trans init success...
2026-05-13T08:21:58.958+0800	ERROR	controller/vote.go:25	------------------------------
2026-05-13T08:21:58.958+0800	INFO	logger/logger.go:93	/api/v1/vote	{"status": 200, "method": "POST", "path": "/api/v1/vote", "query": "", "ip": "::1", "user-agent": "Apifox/1.0.0 (https://apifox.com)", "errors": "", "cost": 0.0005191}
2026-05-13T08:22:14.453+0800	INFO	controller/init.go:26	===============================================
2026-05-13T08:22:14.458+0800	INFO	controller/init.go:27	logger init success...
2026-05-13T08:22:14.541+0800	INFO	controller/init.go:36	mysql init success...
2026-05-13T08:22:14.543+0800	INFO	controller/init.go:44	redis init success...
2026-05-13T08:22:14.543+0800	INFO	controller/init.go:51	snowflake init success...
2026-05-13T08:22:14.543+0800	INFO	controller/init.go:58	trans init success...
2026-05-13T08:23:28.432+0800	INFO	controller/init.go:26	===============================================
2026-05-13T08:23:28.437+0800	INFO	controller/init.go:27	logger init success...
2026-05-13T08:23:28.506+0800	INFO	controller/init.go:36	mysql init success...
2026-05-13T08:23:28.506+0800	INFO	controller/init.go:44	redis init success...
2026-05-13T08:23:28.506+0800	INFO	controller/init.go:51	snowflake init success...
2026-05-13T08:23:28.508+0800	INFO	controller/init.go:58	trans init success...
2026-05-13T08:23:34.566+0800	DEBUG	server/vote.go:13	VoteForPost	{"userID": 48994289488760832, "postID": "49662897265053696", "vote": 1}
2026-05-13T08:23:34.567+0800	ERROR	controller/vote.go:46	server.PostVote(userID, p) failed: 	{"error": "投票时间已过"}
2026-05-13T08:23:34.567+0800	INFO	logger/logger.go:93	/api/v1/vote	{"status": 200, "method": "POST", "path": "/api/v1/vote", "query": "", "ip": "::1", "user-agent": "Apifox/1.0.0 (https://apifox.com)", "errors": "", "cost": 0.0018689}
2026-05-13T08:23:50.086+0800	DEBUG	server/vote.go:13	VoteForPost	{"userID": 48994289488760832, "postID": "49662897265053696", "vote": 1}
2026-05-13T08:23:50.086+0800	ERROR	controller/vote.go:46	server.PostVote(userID, p) failed: 	{"error": "投票时间已过"}
2026-05-13T08:23:50.086+0800	INFO	logger/logger.go:93	/api/v1/vote	{"status": 200, "method": "POST", "path": "/api/v1/vote", "query": "", "ip": "::1", "user-agent": "Apifox/1.0.0 (https://apifox.com)", "errors": "", "cost": 0.0013616}
2026-05-13T08:24:35.986+0800	INFO	controller/init.go:26	===============================================
2026-05-13T08:24:35.996+0800	INFO	controller/init.go:27	logger init success...
2026-05-13T08:24:36.095+0800	INFO	controller/init.go:36	mysql init success...
2026-05-13T08:24:36.096+0800	INFO	controller/init.go:44	redis init success...
2026-05-13T08:24:36.096+0800	INFO	controller/init.go:51	snowflake init success...
2026-05-13T08:24:36.096+0800	INFO	controller/init.go:58	trans init success...
2026-05-13T08:24:44.812+0800	DEBUG	server/vote.go:13	VoteForPost	{"userID": 48994289488760832, "postID": "49662897265053696", "vote": 1}
2026-05-13T08:24:44.813+0800	ERROR	controller/vote.go:46	server.PostVote(userID, p) failed: 	{"error": "投票时间已过"}
2026-05-13T08:24:44.813+0800	INFO	logger/logger.go:93	/api/v1/vote	{"status": 200, "method": "POST", "path": "/api/v1/vote", "query": "", "ip": "::1", "user-agent": "Apifox/1.0.0 (https://apifox.com)", "errors": "", "cost": 0.0010973}
2026-05-13T08:24:47.758+0800	DEBUG	server/vote.go:13	VoteForPost	{"userID": 48994289488760832, "postID": "49662897265053696", "vote": 1}
2026-05-13T08:24:47.758+0800	ERROR	controller/vote.go:46	server.PostVote(userID, p) failed: 	{"error": "投票时间已过"}
2026-05-13T08:24:47.758+0800	INFO	logger/logger.go:93	/api/v1/vote	{"status": 200, "method": "POST", "path": "/api/v1/vote", "query": "", "ip": "::1", "user-agent": "Apifox/1.0.0 (https://apifox.com)", "errors": "", "cost": 0.0013767}
2026-05-13T08:25:02.134+0800	INFO	controller/init.go:26	===============================================
2026-05-13T08:25:02.138+0800	INFO	controller/init.go:27	logger init success...
2026-05-13T08:25:02.225+0800	INFO	controller/init.go:36	mysql init success...
2026-05-13T08:25:02.226+0800	INFO	controller/init.go:44	redis init success...
2026-05-13T08:25:02.227+0800	INFO	controller/init.go:51	snowflake init success...
2026-05-13T08:25:02.228+0800	INFO	controller/init.go:58	trans init success...
2026-05-13T08:25:32.876+0800	INFO	controller/init.go:26	===============================================
2026-05-13T08:25:32.881+0800	INFO	controller/init.go:27	logger init success...
2026-05-13T08:25:32.974+0800	INFO	controller/init.go:36	mysql init success...
2026-05-13T08:25:32.976+0800	INFO	controller/init.go:44	redis init success...
2026-05-13T08:25:32.976+0800	INFO	controller/init.go:51	snowflake init success...
2026-05-13T08:25:32.976+0800	INFO	controller/init.go:58	trans init success...
2026-05-13T08:25:35.660+0800	INFO	controller/init.go:26	===============================================
2026-05-13T08:25:35.665+0800	INFO	controller/init.go:27	logger init success...
2026-05-13T08:25:35.719+0800	INFO	controller/init.go:36	mysql init success...
2026-05-13T08:25:35.720+0800	INFO	controller/init.go:44	redis init success...
2026-05-13T08:25:35.720+0800	INFO	controller/init.go:51	snowflake init success...
2026-05-13T08:25:35.720+0800	INFO	controller/init.go:58	trans init success...
2026-05-13T08:25:38.115+0800	INFO	controller/init.go:26	===============================================
2026-05-13T08:25:38.120+0800	INFO	controller/init.go:27	logger init success...
2026-05-13T08:25:38.162+0800	INFO	controller/init.go:36	mysql init success...
2026-05-13T08:25:38.163+0800	INFO	controller/init.go:44	redis init success...
2026-05-13T08:25:38.163+0800	INFO	controller/init.go:51	snowflake init success...
2026-05-13T08:25:38.163+0800	INFO	controller/init.go:58	trans init success...
2026-05-13T08:26:03.832+0800	INFO	controller/init.go:26	===============================================
2026-05-13T08:26:03.837+0800	INFO	controller/init.go:27	logger init success...
2026-05-13T08:26:03.926+0800	INFO	controller/init.go:36	mysql init success...
2026-05-13T08:26:03.927+0800	INFO	controller/init.go:44	redis init success...
2026-05-13T08:26:03.927+0800	INFO	controller/init.go:51	snowflake init success...
2026-05-13T08:26:03.927+0800	INFO	controller/init.go:58	trans init success...
2026-05-13T08:27:08.971+0800	INFO	controller/init.go:26	===============================================
2026-05-13T08:27:08.976+0800	INFO	controller/init.go:27	logger init success...
2026-05-13T08:27:09.059+0800	INFO	controller/init.go:36	mysql init success...
2026-05-13T08:27:09.060+0800	INFO	controller/init.go:44	redis init success...
2026-05-13T08:27:09.061+0800	INFO	controller/init.go:51	snowflake init success...
2026-05-13T08:27:09.063+0800	INFO	controller/init.go:58	trans init success...
2026-05-13T08:27:32.033+0800	INFO	controller/init.go:26	===============================================
2026-05-13T08:27:32.038+0800	INFO	controller/init.go:27	logger init success...
2026-05-13T08:27:32.075+0800	INFO	controller/init.go:36	mysql init success...
2026-05-13T08:27:32.076+0800	INFO	controller/init.go:44	redis init success...
2026-05-13T08:27:32.076+0800	INFO	controller/init.go:51	snowflake init success...
2026-05-13T08:27:32.077+0800	INFO	controller/init.go:58	trans init success...
2026-05-13T08:27:37.156+0800	DEBUG	server/vote.go:13	VoteForPost	{"userID": 48994289488760832, "postID": "49662897265053696", "vote": 1}
2026-05-13T08:27:37.157+0800	ERROR	controller/vote.go:46	server.PostVote(userID, p) failed: 	{"error": "投票时间已过"}
2026-05-13T08:27:37.157+0800	INFO	logger/logger.go:93	/api/v1/vote	{"status": 200, "method": "POST", "path": "/api/v1/vote", "query": "", "ip": "::1", "user-agent": "Apifox/1.0.0 (https://apifox.com)", "errors": "", "cost": 0.0011842}
2026-05-13T08:29:17.327+0800	INFO	logger/logger.go:93	/api/v1/post	{"status": 200, "method": "POST", "path": "/api/v1/post", "query": "", "ip": "::1", "user-agent": "Apifox/1.0.0 (https://apifox.com)", "errors": "", "cost": 0.0344537}
2026-05-13T08:30:08.850+0800	DEBUG	server/vote.go:13	VoteForPost	{"userID": 48994289488760832, "postID": "59076592709668864", "vote": 1}
2026-05-13T08:30:08.851+0800	ERROR	controller/vote.go:46	server.PostVote(userID, p) failed: 	{"error": "投票时间已过"}
2026-05-13T08:30:08.851+0800	INFO	logger/logger.go:93	/api/v1/vote	{"status": 200, "method": "POST", "path": "/api/v1/vote", "query": "", "ip": "::1", "user-agent": "Apifox/1.0.0 (https://apifox.com)", "errors": "", "cost": 0.004367}
2026-05-13T08:32:02.079+0800	INFO	logger/logger.go:93	/api/v1/vote	{"status": 200, "method": "POST", "path": "/api/v1/vote", "query": "", "ip": "::1", "user-agent": "Apifox/1.0.0 (https://apifox.com)", "errors": "", "cost": 0.0020683}
2026-05-13T08:32:07.220+0800	INFO	logger/logger.go:93	/api/v1/vote	{"status": 200, "method": "POST", "path": "/api/v1/vote", "query": "", "ip": "::1", "user-agent": "Apifox/1.0.0 (https://apifox.com)", "errors": "", "cost": 0.0005567}
2026-05-13T08:32:32.584+0800	INFO	logger/logger.go:93	/api/v1/post	{"status": 200, "method": "POST", "path": "/api/v1/post", "query": "", "ip": "::1", "user-agent": "Apifox/1.0.0 (https://apifox.com)", "errors": "", "cost": 0.0070467}
2026-05-13T08:32:51.290+0800	DEBUG	server/vote.go:13	VoteForPost	{"userID": 48994289488760832, "postID": "59077411790131200", "vote": 1}
2026-05-13T08:32:51.290+0800	ERROR	controller/vote.go:46	server.PostVote(userID, p) failed: 	{"error": "投票时间已过"}
2026-05-13T08:32:51.290+0800	INFO	logger/logger.go:93	/api/v1/vote	{"status": 200, "method": "POST", "path": "/api/v1/vote", "query": "", "ip": "::1", "user-agent": "Apifox/1.0.0 (https://apifox.com)", "errors": "", "cost": 0.0037212}
2026-05-13T08:36:28.709+0800	INFO	controller/init.go:26	===============================================
2026-05-13T08:36:28.715+0800	INFO	controller/init.go:27	logger init success...
2026-05-13T08:36:28.800+0800	INFO	controller/init.go:36	mysql init success...
2026-05-13T08:36:28.801+0800	INFO	controller/init.go:44	redis init success...
2026-05-13T08:36:28.802+0800	INFO	controller/init.go:51	snowflake init success...
2026-05-13T08:36:28.802+0800	INFO	controller/init.go:58	trans init success...
2026-05-13T08:36:56.122+0800	INFO	controller/init.go:26	===============================================
2026-05-13T08:36:56.127+0800	INFO	controller/init.go:27	logger init success...
2026-05-13T08:36:56.195+0800	INFO	controller/init.go:36	mysql init success...
2026-05-13T08:36:56.197+0800	INFO	controller/init.go:44	redis init success...
2026-05-13T08:36:56.197+0800	INFO	controller/init.go:51	snowflake init success...
2026-05-13T08:36:56.197+0800	INFO	controller/init.go:58	trans init success...
2026-05-13T08:37:19.603+0800	INFO	controller/init.go:26	===============================================
2026-05-13T08:37:19.609+0800	INFO	controller/init.go:27	logger init success...
2026-05-13T08:37:19.684+0800	INFO	controller/init.go:36	mysql init success...
2026-05-13T08:37:19.686+0800	INFO	controller/init.go:44	redis init success...
2026-05-13T08:37:19.686+0800	INFO	controller/init.go:51	snowflake init success...
2026-05-13T08:37:19.686+0800	INFO	controller/init.go:58	trans init success...
2026-05-13T08:37:27.424+0800	INFO	controller/init.go:26	===============================================
2026-05-13T08:37:27.430+0800	INFO	controller/init.go:27	logger init success...
2026-05-13T08:37:27.475+0800	INFO	controller/init.go:36	mysql init success...
2026-05-13T08:37:27.476+0800	INFO	controller/init.go:44	redis init success...
2026-05-13T08:37:27.476+0800	INFO	controller/init.go:51	snowflake init success...
2026-05-13T08:37:27.477+0800	INFO	controller/init.go:58	trans init success...
2026-05-13T08:37:46.167+0800	INFO	controller/init.go:26	===============================================
2026-05-13T08:37:46.172+0800	INFO	controller/init.go:27	logger init success...
2026-05-13T08:37:46.255+0800	INFO	controller/init.go:36	mysql init success...
2026-05-13T08:37:46.256+0800	INFO	controller/init.go:44	redis init success...
2026-05-13T08:37:46.256+0800	INFO	controller/init.go:51	snowflake init success...
2026-05-13T08:37:46.256+0800	INFO	controller/init.go:58	trans init success...
2026-05-13T08:38:35.944+0800	INFO	controller/init.go:26	===============================================
2026-05-13T08:38:35.948+0800	INFO	controller/init.go:27	logger init success...
2026-05-13T08:38:36.012+0800	INFO	controller/init.go:36	mysql init success...
2026-05-13T08:38:36.014+0800	INFO	controller/init.go:44	redis init success...
2026-05-13T08:38:36.014+0800	INFO	controller/init.go:51	snowflake init success...
2026-05-13T08:38:36.015+0800	INFO	controller/init.go:58	trans init success...
2026-05-13T08:38:42.552+0800	INFO	controller/init.go:26	===============================================
2026-05-13T08:38:42.558+0800	INFO	controller/init.go:27	logger init success...
2026-05-13T08:38:42.620+0800	INFO	controller/init.go:36	mysql init success...
2026-05-13T08:38:42.620+0800	INFO	controller/init.go:44	redis init success...
2026-05-13T08:38:42.621+0800	INFO	controller/init.go:51	snowflake init success...
2026-05-13T08:38:42.621+0800	INFO	controller/init.go:58	trans init success...
2026-05-13T08:39:04.821+0800	INFO	controller/init.go:26	===============================================
2026-05-13T08:39:04.826+0800	INFO	controller/init.go:27	logger init success...
2026-05-13T08:39:04.880+0800	INFO	controller/init.go:36	mysql init success...
2026-05-13T08:39:04.881+0800	INFO	controller/init.go:44	redis init success...
2026-05-13T08:39:04.881+0800	INFO	controller/init.go:51	snowflake init success...
2026-05-13T08:39:04.881+0800	INFO	controller/init.go:58	trans init success...
2026-05-13T08:39:10.003+0800	INFO	controller/init.go:26	===============================================
2026-05-13T08:39:10.008+0800	INFO	controller/init.go:27	logger init success...
2026-05-13T08:39:10.071+0800	INFO	controller/init.go:36	mysql init success...
2026-05-13T08:39:10.072+0800	INFO	controller/init.go:44	redis init success...
2026-05-13T08:39:10.072+0800	INFO	controller/init.go:51	snowflake init success...
2026-05-13T08:39:10.073+0800	INFO	controller/init.go:58	trans init success...
2026-05-13T08:40:21.626+0800	INFO	controller/init.go:26	===============================================
2026-05-13T08:40:21.631+0800	INFO	controller/init.go:27	logger init success...
2026-05-13T08:40:21.691+0800	INFO	controller/init.go:36	mysql init success...
2026-05-13T08:40:21.692+0800	INFO	controller/init.go:44	redis init success...
2026-05-13T08:40:21.692+0800	INFO	controller/init.go:51	snowflake init success...
2026-05-13T08:40:21.693+0800	INFO	controller/init.go:58	trans init success...
2026-05-13T08:41:03.440+0800	INFO	controller/init.go:26	===============================================
2026-05-13T08:41:03.445+0800	INFO	controller/init.go:27	logger init success...
2026-05-13T08:41:03.488+0800	INFO	controller/init.go:36	mysql init success...
2026-05-13T08:41:03.490+0800	INFO	controller/init.go:44	redis init success...
2026-05-13T08:41:03.490+0800	INFO	controller/init.go:51	snowflake init success...
2026-05-13T08:41:03.490+0800	INFO	controller/init.go:58	trans init success...
2026-05-13T08:41:17.423+0800	INFO	controller/init.go:26	===============================================
2026-05-13T08:41:17.427+0800	INFO	controller/init.go:27	logger init success...
2026-05-13T08:41:17.497+0800	INFO	controller/init.go:36	mysql init success...
2026-05-13T08:41:17.499+0800	INFO	controller/init.go:44	redis init success...
2026-05-13T08:41:17.499+0800	INFO	controller/init.go:51	snowflake init success...
2026-05-13T08:41:17.499+0800	INFO	controller/init.go:58	trans init success...
2026-05-13T08:41:26.054+0800	INFO	controller/init.go:26	===============================================
2026-05-13T08:41:26.060+0800	INFO	controller/init.go:27	logger init success...
2026-05-13T08:41:26.144+0800	INFO	controller/init.go:36	mysql init success...
2026-05-13T08:41:26.144+0800	INFO	controller/init.go:44	redis init success...
2026-05-13T08:41:26.144+0800	INFO	controller/init.go:51	snowflake init success...
2026-05-13T08:41:26.146+0800	INFO	controller/init.go:58	trans init success...
2026-05-13T08:43:05.118+0800	INFO	controller/init.go:26	===============================================
2026-05-13T08:43:05.123+0800	INFO	controller/init.go:27	logger init success...
2026-05-13T08:43:05.214+0800	INFO	controller/init.go:36	mysql init success...
2026-05-13T08:43:05.216+0800	INFO	controller/init.go:44	redis init success...
2026-05-13T08:43:05.216+0800	INFO	controller/init.go:51	snowflake init success...
2026-05-13T08:43:05.216+0800	INFO	controller/init.go:58	trans init success...
2026-05-13T09:03:35.940+0800	INFO	controller/init.go:26	===============================================
2026-05-13T09:03:35.945+0800	INFO	controller/init.go:27	logger init success...
2026-05-13T09:03:36.005+0800	INFO	controller/init.go:36	mysql init success...
2026-05-13T09:03:36.006+0800	INFO	controller/init.go:44	redis init success...
2026-05-13T09:03:36.006+0800	INFO	controller/init.go:51	snowflake init success...
2026-05-13T09:03:36.007+0800	INFO	controller/init.go:58	trans init success...
2026-05-13T09:03:43.770+0800	INFO	controller/init.go:26	===============================================
2026-05-13T09:03:43.775+0800	INFO	controller/init.go:27	logger init success...
2026-05-13T09:03:43.864+0800	INFO	controller/init.go:36	mysql init success...
2026-05-13T09:03:43.865+0800	INFO	controller/init.go:44	redis init success...
2026-05-13T09:03:43.865+0800	INFO	controller/init.go:51	snowflake init success...
2026-05-13T09:03:43.867+0800	INFO	controller/init.go:58	trans init success...
2026-05-13T09:03:55.069+0800	INFO	controller/init.go:26	===============================================
2026-05-13T09:03:55.074+0800	INFO	controller/init.go:27	logger init success...
2026-05-13T09:03:55.127+0800	INFO	controller/init.go:36	mysql init success...
2026-05-13T09:03:55.128+0800	INFO	controller/init.go:44	redis init success...
2026-05-13T09:03:55.128+0800	INFO	controller/init.go:51	snowflake init success...
2026-05-13T09:03:55.129+0800	INFO	controller/init.go:58	trans init success...
2026-05-13T09:04:05.395+0800	INFO	controller/init.go:26	===============================================
2026-05-13T09:04:05.400+0800	INFO	controller/init.go:27	logger init success...
2026-05-13T09:04:05.492+0800	INFO	controller/init.go:36	mysql init success...
2026-05-13T09:04:05.493+0800	INFO	controller/init.go:44	redis init success...
2026-05-13T09:04:05.493+0800	INFO	controller/init.go:51	snowflake init success...
2026-05-13T09:04:05.494+0800	INFO	controller/init.go:58	trans init success...
2026-05-13T09:04:06.858+0800	INFO	controller/init.go:26	===============================================
2026-05-13T09:04:06.863+0800	INFO	controller/init.go:27	logger init success...
2026-05-13T09:04:06.947+0800	INFO	controller/init.go:36	mysql init success...
2026-05-13T09:04:06.948+0800	INFO	controller/init.go:44	redis init success...
2026-05-13T09:04:06.949+0800	INFO	controller/init.go:51	snowflake init success...
2026-05-13T09:04:06.949+0800	INFO	controller/init.go:58	trans init success...
2026-05-13T09:05:01.449+0800	INFO	controller/init.go:26	===============================================
2026-05-13T09:05:01.453+0800	INFO	controller/init.go:27	logger init success...
2026-05-13T09:05:01.502+0800	INFO	controller/init.go:36	mysql init success...
2026-05-13T09:05:01.503+0800	INFO	controller/init.go:44	redis init success...
2026-05-13T09:05:01.503+0800	INFO	controller/init.go:51	snowflake init success...
2026-05-13T09:05:01.503+0800	INFO	controller/init.go:58	trans init success...
2026-05-13T09:08:07.378+0800	INFO	logger/logger.go:93	/api/v1/post	{"status": 200, "method": "POST", "path": "/api/v1/post", "query": "", "ip": "::1", "user-agent": "Apifox/1.0.0 (https://apifox.com)", "errors": "", "cost": 0.0081566}
2026-05-13T09:08:37.371+0800	DEBUG	server/vote.go:13	VoteForPost	{"userID": 48994289488760832, "postID": "59077411790131200", "vote": 1}
2026-05-13T09:08:37.371+0800	ERROR	controller/vote.go:46	server.PostVote(userID, p) failed: 	{"error": "投票时间已过"}
2026-05-13T09:08:37.371+0800	INFO	logger/logger.go:93	/api/v1/vote	{"status": 200, "method": "POST", "path": "/api/v1/vote", "query": "", "ip": "::1", "user-agent": "Apifox/1.0.0 (https://apifox.com)", "errors": "", "cost": 0.0005038}
2026-05-13T09:08:54.924+0800	INFO	controller/init.go:26	===============================================
2026-05-13T09:08:54.929+0800	INFO	controller/init.go:27	logger init success...
2026-05-13T09:08:54.990+0800	INFO	controller/init.go:36	mysql init success...
2026-05-13T09:08:54.991+0800	INFO	controller/init.go:44	redis init success...
2026-05-13T09:08:54.991+0800	INFO	controller/init.go:51	snowflake init success...
2026-05-13T09:08:54.991+0800	INFO	controller/init.go:58	trans init success...
2026-05-13T09:09:12.637+0800	INFO	controller/init.go:26	===============================================
2026-05-13T09:09:12.642+0800	INFO	controller/init.go:27	logger init success...
2026-05-13T09:09:12.709+0800	INFO	controller/init.go:36	mysql init success...
2026-05-13T09:09:12.709+0800	INFO	controller/init.go:44	redis init success...
2026-05-13T09:09:12.710+0800	INFO	controller/init.go:51	snowflake init success...
2026-05-13T09:09:12.710+0800	INFO	controller/init.go:58	trans init success...
2026-05-13T09:10:56.459+0800	INFO	controller/init.go:26	===============================================
2026-05-13T09:10:56.465+0800	INFO	controller/init.go:27	logger init success...
2026-05-13T09:10:56.506+0800	INFO	controller/init.go:36	mysql init success...
2026-05-13T09:10:56.507+0800	INFO	controller/init.go:44	redis init success...
2026-05-13T09:10:56.507+0800	INFO	controller/init.go:51	snowflake init success...
2026-05-13T09:10:56.508+0800	INFO	controller/init.go:58	trans init success...
2026-05-13T09:11:06.558+0800	DEBUG	server/vote.go:13	VoteForPost	{"userID": 48994289488760832, "postID": "59077411790131200", "vote": 1}
2026-05-13T09:11:06.558+0800	ERROR	redis/vote.go:54		{"": 0}
2026-05-13T09:11:06.558+0800	ERROR	controller/vote.go:46	server.PostVote(userID, p) failed: 	{"error": "投票时间已过"}
2026-05-13T09:11:06.558+0800	INFO	logger/logger.go:93	/api/v1/vote	{"status": 200, "method": "POST", "path": "/api/v1/vote", "query": "", "ip": "::1", "user-agent": "Apifox/1.0.0 (https://apifox.com)", "errors": "", "cost": 0.0006113}
2026-05-13T09:17:30.965+0800	INFO	controller/init.go:26	===============================================
2026-05-13T09:17:30.970+0800	INFO	controller/init.go:27	logger init success...
2026-05-13T09:17:31.034+0800	INFO	controller/init.go:36	mysql init success...
2026-05-13T09:17:31.035+0800	INFO	controller/init.go:44	redis init success...
2026-05-13T09:17:31.035+0800	INFO	controller/init.go:51	snowflake init success...
2026-05-13T09:17:31.037+0800	INFO	controller/init.go:58	trans init success...
2026-05-13T09:18:00.729+0800	INFO	controller/init.go:26	===============================================
2026-05-13T09:18:00.735+0800	INFO	controller/init.go:27	logger init success...
2026-05-13T09:18:00.780+0800	INFO	controller/init.go:36	mysql init success...
2026-05-13T09:18:00.781+0800	INFO	controller/init.go:44	redis init success...
2026-05-13T09:18:00.781+0800	INFO	controller/init.go:51	snowflake init success...
2026-05-13T09:18:00.782+0800	INFO	controller/init.go:58	trans init success...
2026-05-13T09:18:10.741+0800	DEBUG	server/vote.go:13	VoteForPost	{"userID": 48994289488760832, "postID": "59077411790131200", "vote": 1}
2026-05-13T09:18:10.742+0800	ERROR	redis/vote.go:54		{"": 0}
2026-05-13T09:18:10.742+0800	ERROR	controller/vote.go:46	server.PostVote(userID, p) failed: 	{"error": "投票时间已过"}
2026-05-13T09:18:10.742+0800	INFO	logger/logger.go:93	/api/v1/vote	{"status": 200, "method": "POST", "path": "/api/v1/vote", "query": "", "ip": "::1", "user-agent": "Apifox/1.0.0 (https://apifox.com)", "errors": "", "cost": 0.0015824}
2026-05-13T09:18:16.139+0800	DEBUG	server/vote.go:13	VoteForPost	{"userID": 48994289488760832, "postID": "59077411790131200", "vote": 1}
2026-05-13T09:18:16.139+0800	ERROR	redis/vote.go:54		{"": 0}
2026-05-13T09:18:16.139+0800	ERROR	controller/vote.go:46	server.PostVote(userID, p) failed: 	{"error": "投票时间已过"}
2026-05-13T09:18:16.139+0800	INFO	logger/logger.go:93	/api/v1/vote	{"status": 200, "method": "POST", "path": "/api/v1/vote", "query": "", "ip": "::1", "user-agent": "Apifox/1.0.0 (https://apifox.com)", "errors": "", "cost": 0.0005034}
2026-05-13T09:20:32.518+0800	INFO	controller/init.go:26	===============================================
2026-05-13T09:20:32.523+0800	INFO	controller/init.go:27	logger init success...
2026-05-13T09:20:32.560+0800	INFO	controller/init.go:36	mysql init success...
2026-05-13T09:20:32.561+0800	INFO	controller/init.go:44	redis init success...
2026-05-13T09:20:32.561+0800	INFO	controller/init.go:51	snowflake init success...
2026-05-13T09:20:32.562+0800	INFO	controller/init.go:58	trans init success...
2026-05-13T09:21:21.351+0800	INFO	controller/init.go:26	===============================================
2026-05-13T09:21:21.355+0800	INFO	controller/init.go:27	logger init success...
2026-05-13T09:21:21.452+0800	INFO	controller/init.go:36	mysql init success...
2026-05-13T09:21:21.453+0800	INFO	controller/init.go:44	redis init success...
2026-05-13T09:21:21.453+0800	INFO	controller/init.go:51	snowflake init success...
2026-05-13T09:21:21.454+0800	INFO	controller/init.go:58	trans init success...
2026-05-13T09:21:32.897+0800	INFO	controller/init.go:26	===============================================
2026-05-13T09:21:32.902+0800	INFO	controller/init.go:27	logger init success...
2026-05-13T09:21:32.968+0800	INFO	controller/init.go:36	mysql init success...
2026-05-13T09:21:32.969+0800	INFO	controller/init.go:44	redis init success...
2026-05-13T09:21:32.969+0800	INFO	controller/init.go:51	snowflake init success...
2026-05-13T09:21:32.970+0800	INFO	controller/init.go:58	trans init success...
2026-05-13T09:22:19.664+0800	INFO	controller/init.go:26	===============================================
2026-05-13T09:22:19.669+0800	INFO	controller/init.go:27	logger init success...
2026-05-13T09:22:19.748+0800	INFO	controller/init.go:36	mysql init success...
2026-05-13T09:22:19.749+0800	INFO	controller/init.go:44	redis init success...
2026-05-13T09:22:19.749+0800	INFO	controller/init.go:51	snowflake init success...
2026-05-13T09:22:19.749+0800	INFO	controller/init.go:58	trans init success...
2026-05-13T09:23:17.055+0800	INFO	controller/init.go:26	===============================================
2026-05-13T09:23:17.060+0800	INFO	controller/init.go:27	logger init success...
2026-05-13T09:23:17.142+0800	INFO	controller/init.go:36	mysql init success...
2026-05-13T09:23:17.142+0800	INFO	controller/init.go:44	redis init success...
2026-05-13T09:23:17.142+0800	INFO	controller/init.go:51	snowflake init success...
2026-05-13T09:23:17.143+0800	INFO	controller/init.go:58	trans init success...
2026-05-13T09:23:55.230+0800	INFO	controller/init.go:26	===============================================
2026-05-13T09:23:55.234+0800	INFO	controller/init.go:27	logger init success...
2026-05-13T09:23:55.298+0800	INFO	controller/init.go:36	mysql init success...
2026-05-13T09:23:55.299+0800	INFO	controller/init.go:44	redis init success...
2026-05-13T09:23:55.300+0800	INFO	controller/init.go:51	snowflake init success...
2026-05-13T09:23:55.302+0800	INFO	controller/init.go:58	trans init success...
2026-05-13T09:25:56.872+0800	INFO	controller/init.go:26	===============================================
2026-05-13T09:25:56.877+0800	INFO	controller/init.go:27	logger init success...
2026-05-13T09:25:56.928+0800	INFO	controller/init.go:36	mysql init success...
2026-05-13T09:25:56.929+0800	INFO	controller/init.go:44	redis init success...
2026-05-13T09:25:56.929+0800	INFO	controller/init.go:51	snowflake init success...
2026-05-13T09:25:56.930+0800	INFO	controller/init.go:58	trans init success...
2026-05-13T09:26:23.793+0800	INFO	controller/init.go:26	===============================================
2026-05-13T09:26:23.798+0800	INFO	controller/init.go:27	logger init success...
2026-05-13T09:26:23.846+0800	INFO	controller/init.go:36	mysql init success...
2026-05-13T09:26:23.848+0800	INFO	controller/init.go:44	redis init success...
2026-05-13T09:26:23.848+0800	INFO	controller/init.go:51	snowflake init success...
2026-05-13T09:26:23.848+0800	INFO	controller/init.go:58	trans init success...
2026-05-13T09:26:30.318+0800	DEBUG	server/vote.go:13	VoteForPost	{"userID": 48994289488760832, "postID": "59077411790131200", "vote": 1}
2026-05-13T09:26:30.318+0800	ERROR	redis/vote.go:54		{"": 0}
2026-05-13T09:26:30.319+0800	ERROR	controller/vote.go:46	server.PostVote(userID, p) failed: 	{"error": "投票时间已过"}
2026-05-13T09:26:30.319+0800	INFO	logger/logger.go:93	/api/v1/vote	{"status": 200, "method": "POST", "path": "/api/v1/vote", "query": "", "ip": "::1", "user-agent": "Apifox/1.0.0 (https://apifox.com)", "errors": "", "cost": 0.0011242}
2026-05-13T09:28:37.068+0800	INFO	controller/init.go:26	===============================================
2026-05-13T09:28:37.073+0800	INFO	controller/init.go:27	logger init success...
2026-05-13T09:28:37.115+0800	INFO	controller/init.go:36	mysql init success...
2026-05-13T09:28:37.116+0800	INFO	controller/init.go:44	redis init success...
2026-05-13T09:28:37.117+0800	INFO	controller/init.go:51	snowflake init success...
2026-05-13T09:28:37.118+0800	INFO	controller/init.go:58	trans init success...
2026-05-13T09:31:31.027+0800	INFO	controller/init.go:26	===============================================
2026-05-13T09:31:31.032+0800	INFO	controller/init.go:27	logger init success...
2026-05-13T09:31:31.081+0800	INFO	controller/init.go:36	mysql init success...
2026-05-13T09:31:31.082+0800	INFO	controller/init.go:44	redis init success...
2026-05-13T09:31:31.082+0800	INFO	controller/init.go:51	snowflake init success...
2026-05-13T09:31:31.083+0800	INFO	controller/init.go:58	trans init success...
2026-05-13T09:34:37.025+0800	INFO	controller/init.go:26	===============================================
2026-05-13T09:34:37.030+0800	INFO	controller/init.go:27	logger init success...
2026-05-13T09:34:37.085+0800	INFO	controller/init.go:36	mysql init success...
2026-05-13T09:34:37.086+0800	INFO	controller/init.go:44	redis init success...
2026-05-13T09:34:37.086+0800	INFO	controller/init.go:51	snowflake init success...
2026-05-13T09:34:37.087+0800	INFO	controller/init.go:58	trans init success...
2026-05-13T09:36:18.854+0800	INFO	logger/logger.go:93	/api/v1/post	{"status": 200, "method": "POST", "path": "/api/v1/post", "query": "", "ip": "::1", "user-agent": "Apifox/1.0.0 (https://apifox.com)", "errors": "", "cost": 0.0182231}
2026-05-13T09:36:21.189+0800	DEBUG	server/vote.go:13	VoteForPost	{"userID": 48994289488760832, "postID": "59077411790131200", "vote": 1}
2026-05-13T09:36:21.190+0800	ERROR	redis/vote.go:55	rdb.ZScore(getRedisKey(KeyPostTimeZSet), postID) postID不存在: 	{"error": "redis: nil"}
2026-05-13T09:36:21.190+0800	ERROR	controller/vote.go:46	server.PostVote(userID, p) failed: 	{"error": "投票时间已过"}
2026-05-13T09:36:21.190+0800	INFO	logger/logger.go:93	/api/v1/vote	{"status": 200, "method": "POST", "path": "/api/v1/vote", "query": "", "ip": "::1", "user-agent": "Apifox/1.0.0 (https://apifox.com)", "errors": "", "cost": 0.0047884}
2026-05-13T09:37:19.252+0800	INFO	controller/init.go:26	===============================================
2026-05-13T09:37:19.257+0800	INFO	controller/init.go:27	logger init success...
2026-05-13T09:37:19.306+0800	INFO	controller/init.go:36	mysql init success...
2026-05-13T09:37:19.307+0800	INFO	controller/init.go:44	redis init success...
2026-05-13T09:37:19.307+0800	INFO	controller/init.go:51	snowflake init success...
2026-05-13T09:37:19.307+0800	INFO	controller/init.go:58	trans init success...
2026-05-13T09:38:46.649+0800	INFO	logger/logger.go:93	/api/v1/post	{"status": 200, "method": "POST", "path": "/api/v1/post", "query": "", "ip": "::1", "user-agent": "Apifox/1.0.0 (https://apifox.com)", "errors": "", "cost": 0.0183039}
2026-05-13T09:38:51.322+0800	DEBUG	server/vote.go:13	VoteForPost	{"userID": 48994289488760832, "postID": "59077411790131200", "vote": 1}
2026-05-13T09:38:51.322+0800	ERROR	redis/vote.go:55	rdb.ZScore(getRedisKey(KeyPostTimeZSet), postID) postID不存在: 	{"error": "redis: nil"}
2026-05-13T09:38:51.322+0800	ERROR	controller/vote.go:46	server.PostVote(userID, p) failed: 	{"error": "投票时间已过"}
2026-05-13T09:38:51.322+0800	INFO	logger/logger.go:93	/api/v1/vote	{"status": 200, "method": "POST", "path": "/api/v1/vote", "query": "", "ip": "::1", "user-agent": "Apifox/1.0.0 (https://apifox.com)", "errors": "", "cost": 0.0024968}
2026-05-13T09:40:36.025+0800	INFO	controller/init.go:26	===============================================
2026-05-13T09:40:36.030+0800	INFO	controller/init.go:27	logger init success...
2026-05-13T09:40:36.112+0800	INFO	controller/init.go:36	mysql init success...
2026-05-13T09:40:36.114+0800	INFO	controller/init.go:44	redis init success...
2026-05-13T09:40:36.114+0800	INFO	controller/init.go:51	snowflake init success...
2026-05-13T09:40:36.115+0800	INFO	controller/init.go:58	trans init success...
2026-05-13T09:40:54.289+0800	INFO	controller/init.go:26	===============================================
2026-05-13T09:40:54.294+0800	INFO	controller/init.go:27	logger init success...
2026-05-13T09:40:54.343+0800	INFO	controller/init.go:36	mysql init success...
2026-05-13T09:40:54.344+0800	INFO	controller/init.go:44	redis init success...
2026-05-13T09:40:54.344+0800	INFO	controller/init.go:51	snowflake init success...
2026-05-13T09:40:54.344+0800	INFO	controller/init.go:58	trans init success...
2026-05-13T09:41:05.059+0800	INFO	logger/logger.go:93	/api/v1/post	{"status": 200, "method": "POST", "path": "/api/v1/post", "query": "", "ip": "::1", "user-agent": "Apifox/1.0.0 (https://apifox.com)", "errors": "", "cost": 0.00841}
2026-05-13T10:23:34.457+0800	INFO	logger/logger.go:93	/api/v1/vote	{"status": 200, "method": "POST", "path": "/api/v1/vote", "query": "", "ip": "::1", "user-agent": "Apifox/1.0.0 (https://apifox.com)", "errors": "", "cost": 0.0037918}
2026-05-13T10:24:00.115+0800	INFO	logger/logger.go:93	/api/v1/login	{"status": 200, "method": "POST", "path": "/api/v1/login", "query": "", "ip": "::1", "user-agent": "Apifox/1.0.0 (https://apifox.com)", "errors": "", "cost": 0.0085544}
2026-05-13T10:24:09.748+0800	DEBUG	server/vote.go:13	VoteForPost	{"userID": 48994289488760832, "postID": "59094660764667904", "vote": 1}
2026-05-13T10:24:09.749+0800	ERROR	redis/vote.go:61		{"": 1778636465}
2026-05-13T10:24:09.752+0800	INFO	logger/logger.go:93	/api/v1/vote	{"status": 200, "method": "POST", "path": "/api/v1/vote", "query": "", "ip": "::1", "user-agent": "Apifox/1.0.0 (https://apifox.com)", "errors": "", "cost": 0.0162615}
2026-05-13T10:26:57.122+0800	INFO	controller/init.go:26	===============================================
2026-05-13T10:26:57.128+0800	INFO	controller/init.go:27	logger init success...
2026-05-13T10:26:57.186+0800	INFO	controller/init.go:36	mysql init success...
2026-05-13T10:26:57.187+0800	INFO	controller/init.go:44	redis init success...
2026-05-13T10:26:57.188+0800	INFO	controller/init.go:51	snowflake init success...
2026-05-13T10:26:57.190+0800	INFO	controller/init.go:58	trans init success...
2026-05-13T10:28:25.532+0800	INFO	controller/init.go:26	===============================================
2026-05-13T10:28:25.538+0800	INFO	controller/init.go:27	logger init success...
2026-05-13T10:28:25.597+0800	INFO	controller/init.go:36	mysql init success...
2026-05-13T10:28:25.598+0800	INFO	controller/init.go:44	redis init success...
2026-05-13T10:28:25.598+0800	INFO	controller/init.go:51	snowflake init success...
2026-05-13T10:28:25.599+0800	INFO	controller/init.go:58	trans init success...
2026-05-13T10:29:39.073+0800	INFO	controller/init.go:26	===============================================
2026-05-13T10:29:39.078+0800	INFO	controller/init.go:27	logger init success...
2026-05-13T10:29:39.143+0800	INFO	controller/init.go:36	mysql init success...
2026-05-13T10:29:39.143+0800	INFO	controller/init.go:44	redis init success...
2026-05-13T10:29:39.143+0800	INFO	controller/init.go:51	snowflake init success...
2026-05-13T10:29:39.144+0800	INFO	controller/init.go:58	trans init success...
2026-05-13T10:29:50.812+0800	DEBUG	server/vote.go:13	VoteForPost	{"userID": 48994289488760832, "postID": "59094660764667904", "vote": 1}
2026-05-13T10:29:50.813+0800	ERROR	redis/vote.go:61		{"": 1778636465}
2026-05-13T10:29:50.813+0800	INFO	logger/logger.go:93	/api/v1/vote	{"status": 200, "method": "POST", "path": "/api/v1/vote", "query": "", "ip": "::1", "user-agent": "Apifox/1.0.0 (https://apifox.com)", "errors": "", "cost": 0.0023581}
2026-05-13T10:32:12.898+0800	INFO	controller/init.go:26	===============================================
2026-05-13T10:32:12.904+0800	INFO	controller/init.go:27	logger init success...
2026-05-13T10:32:12.951+0800	INFO	controller/init.go:36	mysql init success...
2026-05-13T10:32:12.952+0800	INFO	controller/init.go:44	redis init success...
2026-05-13T10:32:12.952+0800	INFO	controller/init.go:51	snowflake init success...
2026-05-13T10:32:12.952+0800	INFO	controller/init.go:58	trans init success...
2026-05-13T10:32:18.507+0800	DEBUG	server/vote.go:13	VoteForPost	{"userID": 48994289488760832, "postID": "59094660764667904", "vote": 1}
2026-05-13T10:32:18.508+0800	INFO	logger/logger.go:93	/api/v1/vote	{"status": 200, "method": "POST", "path": "/api/v1/vote", "query": "", "ip": "::1", "user-agent": "Apifox/1.0.0 (https://apifox.com)", "errors": "", "cost": 0.0021558}
2026-05-13T10:41:03.287+0800	INFO	controller/init.go:26	===============================================
2026-05-13T10:41:03.292+0800	INFO	controller/init.go:27	logger init success...
2026-05-13T10:41:03.355+0800	INFO	controller/init.go:36	mysql init success...
2026-05-13T10:41:03.356+0800	INFO	controller/init.go:44	redis init success...
2026-05-13T10:41:03.357+0800	INFO	controller/init.go:51	snowflake init success...
2026-05-13T10:41:03.357+0800	INFO	controller/init.go:58	trans init success...
2026-05-13T10:43:55.732+0800	DEBUG	server/vote.go:13	VoteForPost	{"userID": 48994289488760832, "postID": "59094660764667904", "vote": 1}
2026-05-13T10:43:55.735+0800	INFO	logger/logger.go:93	/api/v1/vote	{"status": 200, "method": "POST", "path": "/api/v1/vote", "query": "", "ip": "::1", "user-agent": "Apifox/1.0.0 (https://apifox.com)", "errors": "", "cost": 0.003436}
2026-05-13T10:44:21.629+0800	DEBUG	server/vote.go:13	VoteForPost	{"userID": 48994289488760832, "postID": "59094660764667904", "vote": -1}
2026-05-13T10:44:21.632+0800	INFO	logger/logger.go:93	/api/v1/vote	{"status": 200, "method": "POST", "path": "/api/v1/vote", "query": "", "ip": "::1", "user-agent": "Apifox/1.0.0 (https://apifox.com)", "errors": "", "cost": 0.0031821}
2026-05-13T10:44:31.890+0800	INFO	logger/logger.go:93	/api/v1/vote	{"status": 200, "method": "POST", "path": "/api/v1/vote", "query": "", "ip": "::1", "user-agent": "Apifox/1.0.0 (https://apifox.com)", "errors": "", "cost": 0.0013089}
2026-05-13T10:44:41.746+0800	INFO	logger/logger.go:93	/api/v1/vote	{"status": 200, "method": "POST", "path": "/api/v1/vote", "query": "", "ip": "::1", "user-agent": "Apifox/1.0.0 (https://apifox.com)", "errors": "", "cost": 0.0225024}
2026-05-13T10:45:13.827+0800	INFO	logger/logger.go:93	/api/v1/vote	{"status": 200, "method": "POST", "path": "/api/v1/vote", "query": "", "ip": "::1", "user-agent": "Apifox/1.0.0 (https://apifox.com)", "errors": "", "cost": 0.0011041}
2026-05-13T10:45:33.023+0800	INFO	controller/init.go:26	===============================================
2026-05-13T10:45:33.028+0800	INFO	controller/init.go:27	logger init success...
2026-05-13T10:45:33.096+0800	INFO	controller/init.go:36	mysql init success...
2026-05-13T10:45:33.098+0800	INFO	controller/init.go:44	redis init success...
2026-05-13T10:45:33.098+0800	INFO	controller/init.go:51	snowflake init success...
2026-05-13T10:45:33.099+0800	INFO	controller/init.go:58	trans init success...
2026-05-13T10:45:36.943+0800	DEBUG	server/vote.go:13	VoteForPost	{"userID": 48994289488760832, "postID": "59094660764667904", "vote": 0}
2026-05-13T10:45:36.945+0800	INFO	logger/logger.go:93	/api/v1/vote	{"status": 200, "method": "POST", "path": "/api/v1/vote", "query": "", "ip": "::1", "user-agent": "Apifox/1.0.0 (https://apifox.com)", "errors": "", "cost": 0.0032795}
2026-05-13T10:46:52.433+0800	INFO	controller/init.go:26	===============================================
2026-05-13T10:46:52.438+0800	INFO	controller/init.go:27	logger init success...
2026-05-13T10:46:52.495+0800	INFO	controller/init.go:36	mysql init success...
2026-05-13T10:46:52.496+0800	INFO	controller/init.go:44	redis init success...
2026-05-13T10:46:52.496+0800	INFO	controller/init.go:51	snowflake init success...
2026-05-13T10:46:52.497+0800	INFO	controller/init.go:58	trans init success...
2026-05-13T10:48:24.259+0800	DEBUG	server/vote.go:13	VoteForPost	{"userID": 48994289488760832, "postID": "59094660764667904", "vote": 1}
2026-05-13T10:48:24.260+0800	INFO	logger/logger.go:93	/api/v1/vote	{"status": 200, "method": "POST", "path": "/api/v1/vote", "query": "", "ip": "::1", "user-agent": "Apifox/1.0.0 (https://apifox.com)", "errors": "", "cost": 0.0011584}
2026-05-13T10:49:06.868+0800	INFO	logger/logger.go:93	/api/v1/login	{"status": 200, "method": "POST", "path": "/api/v1/login", "query": "", "ip": "::1", "user-agent": "Apifox/1.0.0 (https://apifox.com)", "errors": "", "cost": 0.0021417}
2026-05-13T10:49:22.884+0800	DEBUG	server/vote.go:13	VoteForPost	{"userID": 47208164407382016, "postID": "59094660764667904", "vote": 1}
2026-05-13T10:49:22.885+0800	INFO	logger/logger.go:93	/api/v1/vote	{"status": 200, "method": "POST", "path": "/api/v1/vote", "query": "", "ip": "::1", "user-agent": "Apifox/1.0.0 (https://apifox.com)", "errors": "", "cost": 0.0010556}
2026-05-13T10:59:36.167+0800	INFO	controller/init.go:26	===============================================
2026-05-13T10:59:36.180+0800	INFO	controller/init.go:27	logger init success...
2026-05-13T10:59:36.298+0800	INFO	controller/init.go:36	mysql init success...
2026-05-13T10:59:36.300+0800	INFO	controller/init.go:44	redis init success...
2026-05-13T10:59:36.301+0800	INFO	controller/init.go:51	snowflake init success...
2026-05-13T10:59:36.301+0800	INFO	controller/init.go:58	trans init success...
2026-05-13T11:00:04.648+0800	INFO	controller/init.go:26	===============================================
2026-05-13T11:00:04.664+0800	INFO	controller/init.go:27	logger init success...
2026-05-13T11:00:04.951+0800	INFO	controller/init.go:36	mysql init success...
2026-05-13T11:00:04.954+0800	INFO	controller/init.go:44	redis init success...
2026-05-13T11:00:04.955+0800	INFO	controller/init.go:51	snowflake init success...
2026-05-13T11:00:04.958+0800	INFO	controller/init.go:58	trans init success...
2026-05-13T11:00:18.461+0800	INFO	controller/init.go:26	===============================================
2026-05-13T11:00:18.475+0800	INFO	controller/init.go:27	logger init success...
2026-05-13T11:00:18.627+0800	INFO	controller/init.go:36	mysql init success...
2026-05-13T11:00:18.629+0800	INFO	controller/init.go:44	redis init success...
2026-05-13T11:00:18.630+0800	INFO	controller/init.go:51	snowflake init success...
2026-05-13T11:00:18.631+0800	INFO	controller/init.go:58	trans init success...
2026-05-13T11:01:47.796+0800	INFO	controller/init.go:26	===============================================
2026-05-13T11:01:47.823+0800	INFO	controller/init.go:27	logger init success...
2026-05-13T11:01:47.976+0800	INFO	controller/init.go:36	mysql init success...
2026-05-13T11:01:47.979+0800	INFO	controller/init.go:44	redis init success...
2026-05-13T11:01:47.979+0800	INFO	controller/init.go:51	snowflake init success...
2026-05-13T11:01:47.980+0800	INFO	controller/init.go:58	trans init success...
2026-05-13T11:01:49.226+0800	INFO	controller/init.go:26	===============================================
2026-05-13T11:01:49.241+0800	INFO	controller/init.go:27	logger init success...
2026-05-13T11:01:49.367+0800	INFO	controller/init.go:36	mysql init success...
2026-05-13T11:01:49.370+0800	INFO	controller/init.go:44	redis init success...
2026-05-13T11:01:49.371+0800	INFO	controller/init.go:51	snowflake init success...
2026-05-13T11:01:49.371+0800	INFO	controller/init.go:58	trans init success...
2026-05-13T11:01:49.372+0800	ERROR	backend/main.go:35	listen:%s
	{"error": "listen tcp :8080: bind: Only one usage of each socket address (protocol/network address/port) is normally permitted."}
2026-05-13T11:02:25.759+0800	INFO	controller/init.go:26	===============================================
2026-05-13T11:02:25.786+0800	INFO	controller/init.go:27	logger init success...
2026-05-13T11:02:26.032+0800	INFO	controller/init.go:36	mysql init success...
2026-05-13T11:02:26.034+0800	INFO	controller/init.go:44	redis init success...
2026-05-13T11:02:26.035+0800	INFO	controller/init.go:51	snowflake init success...
2026-05-13T11:02:26.035+0800	INFO	controller/init.go:58	trans init success...
2026-05-13T11:02:26.038+0800	ERROR	backend/main.go:35	listen:%s
	{"error": "listen tcp :8080: bind: Only one usage of each socket address (protocol/network address/port) is normally permitted."}
2026-05-13T11:03:14.664+0800	INFO	controller/init.go:26	===============================================
2026-05-13T11:03:14.677+0800	INFO	controller/init.go:27	logger init success...
2026-05-13T11:03:14.858+0800	INFO	controller/init.go:36	mysql init success...
2026-05-13T11:03:14.860+0800	INFO	controller/init.go:44	redis init success...
2026-05-13T11:03:14.860+0800	INFO	controller/init.go:51	snowflake init success...
2026-05-13T11:03:14.860+0800	INFO	controller/init.go:58	trans init success...
2026-05-13T11:03:14.863+0800	ERROR	backend/main.go:35	listen:%s
	{"error": "listen tcp :8080: bind: Only one usage of each socket address (protocol/network address/port) is normally permitted."}
2026-05-13T11:03:22.784+0800	INFO	controller/init.go:26	===============================================
2026-05-13T11:03:22.794+0800	INFO	controller/init.go:27	logger init success...
2026-05-13T11:03:22.903+0800	INFO	controller/init.go:36	mysql init success...
2026-05-13T11:03:22.905+0800	INFO	controller/init.go:44	redis init success...
2026-05-13T11:03:22.905+0800	INFO	controller/init.go:51	snowflake init success...
2026-05-13T11:03:22.908+0800	INFO	controller/init.go:58	trans init success...
2026-05-13T11:03:22.911+0800	ERROR	backend/main.go:35	listen:%s
	{"error": "listen tcp :8080: bind: Only one usage of each socket address (protocol/network address/port) is normally permitted."}
2026-05-13T11:04:59.062+0800	INFO	controller/init.go:26	===============================================
2026-05-13T11:04:59.098+0800	INFO	controller/init.go:27	logger init success...
2026-05-13T11:04:59.253+0800	INFO	controller/init.go:36	mysql init success...
2026-05-13T11:04:59.255+0800	INFO	controller/init.go:44	redis init success...
2026-05-13T11:04:59.255+0800	INFO	controller/init.go:51	snowflake init success...
2026-05-13T11:04:59.256+0800	INFO	controller/init.go:58	trans init success...
2026-05-13T11:04:59.258+0800	ERROR	backend/main.go:35	listen:%s
	{"error": "listen tcp :8080: bind: Only one usage of each socket address (protocol/network address/port) is normally permitted."}
2026-05-13T11:06:13.298+0800	DEBUG	server/vote.go:13	VoteForPost	{"userID": 47208164407382016, "postID": "59094660764667904", "vote": 0}
2026-05-13T11:06:13.302+0800	INFO	logger/logger.go:93	/api/v1/vote	{"status": 200, "method": "POST", "path": "/api/v1/vote", "query": "", "ip": "::1", "user-agent": "Apifox/1.0.0 (https://apifox.com)", "errors": "", "cost": 0.0060699}
2026-05-13T11:07:16.171+0800	INFO	backend/main.go:43	Shutdown server ...
2026-05-13T11:07:16.172+0800	INFO	backend/main.go:49	Server exiting
2026-05-13T11:07:16.207+0800	INFO	backend/main.go:43	Shutdown server ...
2026-05-13T11:07:16.207+0800	INFO	backend/main.go:49	Server exiting
2026-05-18T19:55:02.870+0800	INFO	controller/init.go:26	===============================================
2026-05-18T19:55:02.879+0800	INFO	controller/init.go:27	logger init success...
2026-05-18T19:55:03.127+0800	INFO	controller/init.go:36	mysql init success...
2026-05-18T19:55:03.128+0800	INFO	controller/init.go:44	redis init success...
2026-05-18T19:55:03.129+0800	INFO	controller/init.go:51	snowflake init success...
2026-05-18T19:55:03.130+0800	INFO	controller/init.go:58	trans init success...
2026-05-18T19:56:34.052+0800	INFO	logger/logger.go:93	/api/v1/postList2	{"status": 200, "method": "GET", "path": "/api/v1/postList2", "query": "page=1&size=10&order=time", "ip": "::1", "user-agent": "Apifox/1.0.0 (https://apifox.com)", "errors": "", "cost": 0}
2026-05-18T19:57:04.492+0800	INFO	logger/logger.go:93	/api/v1/login	{"status": 200, "method": "POST", "path": "/api/v1/login", "query": "", "ip": "::1", "user-agent": "Apifox/1.0.0 (https://apifox.com)", "errors": "", "cost": 0.006266}
2026-05-18T19:57:18.801+0800	ERROR	controller/post.go:103	server.GetPostList() failed: 	{"error": "record not found"}
2026-05-18T19:57:18.801+0800	INFO	logger/logger.go:93	/api/v1/postList2	{"status": 200, "method": "GET", "path": "/api/v1/postList2", "query": "page=1&size=10&order=time", "ip": "::1", "user-agent": "Apifox/1.0.0 (https://apifox.com)", "errors": "", "cost": 0.0133478}
2026-05-18T20:06:04.368+0800	INFO	backend/main.go:43	Shutdown server ...
2026-05-18T20:06:04.368+0800	INFO	backend/main.go:49	Server exiting
2026-05-18T20:06:12.839+0800	INFO	controller/init.go:26	===============================================
2026-05-18T20:06:12.847+0800	INFO	controller/init.go:27	logger init success...
2026-05-18T20:06:12.928+0800	INFO	controller/init.go:36	mysql init success...
2026-05-18T20:06:12.930+0800	INFO	controller/init.go:44	redis init success...
2026-05-18T20:06:12.930+0800	INFO	controller/init.go:51	snowflake init success...
2026-05-18T20:06:12.932+0800	INFO	controller/init.go:58	trans init success...
2026-05-18T20:06:22.883+0800	INFO	logger/logger.go:93	/api/v1/postList2	{"status": 200, "method": "GET", "path": "/api/v1/postList2", "query": "page=1&size=10&order=time", "ip": "::1", "user-agent": "Apifox/1.0.0 (https://apifox.com)", "errors": "", "cost": 0.0012678}
2026-05-18T20:06:27.762+0800	INFO	logger/logger.go:93	/api/v1/login	{"status": 200, "method": "POST", "path": "/api/v1/login", "query": "", "ip": "::1", "user-agent": "Apifox/1.0.0 (https://apifox.com)", "errors": "", "cost": 0.0030256}
2026-05-18T20:22:40.094+0800	INFO	logger/logger.go:93	/api/v1/login	{"status": 200, "method": "POST", "path": "/api/v1/login", "query": "", "ip": "::1", "user-agent": "Apifox/1.0.0 (https://apifox.com)", "errors": "", "cost": 0.0076801}
2026-05-18T20:22:52.624+0800	INFO	backend/main.go:43	Shutdown server ...
2026-05-18T20:22:52.625+0800	INFO	backend/main.go:49	Server exiting
2026-05-18T20:22:57.843+0800	INFO	controller/init.go:26	===============================================
2026-05-18T20:22:57.850+0800	INFO	controller/init.go:27	logger init success...
2026-05-18T20:22:57.903+0800	INFO	controller/init.go:36	mysql init success...
2026-05-18T20:22:57.904+0800	INFO	controller/init.go:44	redis init success...
2026-05-18T20:22:57.905+0800	INFO	controller/init.go:51	snowflake init success...
2026-05-18T20:22:57.906+0800	INFO	controller/init.go:58	trans init success...
2026-05-18T20:23:04.131+0800	INFO	logger/logger.go:93	/api/v1/postList2	{"status": 200, "method": "GET", "path": "/api/v1/postList2", "query": "page=1&size=10&order=time", "ip": "::1", "user-agent": "Apifox/1.0.0 (https://apifox.com)", "errors": "", "cost": 0.0011578}
2026-05-18T20:23:06.342+0800	INFO	logger/logger.go:93	/api/v1/login	{"status": 200, "method": "POST", "path": "/api/v1/login", "query": "", "ip": "::1", "user-agent": "Apifox/1.0.0 (https://apifox.com)", "errors": "", "cost": 0.0010533}
2026-05-18T20:23:19.270+0800	INFO	logger/logger.go:93	/api/v1/postList2	{"status": 200, "method": "GET", "path": "/api/v1/postList2", "query": "page=1&size=10&order=time", "ip": "::1", "user-agent": "Apifox/1.0.0 (https://apifox.com)", "errors": "", "cost": 0.0005943}
2026-05-18T20:23:25.193+0800	INFO	logger/logger.go:93	/api/v1/postList2	{"status": 200, "method": "GET", "path": "/api/v1/postList2", "query": "page=1&size=10&order=time", "ip": "::1", "user-agent": "Apifox/1.0.0 (https://apifox.com)", "errors": "", "cost": 0.0006451}
2026-05-18T20:23:34.056+0800	INFO	logger/logger.go:93	/api/v1/login	{"status": 200, "method": "POST", "path": "/api/v1/login", "query": "", "ip": "::1", "user-agent": "Apifox/1.0.0 (https://apifox.com)", "errors": "", "cost": 0.0020765}
2026-05-18T20:23:43.544+0800	INFO	logger/logger.go:93	/api/v1/ping	{"status": 200, "method": "GET", "path": "/api/v1/ping", "query": "", "ip": "::1", "user-agent": "Apifox/1.0.0 (https://apifox.com)", "errors": "", "cost": 0.0021053}
2026-05-18T20:28:24.613+0800	INFO	backend/main.go:43	Shutdown server ...
2026-05-18T20:28:24.620+0800	INFO	backend/main.go:49	Server exiting
2026-05-18T20:28:29.287+0800	INFO	controller/init.go:26	===============================================
2026-05-18T20:28:29.297+0800	INFO	controller/init.go:27	logger init success...
2026-05-18T20:28:29.358+0800	INFO	controller/init.go:36	mysql init success...
2026-05-18T20:28:29.359+0800	INFO	controller/init.go:44	redis init success...
2026-05-18T20:28:29.359+0800	INFO	controller/init.go:51	snowflake init success...
2026-05-18T20:28:29.359+0800	INFO	controller/init.go:58	trans init success...
2026-05-18T20:28:39.308+0800	INFO	logger/logger.go:93	/api/v1/ping	{"status": 200, "method": "GET", "path": "/api/v1/ping", "query": "", "ip": "::1", "user-agent": "Apifox/1.0.0 (https://apifox.com)", "errors": "", "cost": 0.001253}
2026-05-18T20:34:18.310+0800	INFO	logger/logger.go:93	/api/v1/post	{"status": 200, "method": "POST", "path": "/api/v1/post", "query": "", "ip": "::1", "user-agent": "Apifox/1.0.0 (https://apifox.com)", "errors": "", "cost": 0}
2026-05-18T20:34:32.934+0800	INFO	logger/logger.go:93	/api/v1/post	{"status": 200, "method": "POST", "path": "/api/v1/post", "query": "", "ip": "::1", "user-agent": "Apifox/1.0.0 (https://apifox.com)", "errors": "", "cost": 0.0222701}
2026-05-18T20:34:43.474+0800	INFO	logger/logger.go:93	/api/v1/post	{"status": 200, "method": "POST", "path": "/api/v1/post", "query": "", "ip": "::1", "user-agent": "Apifox/1.0.0 (https://apifox.com)", "errors": "", "cost": 0.0223241}
2026-05-18T20:34:51.016+0800	INFO	logger/logger.go:93	/api/v1/post	{"status": 200, "method": "POST", "path": "/api/v1/post", "query": "", "ip": "::1", "user-agent": "Apifox/1.0.0 (https://apifox.com)", "errors": "", "cost": 0.0228317}
2026-05-18T20:34:59.519+0800	INFO	logger/logger.go:93	/api/v1/post	{"status": 200, "method": "POST", "path": "/api/v1/post", "query": "", "ip": "::1", "user-agent": "Apifox/1.0.0 (https://apifox.com)", "errors": "", "cost": 0.0149085}
2026-05-18T20:35:19.102+0800	INFO	logger/logger.go:93	/api/v1/vote	{"status": 200, "method": "POST", "path": "/api/v1/vote", "query": "", "ip": "::1", "user-agent": "Apifox/1.0.0 (https://apifox.com)", "errors": "", "cost": 0.0005081}
2026-05-18T20:35:36.505+0800	DEBUG	server/vote.go:13	VoteForPost	{"userID": 47208164407382016, "postID": "61071049780891648", "vote": 1}
2026-05-18T20:35:36.507+0800	ERROR	controller/vote.go:46	server.PostVote(userID, p) failed: 	{"error": "redis: nil"}
2026-05-18T20:35:36.514+0800	INFO	logger/logger.go:93	/api/v1/vote	{"status": 200, "method": "POST", "path": "/api/v1/vote", "query": "", "ip": "::1", "user-agent": "Apifox/1.0.0 (https://apifox.com)", "errors": "", "cost": 0.0114972}
2026-05-18T20:35:45.891+0800	DEBUG	server/vote.go:13	VoteForPost	{"userID": 47208164407382016, "postID": "61071049780891648", "vote": 1}
2026-05-18T20:35:45.892+0800	INFO	logger/logger.go:93	/api/v1/vote	{"status": 200, "method": "POST", "path": "/api/v1/vote", "query": "", "ip": "::1", "user-agent": "Apifox/1.0.0 (https://apifox.com)", "errors": "", "cost": 0.0012826}
2026-05-18T20:35:51.912+0800	INFO	logger/logger.go:93	/api/v1/vote	{"status": 200, "method": "POST", "path": "/api/v1/vote", "query": "", "ip": "::1", "user-agent": "Apifox/1.0.0 (https://apifox.com)", "errors": "", "cost": 0.0005081}
2026-05-18T20:35:55.399+0800	DEBUG	server/vote.go:13	VoteForPost	{"userID": 47208164407382016, "postID": "61071049780891648", "vote": 1}
2026-05-18T20:35:55.404+0800	INFO	logger/logger.go:93	/api/v1/vote	{"status": 200, "method": "POST", "path": "/api/v1/vote", "query": "", "ip": "::1", "user-agent": "Apifox/1.0.0 (https://apifox.com)", "errors": "", "cost": 0.0082324}
2026-05-18T20:37:01.709+0800	DEBUG	server/vote.go:13	VoteForPost	{"userID": 47208164407382016, "postID": "61071049780891648", "vote": 1}
2026-05-18T20:37:01.709+0800	INFO	logger/logger.go:93	/api/v1/vote	{"status": 200, "method": "POST", "path": "/api/v1/vote", "query": "", "ip": "::1", "user-agent": "Apifox/1.0.0 (https://apifox.com)", "errors": "", "cost": 0.0012302}
2026-05-18T20:39:23.379+0800	DEBUG	server/vote.go:13	VoteForPost	{"userID": 47208164407382016, "postID": "61071049780891648", "vote": 1}
2026-05-18T20:39:23.380+0800	INFO	logger/logger.go:93	/api/v1/vote	{"status": 200, "method": "POST", "path": "/api/v1/vote", "query": "", "ip": "::1", "user-agent": "Apifox/1.0.0 (https://apifox.com)", "errors": "", "cost": 0.0017189}
2026-05-18T20:41:28.934+0800	INFO	backend/main.go:43	Shutdown server ...
2026-05-18T20:41:28.936+0800	INFO	backend/main.go:49	Server exiting
2026-05-18T20:41:36.061+0800	INFO	controller/init.go:26	===============================================
2026-05-18T20:41:36.075+0800	INFO	controller/init.go:27	logger init success...
2026-05-18T20:41:36.202+0800	INFO	controller/init.go:36	mysql init success...
2026-05-18T20:41:36.204+0800	INFO	controller/init.go:44	redis init success...
2026-05-18T20:41:36.204+0800	INFO	controller/init.go:51	snowflake init success...
2026-05-18T20:41:36.206+0800	INFO	controller/init.go:58	trans init success...
2026-05-18T20:41:49.298+0800	DEBUG	server/vote.go:13	VoteForPost	{"userID": 47208164407382016, "postID": "61071049780891648", "vote": 1}
2026-05-18T20:41:49.302+0800	INFO	logger/logger.go:93	/api/v1/vote	{"status": 200, "method": "POST", "path": "/api/v1/vote", "query": "", "ip": "::1", "user-agent": "Apifox/1.0.0 (https://apifox.com)", "errors": "", "cost": 0.0041867}
2026-05-18T20:45:57.504+0800	INFO	backend/main.go:43	Shutdown server ...
2026-05-18T20:45:57.506+0800	INFO	backend/main.go:49	Server exiting
2026-05-18T20:46:03.722+0800	INFO	controller/init.go:26	===============================================
2026-05-18T20:46:03.729+0800	INFO	controller/init.go:27	logger init success...
2026-05-18T20:46:03.830+0800	INFO	controller/init.go:36	mysql init success...
2026-05-18T20:46:03.833+0800	INFO	controller/init.go:44	redis init success...
2026-05-18T20:46:03.834+0800	INFO	controller/init.go:51	snowflake init success...
2026-05-18T20:46:03.834+0800	INFO	controller/init.go:58	trans init success...
2026-05-18T20:46:14.559+0800	DEBUG	server/vote.go:13	VoteForPost	{"userID": 47208164407382016, "postID": "61071049780891648", "vote": 1}
2026-05-18T20:46:14.561+0800	INFO	logger/logger.go:93	/api/v1/vote	{"status": 200, "method": "POST", "path": "/api/v1/vote", "query": "", "ip": "::1", "user-agent": "Apifox/1.0.0 (https://apifox.com)", "errors": "", "cost": 0.0035054}
2026-05-18T20:49:23.156+0800	INFO	backend/main.go:43	Shutdown server ...
2026-05-18T20:49:23.162+0800	INFO	backend/main.go:49	Server exiting
2026-05-18T20:49:27.842+0800	INFO	controller/init.go:26	===============================================
2026-05-18T20:49:27.849+0800	INFO	controller/init.go:27	logger init success...
2026-05-18T20:49:27.910+0800	INFO	controller/init.go:36	mysql init success...
2026-05-18T20:49:27.912+0800	INFO	controller/init.go:44	redis init success...
2026-05-18T20:49:27.912+0800	INFO	controller/init.go:51	snowflake init success...
2026-05-18T20:49:27.912+0800	INFO	controller/init.go:58	trans init success...
2026-05-18T20:49:30.271+0800	DEBUG	server/vote.go:13	VoteForPost	{"userID": 47208164407382016, "postID": "61071049780891648", "vote": 1}
2026-05-18T20:49:30.272+0800	ERROR	redis/vote.go:87	----: 	{"vote": 1, "oldvote: ": 0}
2026-05-18T20:49:30.273+0800	INFO	logger/logger.go:93	/api/v1/vote	{"status": 200, "method": "POST", "path": "/api/v1/vote", "query": "", "ip": "::1", "user-agent": "Apifox/1.0.0 (https://apifox.com)", "errors": "", "cost": 0.0022526}
2026-05-18T20:51:00.536+0800	INFO	backend/main.go:43	Shutdown server ...
2026-05-18T20:51:00.536+0800	INFO	backend/main.go:49	Server exiting
2026-05-18T20:51:05.243+0800	INFO	controller/init.go:26	===============================================
2026-05-18T20:51:05.251+0800	INFO	controller/init.go:27	logger init success...
2026-05-18T20:51:05.372+0800	INFO	controller/init.go:36	mysql init success...
2026-05-18T20:51:05.373+0800	INFO	controller/init.go:44	redis init success...
2026-05-18T20:51:05.373+0800	INFO	controller/init.go:51	snowflake init success...
2026-05-18T20:51:05.374+0800	INFO	controller/init.go:58	trans init success...
2026-05-18T20:51:07.513+0800	DEBUG	server/vote.go:13	VoteForPost	{"userID": 47208164407382016, "postID": "61071049780891648", "vote": 1}
2026-05-18T20:51:07.514+0800	ERROR	redis/vote.go:88	----: 	{"vote": 1, "oldvote: ": 0}
2026-05-18T20:51:07.516+0800	INFO	logger/logger.go:93	/api/v1/vote	{"status": 200, "method": "POST", "path": "/api/v1/vote", "query": "", "ip": "::1", "user-agent": "Apifox/1.0.0 (https://apifox.com)", "errors": "", "cost": 0.0032508}
2026-05-18T20:52:10.316+0800	INFO	backend/main.go:43	Shutdown server ...
2026-05-18T20:52:10.322+0800	INFO	backend/main.go:49	Server exiting
2026-05-18T20:52:16.077+0800	INFO	controller/init.go:26	===============================================
2026-05-18T20:52:16.085+0800	INFO	controller/init.go:27	logger init success...
2026-05-18T20:52:16.138+0800	INFO	controller/init.go:36	mysql init success...
2026-05-18T20:52:16.139+0800	INFO	controller/init.go:44	redis init success...
2026-05-18T20:52:16.139+0800	INFO	controller/init.go:51	snowflake init success...
2026-05-18T20:52:16.139+0800	INFO	controller/init.go:58	trans init success...
2026-05-18T20:52:18.636+0800	DEBUG	server/vote.go:13	VoteForPost	{"userID": 47208164407382016, "postID": "61071049780891648", "vote": 1}
2026-05-18T20:52:18.636+0800	ERROR	redis/vote.go:78	-----: 	{"key: ": "bluebell:post:voted:61071049780891648"}
2026-05-18T20:52:18.637+0800	ERROR	redis/vote.go:89	----: 	{"vote": 1, "oldvote: ": 0}
2026-05-18T20:52:18.637+0800	INFO	logger/logger.go:93	/api/v1/vote	{"status": 200, "method": "POST", "path": "/api/v1/vote", "query": "", "ip": "::1", "user-agent": "Apifox/1.0.0 (https://apifox.com)", "errors": "", "cost": 0.0012017}
2026-05-18T20:55:47.032+0800	INFO	backend/main.go:43	Shutdown server ...
2026-05-18T20:55:47.033+0800	INFO	backend/main.go:49	Server exiting
2026-05-18T20:55:53.215+0800	INFO	controller/init.go:26	===============================================
2026-05-18T20:55:53.224+0800	INFO	controller/init.go:27	logger init success...
2026-05-18T20:55:53.299+0800	INFO	controller/init.go:36	mysql init success...
2026-05-18T20:55:53.300+0800	INFO	controller/init.go:44	redis init success...
2026-05-18T20:55:53.301+0800	INFO	controller/init.go:51	snowflake init success...
2026-05-18T20:55:53.301+0800	INFO	controller/init.go:58	trans init success...
2026-05-18T20:55:57.814+0800	DEBUG	server/vote.go:13	VoteForPost	{"userID": 47208164407382016, "postID": "61071049780891648", "vote": 1}
2026-05-18T20:55:57.814+0800	ERROR	redis/vote.go:94	----: 	{"vote": 1, "oldvote: ": 0}
2026-05-18T20:55:57.815+0800	INFO	logger/logger.go:93	/api/v1/vote	{"status": 200, "method": "POST", "path": "/api/v1/vote", "query": "", "ip": "::1", "user-agent": "Apifox/1.0.0 (https://apifox.com)", "errors": "", "cost": 0.0027013}
2026-05-18T20:57:52.700+0800	INFO	backend/main.go:43	Shutdown server ...
2026-05-18T20:57:52.701+0800	INFO	backend/main.go:49	Server exiting
2026-05-18T20:57:57.915+0800	INFO	controller/init.go:26	===============================================
2026-05-18T20:57:57.922+0800	INFO	controller/init.go:27	logger init success...
2026-05-18T20:57:58.003+0800	INFO	controller/init.go:36	mysql init success...
2026-05-18T20:57:58.004+0800	INFO	controller/init.go:44	redis init success...
2026-05-18T20:57:58.004+0800	INFO	controller/init.go:51	snowflake init success...
2026-05-18T20:57:58.005+0800	INFO	controller/init.go:58	trans init success...
2026-05-18T20:58:03.701+0800	DEBUG	server/vote.go:13	VoteForPost	{"userID": 47208164407382016, "postID": "61071049780891648", "vote": 1}
2026-05-18T20:58:03.701+0800	ERROR	redis/vote.go:85	------------- 	{"key: ": "bluebell:post:voted:61071049780891648", "userID: ": "47208164407382016"}
2026-05-18T20:58:03.702+0800	ERROR	redis/vote.go:96	----: 	{"vote": 1, "oldvote: ": 0}
2026-05-18T20:58:03.703+0800	INFO	logger/logger.go:93	/api/v1/vote	{"status": 200, "method": "POST", "path": "/api/v1/vote", "query": "", "ip": "::1", "user-agent": "Apifox/1.0.0 (https://apifox.com)", "errors": "", "cost": 0.0030742}
2026-05-18T21:07:08.939+0800	INFO	backend/main.go:43	Shutdown server ...
2026-05-18T21:07:08.940+0800	INFO	backend/main.go:49	Server exiting
2026-05-18T21:07:13.318+0800	INFO	controller/init.go:26	===============================================
2026-05-18T21:07:13.353+0800	INFO	controller/init.go:27	logger init success...
2026-05-18T21:07:13.477+0800	INFO	controller/init.go:36	mysql init success...
2026-05-18T21:07:13.478+0800	INFO	controller/init.go:44	redis init success...
2026-05-18T21:07:13.478+0800	INFO	controller/init.go:51	snowflake init success...
2026-05-18T21:07:13.478+0800	INFO	controller/init.go:58	trans init success...
2026-05-18T21:07:15.104+0800	DEBUG	server/vote.go:13	VoteForPost	{"userID": 47208164407382016, "postID": "61071049780891648", "vote": 1}
2026-05-18T21:07:15.105+0800	ERROR	redis/vote.go:83	------------- 	{"key: ": "bluebell:post:voted:61071049780891648", "userID: ": "47208164407382016"}
2026-05-18T21:07:15.105+0800	ERROR	redis/vote.go:94	----: 	{"vote": 1, "oldvote: ": 1}
2026-05-18T21:07:15.106+0800	INFO	logger/logger.go:93	/api/v1/vote	{"status": 200, "method": "POST", "path": "/api/v1/vote", "query": "", "ip": "::1", "user-agent": "Apifox/1.0.0 (https://apifox.com)", "errors": "", "cost": 0.0039937}
2026-05-18T21:07:28.461+0800	DEBUG	server/vote.go:13	VoteForPost	{"userID": 47208164407382016, "postID": "61071049780891648", "vote": 1}
2026-05-18T21:07:28.462+0800	ERROR	redis/vote.go:83	------------- 	{"key: ": "bluebell:post:voted:61071049780891648", "userID: ": "47208164407382016"}
2026-05-18T21:07:28.463+0800	ERROR	redis/vote.go:94	----: 	{"vote": 1, "oldvote: ": 1}
2026-05-18T21:07:28.463+0800	INFO	logger/logger.go:93	/api/v1/vote	{"status": 200, "method": "POST", "path": "/api/v1/vote", "query": "", "ip": "::1", "user-agent": "Apifox/1.0.0 (https://apifox.com)", "errors": "", "cost": 0.0027914}
2026-05-18T21:07:59.220+0800	INFO	backend/main.go:43	Shutdown server ...
2026-05-18T21:07:59.221+0800	INFO	backend/main.go:49	Server exiting
2026-05-18T21:08:03.586+0800	INFO	controller/init.go:26	===============================================
2026-05-18T21:08:03.593+0800	INFO	controller/init.go:27	logger init success...
2026-05-18T21:08:03.674+0800	INFO	controller/init.go:36	mysql init success...
2026-05-18T21:08:03.676+0800	INFO	controller/init.go:44	redis init success...
2026-05-18T21:08:03.676+0800	INFO	controller/init.go:51	snowflake init success...
2026-05-18T21:08:03.678+0800	INFO	controller/init.go:58	trans init success...
2026-05-18T21:08:09.759+0800	DEBUG	server/vote.go:13	VoteForPost	{"userID": 47208164407382016, "postID": "61071049780891648", "vote": 1}
2026-05-18T21:08:09.760+0800	INFO	logger/logger.go:93	/api/v1/vote	{"status": 200, "method": "POST", "path": "/api/v1/vote", "query": "", "ip": "::1", "user-agent": "Apifox/1.0.0 (https://apifox.com)", "errors": "", "cost": 0.0025278}
2026-05-18T21:08:18.010+0800	DEBUG	server/vote.go:13	VoteForPost	{"userID": 47208164407382016, "postID": "61071049780891648", "vote": 1}
2026-05-18T21:08:18.011+0800	INFO	logger/logger.go:93	/api/v1/vote	{"status": 200, "method": "POST", "path": "/api/v1/vote", "query": "", "ip": "::1", "user-agent": "Apifox/1.0.0 (https://apifox.com)", "errors": "", "cost": 0.0010374}
2026-05-18T21:10:30.278+0800	INFO	backend/main.go:43	Shutdown server ...
2026-05-18T21:10:30.278+0800	INFO	backend/main.go:49	Server exiting
2026-05-18T21:10:34.798+0800	INFO	controller/init.go:26	===============================================
2026-05-18T21:10:34.811+0800	INFO	controller/init.go:27	logger init success...
2026-05-18T21:10:34.880+0800	INFO	controller/init.go:36	mysql init success...
2026-05-18T21:10:34.881+0800	INFO	controller/init.go:44	redis init success...
2026-05-18T21:10:34.882+0800	INFO	controller/init.go:51	snowflake init success...
2026-05-18T21:10:34.882+0800	INFO	controller/init.go:58	trans init success...
2026-05-18T21:10:40.087+0800	DEBUG	server/vote.go:13	VoteForPost	{"userID": 47208164407382016, "postID": "61071049780891648", "vote": 1}
2026-05-18T21:10:40.090+0800	ERROR	redis/vote.go:77	ZScore(getRedisKey(KeyPostVotedZSetPrefix+postID), userID).Result() is nil
2026-05-18T21:10:40.091+0800	ERROR	controller/vote.go:46	server.PostVote(userID, p) failed: 	{"error": "redis: nil"}
2026-05-18T21:10:40.092+0800	INFO	logger/logger.go:93	/api/v1/vote	{"status": 200, "method": "POST", "path": "/api/v1/vote", "query": "", "ip": "::1", "user-agent": "Apifox/1.0.0 (https://apifox.com)", "errors": "", "cost": 0.0076588}
2026-05-18T21:10:46.924+0800	DEBUG	server/vote.go:13	VoteForPost	{"userID": 47208164407382016, "postID": "61071049780891648", "vote": 1}
2026-05-18T21:10:46.928+0800	ERROR	redis/vote.go:77	ZScore(getRedisKey(KeyPostVotedZSetPrefix+postID), userID).Result() is nil
2026-05-18T21:10:46.930+0800	ERROR	controller/vote.go:46	server.PostVote(userID, p) failed: 	{"error": "redis: nil"}
2026-05-18T21:10:46.931+0800	INFO	logger/logger.go:93	/api/v1/vote	{"status": 200, "method": "POST", "path": "/api/v1/vote", "query": "", "ip": "::1", "user-agent": "Apifox/1.0.0 (https://apifox.com)", "errors": "", "cost": 0.006542}
2026-05-18T21:11:24.080+0800	INFO	logger/logger.go:93	/api/v1/post	{"status": 200, "method": "POST", "path": "/api/v1/post", "query": "", "ip": "::1", "user-agent": "Apifox/1.0.0 (https://apifox.com)", "errors": "", "cost": 0.0190821}
2026-05-18T21:11:30.115+0800	INFO	logger/logger.go:93	/api/v1/post	{"status": 200, "method": "POST", "path": "/api/v1/post", "query": "", "ip": "::1", "user-agent": "Apifox/1.0.0 (https://apifox.com)", "errors": "", "cost": 0.0223946}
2026-05-18T21:11:39.786+0800	INFO	logger/logger.go:93	/api/v1/post	{"status": 200, "method": "POST", "path": "/api/v1/post", "query": "", "ip": "::1", "user-agent": "Apifox/1.0.0 (https://apifox.com)", "errors": "", "cost": 0.0126789}
2026-05-18T21:11:48.319+0800	INFO	logger/logger.go:93	/api/v1/post	{"status": 200, "method": "POST", "path": "/api/v1/post", "query": "", "ip": "::1", "user-agent": "Apifox/1.0.0 (https://apifox.com)", "errors": "", "cost": 0.0160866}
2026-05-18T21:11:57.937+0800	INFO	logger/logger.go:93	/api/v1/post	{"status": 200, "method": "POST", "path": "/api/v1/post", "query": "", "ip": "::1", "user-agent": "Apifox/1.0.0 (https://apifox.com)", "errors": "", "cost": 0.0228136}
2026-05-18T21:12:13.335+0800	DEBUG	server/vote.go:13	VoteForPost	{"userID": 47208164407382016, "postID": "61080324011986944", "vote": 1}
2026-05-18T21:12:13.337+0800	ERROR	redis/vote.go:77	ZScore(getRedisKey(KeyPostVotedZSetPrefix+postID), userID).Result() is nil
2026-05-18T21:12:13.337+0800	ERROR	controller/vote.go:46	server.PostVote(userID, p) failed: 	{"error": "redis: nil"}
2026-05-18T21:12:13.337+0800	INFO	logger/logger.go:93	/api/v1/vote	{"status": 200, "method": "POST", "path": "/api/v1/vote", "query": "", "ip": "::1", "user-agent": "Apifox/1.0.0 (https://apifox.com)", "errors": "", "cost": 0.0048478}
2026-05-18T21:12:18.747+0800	DEBUG	server/vote.go:13	VoteForPost	{"userID": 47208164407382016, "postID": "61080349333000192", "vote": 1}
2026-05-18T21:12:18.749+0800	ERROR	redis/vote.go:77	ZScore(getRedisKey(KeyPostVotedZSetPrefix+postID), userID).Result() is nil
2026-05-18T21:12:18.749+0800	ERROR	controller/vote.go:46	server.PostVote(userID, p) failed: 	{"error": "redis: nil"}
2026-05-18T21:12:18.749+0800	INFO	logger/logger.go:93	/api/v1/vote	{"status": 200, "method": "POST", "path": "/api/v1/vote", "query": "", "ip": "::1", "user-agent": "Apifox/1.0.0 (https://apifox.com)", "errors": "", "cost": 0.0055636}
2026-05-18T21:12:55.109+0800	INFO	backend/main.go:43	Shutdown server ...
2026-05-18T21:12:55.111+0800	INFO	backend/main.go:49	Server exiting
2026-05-18T21:12:59.350+0800	INFO	controller/init.go:26	===============================================
2026-05-18T21:12:59.359+0800	INFO	controller/init.go:27	logger init success...
2026-05-18T21:12:59.469+0800	INFO	controller/init.go:36	mysql init success...
2026-05-18T21:12:59.471+0800	INFO	controller/init.go:44	redis init success...
2026-05-18T21:12:59.472+0800	INFO	controller/init.go:51	snowflake init success...
2026-05-18T21:12:59.473+0800	INFO	controller/init.go:58	trans init success...
2026-05-18T21:13:41.368+0800	DEBUG	server/vote.go:13	VoteForPost	{"userID": 47208164407382016, "postID": "61080349333000192", "vote": 1}
2026-05-18T21:13:41.371+0800	ERROR	redis/vote.go:77	ZScore(getRedisKey(KeyPostVotedZSetPrefix+postID), userID).Result() is nil
2026-05-18T21:13:41.372+0800	ERROR	controller/vote.go:46	server.PostVote(userID, p) failed: 	{"error": "redis: nil"}
2026-05-18T21:13:41.373+0800	INFO	logger/logger.go:93	/api/v1/vote	{"status": 200, "method": "POST", "path": "/api/v1/vote", "query": "", "ip": "::1", "user-agent": "Apifox/1.0.0 (https://apifox.com)", "errors": "", "cost": 0.0050824}
2026-05-18T21:14:32.119+0800	INFO	backend/main.go:43	Shutdown server ...
2026-05-18T21:14:32.119+0800	INFO	backend/main.go:49	Server exiting
2026-05-18T21:14:36.056+0800	INFO	controller/init.go:26	===============================================
2026-05-18T21:14:36.064+0800	INFO	controller/init.go:27	logger init success...
2026-05-18T21:14:36.159+0800	INFO	controller/init.go:36	mysql init success...
2026-05-18T21:14:36.160+0800	INFO	controller/init.go:44	redis init success...
2026-05-18T21:14:36.160+0800	INFO	controller/init.go:51	snowflake init success...
2026-05-18T21:14:36.161+0800	INFO	controller/init.go:58	trans init success...
2026-05-18T21:14:39.213+0800	DEBUG	server/vote.go:13	VoteForPost	{"userID": 47208164407382016, "postID": "61080349333000192", "vote": 1}
2026-05-18T21:14:39.215+0800	INFO	logger/logger.go:93	/api/v1/vote	{"status": 200, "method": "POST", "path": "/api/v1/vote", "query": "", "ip": "::1", "user-agent": "Apifox/1.0.0 (https://apifox.com)", "errors": "", "cost": 0.0033649}
2026-05-18T21:14:58.279+0800	DEBUG	server/vote.go:13	VoteForPost	{"userID": 47208164407382016, "postID": "61080324011986944", "vote": 1}
2026-05-18T21:14:58.279+0800	INFO	logger/logger.go:93	/api/v1/vote	{"status": 200, "method": "POST", "path": "/api/v1/vote", "query": "", "ip": "::1", "user-agent": "Apifox/1.0.0 (https://apifox.com)", "errors": "", "cost": 0}
2026-05-18T21:15:03.002+0800	DEBUG	server/vote.go:13	VoteForPost	{"userID": 47208164407382016, "postID": "61080389908697088", "vote": 1}
2026-05-18T21:15:03.004+0800	INFO	logger/logger.go:93	/api/v1/vote	{"status": 200, "method": "POST", "path": "/api/v1/vote", "query": "", "ip": "::1", "user-agent": "Apifox/1.0.0 (https://apifox.com)", "errors": "", "cost": 0.0024487}
2026-05-18T21:15:03.818+0800	DEBUG	server/vote.go:13	VoteForPost	{"userID": 47208164407382016, "postID": "61080389908697088", "vote": 1}
2026-05-18T21:15:03.820+0800	INFO	logger/logger.go:93	/api/v1/vote	{"status": 200, "method": "POST", "path": "/api/v1/vote", "query": "", "ip": "::1", "user-agent": "Apifox/1.0.0 (https://apifox.com)", "errors": "", "cost": 0.0091735}
2026-05-18T21:15:11.136+0800	DEBUG	server/vote.go:13	VoteForPost	{"userID": 47208164407382016, "postID": "61080425686110208", "vote": -1}
2026-05-18T21:15:11.137+0800	INFO	logger/logger.go:93	/api/v1/vote	{"status": 200, "method": "POST", "path": "/api/v1/vote", "query": "", "ip": "::1", "user-agent": "Apifox/1.0.0 (https://apifox.com)", "errors": "", "cost": 0.002153}
2026-05-18T21:15:18.675+0800	DEBUG	server/vote.go:13	VoteForPost	{"userID": 47208164407382016, "postID": "61080466018537472", "vote": 0}
2026-05-18T21:15:18.677+0800	INFO	logger/logger.go:93	/api/v1/vote	{"status": 200, "method": "POST", "path": "/api/v1/vote", "query": "", "ip": "::1", "user-agent": "Apifox/1.0.0 (https://apifox.com)", "errors": "", "cost": 0.0025955}
2026-05-18T21:16:14.454+0800	INFO	logger/logger.go:93	/api/v1/login	{"status": 200, "method": "POST", "path": "/api/v1/login", "query": "", "ip": "::1", "user-agent": "Apifox/1.0.0 (https://apifox.com)", "errors": "", "cost": 0.0046301}
2026-05-18T21:16:26.594+0800	DEBUG	server/vote.go:13	VoteForPost	{"userID": 48994289488760832, "postID": "61080466018537472", "vote": 1}
2026-05-18T21:16:26.599+0800	INFO	logger/logger.go:93	/api/v1/vote	{"status": 200, "method": "POST", "path": "/api/v1/vote", "query": "", "ip": "::1", "user-agent": "Apifox/1.0.0 (https://apifox.com)", "errors": "", "cost": 0.0041888}
2026-05-18T21:16:52.587+0800	DEBUG	server/vote.go:13	VoteForPost	{"userID": 48994289488760832, "postID": "61080466018537472", "vote": 1}
2026-05-18T21:16:52.589+0800	INFO	logger/logger.go:93	/api/v1/vote	{"status": 200, "method": "POST", "path": "/api/v1/vote", "query": "", "ip": "::1", "user-agent": "Apifox/1.0.0 (https://apifox.com)", "errors": "", "cost": 0.0024947}
2026-05-18T21:17:24.271+0800	DEBUG	server/vote.go:13	VoteForPost	{"userID": 48994289488760832, "postID": "61080324011986944", "vote": 1}
2026-05-18T21:17:24.272+0800	INFO	logger/logger.go:93	/api/v1/vote	{"status": 200, "method": "POST", "path": "/api/v1/vote", "query": "", "ip": "::1", "user-agent": "Apifox/1.0.0 (https://apifox.com)", "errors": "", "cost": 0.0033627}
2026-05-18T21:17:28.011+0800	DEBUG	server/vote.go:13	VoteForPost	{"userID": 48994289488760832, "postID": "61080349333000192", "vote": 1}
2026-05-18T21:17:28.012+0800	INFO	logger/logger.go:93	/api/v1/vote	{"status": 200, "method": "POST", "path": "/api/v1/vote", "query": "", "ip": "::1", "user-agent": "Apifox/1.0.0 (https://apifox.com)", "errors": "", "cost": 0.0011126}
2026-05-18T21:17:32.682+0800	DEBUG	server/vote.go:13	VoteForPost	{"userID": 48994289488760832, "postID": "61080389908697088", "vote": 1}
2026-05-18T21:17:32.684+0800	INFO	logger/logger.go:93	/api/v1/vote	{"status": 200, "method": "POST", "path": "/api/v1/vote", "query": "", "ip": "::1", "user-agent": "Apifox/1.0.0 (https://apifox.com)", "errors": "", "cost": 0.0032302}
2026-05-18T21:17:36.712+0800	DEBUG	server/vote.go:13	VoteForPost	{"userID": 48994289488760832, "postID": "61080425686110208", "vote": 1}
2026-05-18T21:17:36.715+0800	INFO	logger/logger.go:93	/api/v1/vote	{"status": 200, "method": "POST", "path": "/api/v1/vote", "query": "", "ip": "::1", "user-agent": "Apifox/1.0.0 (https://apifox.com)", "errors": "", "cost": 0.0047727}
2026-05-18T21:17:57.335+0800	DEBUG	server/vote.go:13	VoteForPost	{"userID": 48994289488760832, "postID": "61080425686110208", "vote": 0}
2026-05-18T21:17:57.336+0800	INFO	logger/logger.go:93	/api/v1/vote	{"status": 200, "method": "POST", "path": "/api/v1/vote", "query": "", "ip": "::1", "user-agent": "Apifox/1.0.0 (https://apifox.com)", "errors": "", "cost": 0.0010484}
2026-05-18T21:18:16.623+0800	DEBUG	server/vote.go:13	VoteForPost	{"userID": 48994289488760832, "postID": "61080425686110208", "vote": 1}
2026-05-18T21:18:16.628+0800	INFO	logger/logger.go:93	/api/v1/vote	{"status": 200, "method": "POST", "path": "/api/v1/vote", "query": "", "ip": "::1", "user-agent": "Apifox/1.0.0 (https://apifox.com)", "errors": "", "cost": 0.0049443}
2026-05-18T21:21:19.280+0800	INFO	logger/logger.go:93	/api/v1/postList	{"status": 200, "method": "GET", "path": "/api/v1/postList", "query": "page=2&size=2", "ip": "::1", "user-agent": "Apifox/1.0.0 (https://apifox.com)", "errors": "", "cost": 0}
2026-05-18T21:21:36.499+0800	INFO	logger/logger.go:93	/api/v1/postList	{"status": 200, "method": "GET", "path": "/api/v1/postList", "query": "page=2&size=2", "ip": "::1", "user-agent": "Apifox/1.0.0 (https://apifox.com)", "errors": "", "cost": 0.0173418}
2026-05-18T21:21:49.672+0800	INFO	logger/logger.go:93	/api/v1/postList	{"status": 200, "method": "GET", "path": "/api/v1/postList", "query": "page=1&size=10", "ip": "::1", "user-agent": "Apifox/1.0.0 (https://apifox.com)", "errors": "", "cost": 0.0102322}
2026-05-18T21:22:05.925+0800	ERROR	controller/post.go:103	server.GetPostList() failed: 	{"error": "record not found"}
2026-05-18T21:22:05.925+0800	INFO	logger/logger.go:93	/api/v1/postList2	{"status": 200, "method": "GET", "path": "/api/v1/postList2", "query": "page=1&size=10&order=time", "ip": "::1", "user-agent": "Apifox/1.0.0 (https://apifox.com)", "errors": "", "cost": 0.0038385}
2026-05-18T21:26:42.385+0800	INFO	logger/logger.go:93	/api/v1/post	{"status": 200, "method": "POST", "path": "/api/v1/post", "query": "", "ip": "::1", "user-agent": "Apifox/1.0.0 (https://apifox.com)", "errors": "", "cost": 0.0006585}
2026-05-18T21:26:45.555+0800	INFO	logger/logger.go:93	/api/v1/post	{"status": 200, "method": "POST", "path": "/api/v1/post", "query": "", "ip": "::1", "user-agent": "Apifox/1.0.0 (https://apifox.com)", "errors": "", "cost": 0}
2026-05-18T21:26:47.786+0800	INFO	logger/logger.go:93	/api/v1/post	{"status": 200, "method": "POST", "path": "/api/v1/post", "query": "", "ip": "::1", "user-agent": "Apifox/1.0.0 (https://apifox.com)", "errors": "", "cost": 0.0045167}
2026-05-18T21:26:55.836+0800	INFO	logger/logger.go:93	/api/v1/login	{"status": 200, "method": "POST", "path": "/api/v1/login", "query": "", "ip": "::1", "user-agent": "Apifox/1.0.0 (https://apifox.com)", "errors": "", "cost": 0.0036848}
2026-05-18T21:27:12.714+0800	INFO	logger/logger.go:93	/api/v1/post	{"status": 200, "method": "POST", "path": "/api/v1/post", "query": "", "ip": "::1", "user-agent": "Apifox/1.0.0 (https://apifox.com)", "errors": "", "cost": 0.0069761}
2026-05-18T21:27:17.191+0800	INFO	logger/logger.go:93	/api/v1/post	{"status": 200, "method": "POST", "path": "/api/v1/post", "query": "", "ip": "::1", "user-agent": "Apifox/1.0.0 (https://apifox.com)", "errors": "", "cost": 0.0276695}
2026-05-18T21:27:19.761+0800	INFO	logger/logger.go:93	/api/v1/post	{"status": 200, "method": "POST", "path": "/api/v1/post", "query": "", "ip": "::1", "user-agent": "Apifox/1.0.0 (https://apifox.com)", "errors": "", "cost": 0.0074783}
2026-05-18T21:27:33.668+0800	INFO	logger/logger.go:93	/api/v1/vote	{"status": 200, "method": "POST", "path": "/api/v1/vote", "query": "", "ip": "::1", "user-agent": "Apifox/1.0.0 (https://apifox.com)", "errors": "", "cost": 0.0020057}
2026-05-18T21:27:44.111+0800	INFO	logger/logger.go:93	/api/v1/vote	{"status": 200, "method": "POST", "path": "/api/v1/vote", "query": "", "ip": "::1", "user-agent": "Apifox/1.0.0 (https://apifox.com)", "errors": "", "cost": 0.0005041}
2026-05-18T21:27:59.776+0800	INFO	logger/logger.go:93	/api/v1/vote	{"status": 200, "method": "POST", "path": "/api/v1/vote", "query": "", "ip": "::1", "user-agent": "Apifox/1.0.0 (https://apifox.com)", "errors": "", "cost": 0.0005435}
2026-05-18T21:28:16.813+0800	DEBUG	server/vote.go:13	VoteForPost	{"userID": 48994289488760832, "postID": "61084332474765312", "vote": 0}
2026-05-18T21:28:16.814+0800	INFO	logger/logger.go:93	/api/v1/vote	{"status": 200, "method": "POST", "path": "/api/v1/vote", "query": "", "ip": "::1", "user-agent": "Apifox/1.0.0 (https://apifox.com)", "errors": "", "cost": 0.001804}
2026-05-18T21:28:22.677+0800	DEBUG	server/vote.go:13	VoteForPost	{"userID": 48994289488760832, "postID": "61084321636683776", "vote": 1}
2026-05-18T21:28:22.679+0800	INFO	logger/logger.go:93	/api/v1/vote	{"status": 200, "method": "POST", "path": "/api/v1/vote", "query": "", "ip": "::1", "user-agent": "Apifox/1.0.0 (https://apifox.com)", "errors": "", "cost": 0.0016581}
2026-05-18T21:28:29.347+0800	DEBUG	server/vote.go:13	VoteForPost	{"userID": 48994289488760832, "postID": "61084302917505024", "vote": -1}
2026-05-18T21:28:29.348+0800	INFO	logger/logger.go:93	/api/v1/vote	{"status": 200, "method": "POST", "path": "/api/v1/vote", "query": "", "ip": "::1", "user-agent": "Apifox/1.0.0 (https://apifox.com)", "errors": "", "cost": 0.0023359}
2026-05-18T21:28:36.225+0800	INFO	logger/logger.go:93	/api/v1/postList	{"status": 200, "method": "GET", "path": "/api/v1/postList", "query": "page=1&size=10", "ip": "::1", "user-agent": "Apifox/1.0.0 (https://apifox.com)", "errors": "", "cost": 0}
2026-05-18T21:28:47.099+0800	INFO	logger/logger.go:93	/api/v1/postList	{"status": 200, "method": "GET", "path": "/api/v1/postList", "query": "page=1&size=10", "ip": "::1", "user-agent": "Apifox/1.0.0 (https://apifox.com)", "errors": "", "cost": 0.0068264}
2026-05-18T21:28:53.364+0800	INFO	logger/logger.go:93	/api/v1/postList2	{"status": 200, "method": "GET", "path": "/api/v1/postList2", "query": "page=1&size=10&order=time", "ip": "::1", "user-agent": "Apifox/1.0.0 (https://apifox.com)", "errors": "", "cost": 0.0096603}
2026-05-18T21:29:19.875+0800	INFO	logger/logger.go:93	/api/v1/postList2	{"status": 200, "method": "GET", "path": "/api/v1/postList2", "query": "page=1&size=10&order=score", "ip": "::1", "user-agent": "Apifox/1.0.0 (https://apifox.com)", "errors": "", "cost": 0.0026811}
2026-05-18T21:38:04.379+0800	INFO	backend/main.go:43	Shutdown server ...
2026-05-18T21:38:04.381+0800	INFO	backend/main.go:49	Server exiting
2026-05-19T19:19:47.798+0800	INFO	controller/init.go:26	===============================================
2026-05-19T19:19:47.804+0800	INFO	controller/init.go:27	logger init success...
2026-05-19T19:19:47.961+0800	INFO	controller/init.go:36	mysql init success...
2026-05-19T19:19:47.962+0800	INFO	controller/init.go:44	redis init success...
2026-05-19T19:19:47.962+0800	INFO	controller/init.go:51	snowflake init success...
2026-05-19T19:19:47.962+0800	INFO	controller/init.go:58	trans init success...
2026-05-19T19:21:13.165+0800	INFO	logger/logger.go:93	/api/v1/login	{"status": 200, "method": "POST", "path": "/api/v1/login", "query": "", "ip": "::1", "user-agent": "Apifox/1.0.0 (https://apifox.com)", "errors": "", "cost": 0.0018765}
2026-05-19T19:21:27.465+0800	ERROR	controller/post.go:103	server.GetPostList() failed: 	{"error": "record not found"}
2026-05-19T19:21:27.465+0800	INFO	logger/logger.go:93	/api/v1/postList2	{"status": 200, "method": "GET", "path": "/api/v1/postList2", "query": "page=1&size=10&order=time", "ip": "::1", "user-agent": "Apifox/1.0.0 (https://apifox.com)", "errors": "", "cost": 0.0111046}
2026-05-19T19:23:44.001+0800	INFO	backend/main.go:43	Shutdown server ...
2026-05-19T19:23:44.002+0800	INFO	backend/main.go:49	Server exiting
2026-05-19T19:23:47.534+0800	INFO	controller/init.go:26	===============================================
2026-05-19T19:23:47.539+0800	INFO	controller/init.go:27	logger init success...
2026-05-19T19:23:47.595+0800	INFO	controller/init.go:36	mysql init success...
2026-05-19T19:23:47.597+0800	INFO	controller/init.go:44	redis init success...
2026-05-19T19:23:47.597+0800	INFO	controller/init.go:51	snowflake init success...
2026-05-19T19:23:47.597+0800	INFO	controller/init.go:58	trans init success...
2026-05-19T19:23:52.746+0800	ERROR	controller/post.go:103	server.GetPostList() failed: 	{"error": "record not found"}
2026-05-19T19:23:52.747+0800	INFO	logger/logger.go:93	/api/v1/postList2	{"status": 200, "method": "GET", "path": "/api/v1/postList2", "query": "page=1&size=10&order=time", "ip": "::1", "user-agent": "Apifox/1.0.0 (https://apifox.com)", "errors": "", "cost": 0.002408}
2026-05-19T19:26:04.870+0800	INFO	backend/main.go:43	Shutdown server ...
2026-05-19T19:26:04.871+0800	INFO	backend/main.go:49	Server exiting
2026-05-19T19:26:08.461+0800	INFO	controller/init.go:26	===============================================
2026-05-19T19:26:08.466+0800	INFO	controller/init.go:27	logger init success...
2026-05-19T19:26:08.514+0800	INFO	controller/init.go:36	mysql init success...
2026-05-19T19:26:08.515+0800	INFO	controller/init.go:44	redis init success...
2026-05-19T19:26:08.515+0800	INFO	controller/init.go:51	snowflake init success...
2026-05-19T19:26:08.515+0800	INFO	controller/init.go:58	trans init success...
2026-05-19T19:26:14.090+0800	ERROR	server/post.go:110	mysql.GetPostDetailListByIds(ids) failed: 	{"error": "record not found"}
2026-05-19T19:26:14.090+0800	ERROR	controller/post.go:103	server.GetPostList() failed: 	{"error": "record not found"}
2026-05-19T19:26:14.090+0800	INFO	logger/logger.go:93	/api/v1/postList2	{"status": 200, "method": "GET", "path": "/api/v1/postList2", "query": "page=1&size=10&order=time", "ip": "::1", "user-agent": "Apifox/1.0.0 (https://apifox.com)", "errors": "", "cost": 0.0030764}
2026-05-19T19:32:12.184+0800	INFO	backend/main.go:43	Shutdown server ...
2026-05-19T19:32:12.185+0800	INFO	backend/main.go:49	Server exiting
2026-05-19T19:32:15.869+0800	INFO	controller/init.go:26	===============================================
2026-05-19T19:32:15.874+0800	INFO	controller/init.go:27	logger init success...
2026-05-19T19:32:15.918+0800	INFO	controller/init.go:36	mysql init success...
2026-05-19T19:32:15.919+0800	INFO	controller/init.go:44	redis init success...
2026-05-19T19:32:15.919+0800	INFO	controller/init.go:51	snowflake init success...
2026-05-19T19:32:15.920+0800	INFO	controller/init.go:58	trans init success...
2026-05-19T19:32:18.186+0800	ERROR	mysql/post.go:36	GetPostDetailById(uint64(idStr)) failed: 	{"error": "record not found", "id: ": "61071161328406528"}
2026-05-19T19:32:18.186+0800	ERROR	server/post.go:110	mysql.GetPostDetailListByIds(ids) failed: 	{"error": "record not found"}
2026-05-19T19:32:18.186+0800	ERROR	controller/post.go:103	server.GetPostList() failed: 	{"error": "record not found"}
2026-05-19T19:32:18.186+0800	INFO	logger/logger.go:93	/api/v1/postList2	{"status": 200, "method": "GET", "path": "/api/v1/postList2", "query": "page=1&size=10&order=time", "ip": "::1", "user-agent": "Apifox/1.0.0 (https://apifox.com)", "errors": "", "cost": 0.0031645}
2026-05-19T19:36:19.315+0800	INFO	logger/logger.go:93	/api/v1/post	{"status": 200, "method": "POST", "path": "/api/v1/post", "query": "", "ip": "::1", "user-agent": "Apifox/1.0.0 (https://apifox.com)", "errors": "", "cost": 0.0005038}
2026-05-19T19:36:22.947+0800	INFO	logger/logger.go:93	/api/v1/login	{"status": 200, "method": "POST", "path": "/api/v1/login", "query": "", "ip": "::1", "user-agent": "Apifox/1.0.0 (https://apifox.com)", "errors": "", "cost": 0.0026579}
2026-05-19T19:36:32.010+0800	INFO	logger/logger.go:93	/api/v1/post	{"status": 200, "method": "POST", "path": "/api/v1/post", "query": "", "ip": "::1", "user-agent": "Apifox/1.0.0 (https://apifox.com)", "errors": "", "cost": 0.0113892}
2026-05-19T19:36:34.761+0800	INFO	logger/logger.go:93	/api/v1/post	{"status": 200, "method": "POST", "path": "/api/v1/post", "query": "", "ip": "::1", "user-agent": "Apifox/1.0.0 (https://apifox.com)", "errors": "", "cost": 0.0094122}
2026-05-19T19:36:38.917+0800	INFO	logger/logger.go:93	/api/v1/post	{"status": 200, "method": "POST", "path": "/api/v1/post", "query": "", "ip": "::1", "user-agent": "Apifox/1.0.0 (https://apifox.com)", "errors": "", "cost": 0.0176037}
2026-05-19T19:36:46.930+0800	INFO	logger/logger.go:93	/api/v1/post	{"status": 200, "method": "POST", "path": "/api/v1/post", "query": "", "ip": "::1", "user-agent": "Apifox/1.0.0 (https://apifox.com)", "errors": "", "cost": 0.0161573}
2026-05-19T19:38:11.587+0800	DEBUG	server/vote.go:13	VoteForPost	{"userID": 48994289488760832, "postID": "61418837634977792", "vote": -1}
2026-05-19T19:38:11.588+0800	INFO	logger/logger.go:93	/api/v1/vote	{"status": 200, "method": "POST", "path": "/api/v1/vote", "query": "", "ip": "::1", "user-agent": "Apifox/1.0.0 (https://apifox.com)", "errors": "", "cost": 0.0010392}
2026-05-19T19:38:20.663+0800	DEBUG	server/vote.go:13	VoteForPost	{"userID": 48994289488760832, "postID": "61418849186091008", "vote": -1}
2026-05-19T19:38:20.664+0800	INFO	logger/logger.go:93	/api/v1/vote	{"status": 200, "method": "POST", "path": "/api/v1/vote", "query": "", "ip": "::1", "user-agent": "Apifox/1.0.0 (https://apifox.com)", "errors": "", "cost": 0.0026509}
2026-05-19T19:38:26.228+0800	DEBUG	server/vote.go:13	VoteForPost	{"userID": 48994289488760832, "postID": "61418900193021952", "vote": 1}
2026-05-19T19:38:26.229+0800	INFO	logger/logger.go:93	/api/v1/vote	{"status": 200, "method": "POST", "path": "/api/v1/vote", "query": "", "ip": "::1", "user-agent": "Apifox/1.0.0 (https://apifox.com)", "errors": "", "cost": 0.0010345}
2026-05-19T19:38:26.902+0800	DEBUG	server/vote.go:13	VoteForPost	{"userID": 48994289488760832, "postID": "61418900193021952", "vote": 1}
2026-05-19T19:38:26.904+0800	INFO	logger/logger.go:93	/api/v1/vote	{"status": 200, "method": "POST", "path": "/api/v1/vote", "query": "", "ip": "::1", "user-agent": "Apifox/1.0.0 (https://apifox.com)", "errors": "", "cost": 0.0031191}
2026-05-19T19:39:15.613+0800	DEBUG	server/vote.go:13	VoteForPost	{"userID": 48994289488760832, "postID": "61418837634977792", "vote": 1}
2026-05-19T19:39:15.615+0800	INFO	logger/logger.go:93	/api/v1/vote	{"status": 200, "method": "POST", "path": "/api/v1/vote", "query": "", "ip": "::1", "user-agent": "Apifox/1.0.0 (https://apifox.com)", "errors": "", "cost": 0.0013361}
2026-05-19T19:40:03.921+0800	INFO	logger/logger.go:93	/api/v1/postList2	{"status": 200, "method": "GET", "path": "/api/v1/postList2", "query": "page=1&size=10&order=time", "ip": "::1", "user-agent": "Apifox/1.0.0 (https://apifox.com)", "errors": "", "cost": 0.0236442}
2026-05-19T19:40:52.176+0800	INFO	logger/logger.go:93	/api/v1/postList	{"status": 200, "method": "GET", "path": "/api/v1/postList", "query": "page=1&size=10", "ip": "::1", "user-agent": "Apifox/1.0.0 (https://apifox.com)", "errors": "", "cost": 0.004287}
2026-05-19T19:41:35.648+0800	INFO	backend/main.go:43	Shutdown server ...
2026-05-19T19:41:35.648+0800	INFO	backend/main.go:49	Server exiting
2026-05-19T19:41:39.644+0800	INFO	controller/init.go:26	===============================================
2026-05-19T19:41:39.663+0800	INFO	controller/init.go:27	logger init success...
2026-05-19T19:41:39.741+0800	INFO	controller/init.go:36	mysql init success...
2026-05-19T19:41:39.742+0800	INFO	controller/init.go:44	redis init success...
2026-05-19T19:41:39.742+0800	INFO	controller/init.go:51	snowflake init success...
2026-05-19T19:41:39.743+0800	INFO	controller/init.go:58	trans init success...
2026-05-19T19:41:43.704+0800	INFO	logger/logger.go:93	/api/v1/postList	{"status": 200, "method": "GET", "path": "/api/v1/postList", "query": "page=1&size=10", "ip": "::1", "user-agent": "Apifox/1.0.0 (https://apifox.com)", "errors": "", "cost": 0.0054004}
2026-05-19T19:41:54.943+0800	INFO	backend/main.go:43	Shutdown server ...
2026-05-19T19:41:54.943+0800	INFO	backend/main.go:49	Server exiting
